{"MRRm_new": 0.25767832304989424, "MRm_new": 385.98201165790556, "HITS@1m_new": 0.18012786638021935, "HITS@3m_new": 0.27706035592635164, "HITS@10m_new": 0.4144360059408471}