{"MRRm_new": 0.2802125955604752, "MRm_new": 527.2587237141579, "HITS@1m_new": 0.21983781210867892, "HITS@3m_new": 0.29766628828744796, "HITS@10m_new": 0.3952828211969827}