{"MRRm_new": 0.18573482089401805, "MRm_new": 465.6760147353172, "HITS@1m_new": 0.11217328790758038, "HITS@3m_new": 0.20539255763773107, "HITS@10m_new": 0.33022418649238533}