{"MRRm_new": 0.18603192890819045, "MRm_new": 446.1549726017475, "HITS@1m_new": 0.12374147393741296, "HITS@3m_new": 0.19750692782311235, "HITS@10m_new": 0.3084625598946819}