{"MRRm_new": 0.5097260774278229, "MRm_new": 188.8640119802654, "HITS@1m_new": 0.4022348368880594, "HITS@3m_new": 0.5700175592576888, "HITS@10m_new": 0.717848391223597}