{"MRRm_new": 0.23935942415406025, "MRm_new": 355.8364027760744, "HITS@1m_new": 0.1642236782608088, "HITS@3m_new": 0.2587313218499534, "HITS@10m_new": 0.3945456067261286}