{"MRRm_new": 0.5718074730569497, "MRm_new": 162.46073093859852, "HITS@1m_new": 0.4986395511712508, "HITS@3m_new": 0.6093107224463457, "HITS@10m_new": 0.7083815010536637}