{"MRRm_new": 0.23480208876463984, "MRm_new": 2956.1212802713217, "HITS@1m_new": 0.1717298335886735, "HITS@3m_new": 0.26249947072169016, "HITS@10m_new": 0.3613204840716862}