{"MRRm_new": 0.20111338380289998, "MRm_new": 463.1963891227171, "HITS@1m_new": 0.12884843883013672, "HITS@3m_new": 0.21873872443478468, "HITS@10m_new": 0.3453257522518579}