{"MRRm_new": 0.7078230330323814, "MRm_new": 157.48539975568653, "HITS@1m_new": 0.6469241212269553, "HITS@3m_new": 0.7425848078455419, "HITS@10m_new": 0.8215425788087596}