{"MRRm_new": 0.23333760076580512, "MRm_new": 242.3633160396576, "HITS@1m_new": 0.15462047566580586, "HITS@3m_new": 0.24947207514843903, "HITS@10m_new": 0.3889902894305065}