{"MRRm_new": 0.0972191069503373, "MRm_new": 708.7640753098965, "HITS@1m_new": 0.053776911188662055, "HITS@3m_new": 0.09824336136860075, "HITS@10m_new": 0.17969184883814304}