{"MRRm_new": 0.17929831659636547, "MRm_new": 175.429296419549, "HITS@1m_new": 0.10467478174851276, "HITS@3m_new": 0.19192496749204582, "HITS@10m_new": 0.32969106663484127}