{"MRRm_new": 0.5524387808922111, "MRm_new": 173.72865207029133, "HITS@1m_new": 0.4852675673471094, "HITS@3m_new": 0.5838239856819346, "HITS@10m_new": 0.6794752624423709}