{"MRRm_new": 0.10591484767380753, "MRm_new": 3744.708095798278, "HITS@1m_new": 0.06166559434863739, "HITS@3m_new": 0.11199620185149833, "HITS@10m_new": 0.19464819285999985}