{"MRRm_new": 0.25472995359730294, "MRm_new": 743.1829229600429, "HITS@1m_new": 0.1460436536319321, "HITS@3m_new": 0.29333329282829074, "HITS@10m_new": 0.4734618043671362}