{"MRRm_new": 0.14281818953402853, "MRm_new": 4114.474890694529, "HITS@1m_new": 0.09388567800303281, "HITS@3m_new": 0.14658420693024526, "HITS@10m_new": 0.23583793838233397}