{"MRRm_new": 0.2431151451265221, "MRm_new": 339.5263313509703, "HITS@1m_new": 0.16628748807616067, "HITS@3m_new": 0.2584424216224812, "HITS@10m_new": 0.3978871399804018}