{"MRRm_new": 0.23545845187804115, "MRm_new": 3044.666331019089, "HITS@1m_new": 0.17306871179657174, "HITS@3m_new": 0.26192537153860757, "HITS@10m_new": 0.36057114654903855}