{"MRRm_new": 0.4399017835188233, "MRm_new": 184.73012306916715, "HITS@1m_new": 0.32371451403339235, "HITS@3m_new": 0.4930289781535976, "HITS@10m_new": 0.6798270614541543}