{"MRRm_new": 0.12074213272415218, "MRm_new": 449.00375352699757, "HITS@1m_new": 0.06565159135331633, "HITS@3m_new": 0.12783621453286614, "HITS@10m_new": 0.22814191395477393}