{"MRRm_new": 0.17377737780756433, "MRm_new": 549.1585451479926, "HITS@1m_new": 0.10670821988317766, "HITS@3m_new": 0.18847690583250368, "HITS@10m_new": 0.3088314238854837}