{"MRRm_new": 0.1172680376327291, "MRm_new": 510.8262815671444, "HITS@1m_new": 0.06432070101569407, "HITS@3m_new": 0.12049497982873582, "HITS@10m_new": 0.22044502169787883}