{"MRRm_new": 0.6789986854404678, "MRm_new": 184.85571018458157, "HITS@1m_new": 0.6236394510672216, "HITS@3m_new": 0.7088944753873512, "HITS@10m_new": 0.7830087107333092}