{"MRRm_new": 0.3205139787321132, "MRm_new": 3234.7060116712673, "HITS@1m_new": 0.2821592620915471, "HITS@3m_new": 0.33665324429915927, "HITS@10m_new": 0.39460704738188723}