{"MRRm_new": 0.2390692026527191, "MRm_new": 433.9630253852129, "HITS@1m_new": 0.1642739240212366, "HITS@3m_new": 0.25934849960217254, "HITS@10m_new": 0.3896473417731933}