{"MRRm_new": 0.43678937137758567, "MRm_new": 252.25165509200096, "HITS@1m_new": 0.34310968802748537, "HITS@3m_new": 0.4795419829295497, "HITS@10m_new": 0.6165712573230412}