{"MRRm_new": 0.301864053966839, "MRm_new": 2441.3582591108084, "HITS@1m_new": 0.22107043641083873, "HITS@3m_new": 0.33537592977005987, "HITS@10m_new": 0.4652353710611351}