{"MRRm_new": 0.5110668335605724, "MRm_new": 174.4286588166207, "HITS@1m_new": 0.4018258193906986, "HITS@3m_new": 0.5731298992593911, "HITS@10m_new": 0.7217964098666197}