{"MRRm_new": 0.5146346152148826, "MRm_new": 261.5517682171687, "HITS@1m_new": 0.45143618669774876, "HITS@3m_new": 0.539117747823122, "HITS@10m_new": 0.6376118670728538}