{"MRRm_new": 0.23091397591852583, "MRm_new": 429.9226128514767, "HITS@1m_new": 0.15532692399361403, "HITS@3m_new": 0.24740714629488067, "HITS@10m_new": 0.38338966328091917}