{"MRRm_new": 0.41409734991896946, "MRm_new": 199.1971623243615, "HITS@1m_new": 0.345265022030173, "HITS@3m_new": 0.44326413242965645, "HITS@10m_new": 0.5422912840098288}