{"MRRm_new": 0.406669101301467, "MRm_new": 219.08336676210166, "HITS@1m_new": 0.2944832029985155, "HITS@3m_new": 0.45651629967476764, "HITS@10m_new": 0.6377494894126139}