{"MRRm_new": 0.13169292586854317, "MRm_new": 15768.959411501884, "HITS@1m_new": 0.0870302034432534, "HITS@3m_new": 0.14521883706259542, "HITS@10m_new": 0.22307441386696883}