{"MRRm_new": 0.22190465027453318, "MRm_new": 261.2021268665552, "HITS@1m_new": 0.14077664735363796, "HITS@3m_new": 0.23467734707733617, "HITS@10m_new": 0.3868619256745093}