{"MRRm_new": 0.25666972565207563, "MRm_new": 376.68812260091306, "HITS@1m_new": 0.1781782286529633, "HITS@3m_new": 0.2873177323205309, "HITS@10m_new": 0.40358335710375104}