{"MRRm_new": 0.19874532240347526, "MRm_new": 1662.0787516872585, "HITS@1m_new": 0.13079985393240348, "HITS@3m_new": 0.20933170798458742, "HITS@10m_new": 0.33178819463046966}