{"MRRm_new": 0.3046539521714003, "MRm_new": 2164.3739351403715, "HITS@1m_new": 0.22502224809699692, "HITS@3m_new": 0.3300874418992316, "HITS@10m_new": 0.4671519820749527}