{"MRRm_new": 0.0984103955043567, "MRm_new": 647.2833751847983, "HITS@1m_new": 0.05685662288527237, "HITS@3m_new": 0.09840136399924522, "HITS@10m_new": 0.17999965761985515}