{"MRRm_new": 0.2600449709556342, "MRm_new": 346.09168715360164, "HITS@1m_new": 0.1800869055104442, "HITS@3m_new": 0.2808548027884681, "HITS@10m_new": 0.4210832565994002}