{"MRRm_new": 0.19492422495841602, "MRm_new": 395.78780042226316, "HITS@1m_new": 0.12914964375660057, "HITS@3m_new": 0.20988538997783326, "HITS@10m_new": 0.3209662391694728}