{"MRRm_new": 0.40737803135617284, "MRm_new": 151.80090527568757, "HITS@1m_new": 0.3046273456933195, "HITS@3m_new": 0.45128651230623656, "HITS@10m_new": 0.6086043045589759}