{"MRRm_new": 0.43272667317739705, "MRm_new": 244.97019478720426, "HITS@1m_new": 0.34171139074041273, "HITS@3m_new": 0.47154078359898993, "HITS@10m_new": 0.6105387065678515}