{"MRRm_new": 0.1479220316216015, "MRm_new": 3406.7734648548662, "HITS@1m_new": 0.09810886294499506, "HITS@3m_new": 0.15146487998972588, "HITS@10m_new": 0.243327540436032}