{"MRRm_new": 0.5137738847532901, "MRm_new": 169.87774420633912, "HITS@1m_new": 0.4461333586009569, "HITS@3m_new": 0.5474859139161418, "HITS@10m_new": 0.6390752478248906}