{"MRRm_new": 0.23250566788528085, "MRm_new": 245.6897718576193, "HITS@1m_new": 0.1544904764659237, "HITS@3m_new": 0.24784920692103915, "HITS@10m_new": 0.38657717690374704}