{"MRRm_new": 0.2124706070052125, "MRm_new": 311.41939775972367, "HITS@1m_new": 0.13281307250944666, "HITS@3m_new": 0.22956704972278094, "HITS@10m_new": 0.3731809616650571}