{"MRRm_new": 0.19557498391119735, "MRm_new": 406.8795487421751, "HITS@1m_new": 0.12986894685678416, "HITS@3m_new": 0.21080994636523537, "HITS@10m_new": 0.3204886907430831}