{"MRRm_new": 0.19329572802365727, "MRm_new": 452.4515238144398, "HITS@1m_new": 0.129998804467381, "HITS@3m_new": 0.20774957122630439, "HITS@10m_new": 0.3162698970883852}