{"MRRm_new": 0.5807546602096545, "MRm_new": 155.40714759550988, "HITS@1m_new": 0.5081151789857286, "HITS@3m_new": 0.6182880803005537, "HITS@10m_new": 0.714879026409617}