{"MRRm_new": 0.2550856857024851, "MRm_new": 5483.125933413506, "HITS@1m_new": 0.1755391106280731, "HITS@3m_new": 0.2765013087328407, "HITS@10m_new": 0.41741926933283685}