{"MRRm_new": 0.23306115208689007, "MRm_new": 244.7364295359373, "HITS@1m_new": 0.15502928599040025, "HITS@3m_new": 0.24875000056899152, "HITS@10m_new": 0.3866487207798287}