{"MRRm_new": 0.41556065454954116, "MRm_new": 290.79629161289336, "HITS@1m_new": 0.34808679977040086, "HITS@3m_new": 0.4468012693060009, "HITS@10m_new": 0.5357966081076447}