{"MRRm_new": 0.5196766808988487, "MRm_new": 157.88161154198647, "HITS@1m_new": 0.4079751747818955, "HITS@3m_new": 0.5796916185135523, "HITS@10m_new": 0.7395868900505739}