{"MRRm_new": 0.24488093775716924, "MRm_new": 4434.720247260332, "HITS@1m_new": 0.1686921101204789, "HITS@3m_new": 0.26703563871867664, "HITS@10m_new": 0.39371090889448535}