{"MRRm_new": 0.31774159177543243, "MRm_new": 1992.727122867316, "HITS@1m_new": 0.23746764678071486, "HITS@3m_new": 0.3472746220389381, "HITS@10m_new": 0.4752488563535735}