{"MRRm_new": 0.3013961930621458, "MRm_new": 403.10836755290626, "HITS@1m_new": 0.1972775191613473, "HITS@3m_new": 0.34070599962747655, "HITS@10m_new": 0.5045337152839638}