{"MRRm_new": 0.40289307082342657, "MRm_new": 160.81396385259927, "HITS@1m_new": 0.300680495493456, "HITS@3m_new": 0.44557651942277154, "HITS@10m_new": 0.6032589262526599}