{"MRRm_new": 0.19287692596070555, "MRm_new": 433.33474599869254, "HITS@1m_new": 0.12841602703608807, "HITS@3m_new": 0.20821082423254847, "HITS@10m_new": 0.31664149396957364}