{"MRRm_new": 0.18138230900375055, "MRm_new": 453.5124775789261, "HITS@1m_new": 0.10533267492297455, "HITS@3m_new": 0.19756520630052546, "HITS@10m_new": 0.32972085344735536}