{"MRRm_new": 0.4050698367166706, "MRm_new": 350.23691310565175, "HITS@1m_new": 0.33628554115255976, "HITS@3m_new": 0.4351706635673763, "HITS@10m_new": 0.5319820515470638}