{"MRRm_new": 0.21422677836657522, "MRm_new": 1344.2951699658931, "HITS@1m_new": 0.14584075467434013, "HITS@3m_new": 0.22761656656017293, "HITS@10m_new": 0.34791077207407217}