{"MRRm_new": 0.17594789628370783, "MRm_new": 340.04941204791066, "HITS@1m_new": 0.10426808169105206, "HITS@3m_new": 0.18985737930807517, "HITS@10m_new": 0.31577615829221906}