{"MRRm_new": 0.4215400997584093, "MRm_new": 309.87350715001674, "HITS@1m_new": 0.3489282892134179, "HITS@3m_new": 0.450314721331677, "HITS@10m_new": 0.5575555499321927}