{"MRRm_new": 0.16705347789713706, "MRm_new": 391.4998989541292, "HITS@1m_new": 0.09401575936159352, "HITS@3m_new": 0.18075483832601458, "HITS@10m_new": 0.3108839129386004}