{"MRRm_new": 0.1337336039780989, "MRm_new": 15035.004337905288, "HITS@1m_new": 0.09199379342002795, "HITS@3m_new": 0.1479300513988128, "HITS@10m_new": 0.2185231931671733}