{"MRRm_new": 0.13627414727228734, "MRm_new": 651.5280394433364, "HITS@1m_new": 0.07584308741386121, "HITS@3m_new": 0.1441177778749843, "HITS@10m_new": 0.25968028223166767}