{"MRRm_new": 0.40785568316595616, "MRm_new": 273.71660663153233, "HITS@1m_new": 0.31709774760867004, "HITS@3m_new": 0.4458356138299605, "HITS@10m_new": 0.5866007454446808}