{"MRRm_new": 0.397566682971079, "MRm_new": 177.81965905286373, "HITS@1m_new": 0.2961441772630133, "HITS@3m_new": 0.44020083080862243, "HITS@10m_new": 0.5965076612193079}