{"MRRm_new": 0.1433335186949357, "MRm_new": 3646.504842859745, "HITS@1m_new": 0.09174162841116777, "HITS@3m_new": 0.15049313578636794, "HITS@10m_new": 0.24370675728155766}