{"MRRm_new": 0.12744270787275747, "MRm_new": 431.8532708208799, "HITS@1m_new": 0.07283848296406213, "HITS@3m_new": 0.1322794914419763, "HITS@10m_new": 0.2339081900865771}