{"MRRm_new": 0.2544909373285591, "MRm_new": 384.28181636177004, "HITS@1m_new": 0.17615402911689307, "HITS@3m_new": 0.28500546072715954, "HITS@10m_new": 0.4015000045598717}