{"MRRm_new": 0.33159585116912693, "MRm_new": 2912.910936119184, "HITS@1m_new": 0.2931580221896002, "HITS@3m_new": 0.34844689296345316, "HITS@10m_new": 0.4017959267866099}