{"MRRm_new": 0.15490440038357045, "MRm_new": 273.09264034826754, "HITS@1m_new": 0.08784342983132229, "HITS@3m_new": 0.16320990781653671, "HITS@10m_new": 0.2962664726903662}