{"MRRm_new": 0.3845414280558507, "MRm_new": 310.37805695512145, "HITS@1m_new": 0.31852096925622025, "HITS@3m_new": 0.41072597163220054, "HITS@10m_new": 0.5052267310034804}