{"MRRm_new": 0.2418915920164727, "MRm_new": 3560.0921918067484, "HITS@1m_new": 0.1798272306959916, "HITS@3m_new": 0.26932432303356474, "HITS@10m_new": 0.36317318209586663}