{"MRRm_new": 0.2922886313385347, "MRm_new": 2380.783265133351, "HITS@1m_new": 0.21343477762141266, "HITS@3m_new": 0.3146013130141655, "HITS@10m_new": 0.45231076296279205}