{"MRRm_new": 0.23056642837095861, "MRm_new": 432.57172296295164, "HITS@1m_new": 0.15532481943109305, "HITS@3m_new": 0.24697717022439464, "HITS@10m_new": 0.38381823070123794}