{"MRRm_new": 0.2554243051499565, "MRm_new": 297.962427194047, "HITS@1m_new": 0.174819422540511, "HITS@3m_new": 0.27747638554126025, "HITS@10m_new": 0.41512780556567014}