{"MRRm_new": 0.25306632697149917, "MRm_new": 2257.7283067433236, "HITS@1m_new": 0.1859000306786038, "HITS@3m_new": 0.27367706784827167, "HITS@10m_new": 0.3798963986588642}