{"MRRm_new": 0.6064726510087867, "MRm_new": 199.18489807496965, "HITS@1m_new": 0.5361223163182294, "HITS@3m_new": 0.6391141649027049, "HITS@10m_new": 0.7424219209652801}