{"MRRm_new": 0.280973441713234, "MRm_new": 485.93140235371885, "HITS@1m_new": 0.22245044626771052, "HITS@3m_new": 0.2977532318718877, "HITS@10m_new": 0.39022355285653976}