{"MRRm_new": 0.42412891668186603, "MRm_new": 307.30332267253846, "HITS@1m_new": 0.35136491955066956, "HITS@3m_new": 0.4531767561617089, "HITS@10m_new": 0.5607661760552582}