{"MRRm_new": 0.19459685929399564, "MRm_new": 407.34285619220736, "HITS@1m_new": 0.12884146477027097, "HITS@3m_new": 0.20932128175585532, "HITS@10m_new": 0.32077748772506604}