{"MRRm_new": 0.13626902307083627, "MRm_new": 4142.290966647625, "HITS@1m_new": 0.08764488330302993, "HITS@3m_new": 0.14129343546167367, "HITS@10m_new": 0.2279314741110138}