{"MRRm_new": 0.2510776885500585, "MRm_new": 344.5034851871729, "HITS@1m_new": 0.17505606131373205, "HITS@3m_new": 0.2689472290708218, "HITS@10m_new": 0.4065110734199174}