{"MRRm_new": 0.17242102737612186, "MRm_new": 550.88913169647, "HITS@1m_new": 0.10315817910137412, "HITS@3m_new": 0.18756072202997165, "HITS@10m_new": 0.31073715807335245}