{"MRRm_new": 0.09776710773186059, "MRm_new": 468.7515165897846, "HITS@1m_new": 0.04755873736923095, "HITS@3m_new": 0.09985349201685749, "HITS@10m_new": 0.1933900743622333}