{"MRRm_new": 0.2216716192165084, "MRm_new": 280.47431882362366, "HITS@1m_new": 0.14189390164199286, "HITS@3m_new": 0.23397249073358253, "HITS@10m_new": 0.38045644346550106}