{"MRRm_new": 0.25886573293111176, "MRm_new": 349.51367945177856, "HITS@1m_new": 0.1761927480837767, "HITS@3m_new": 0.2930941361675068, "HITS@10m_new": 0.41364330364597846}