{"MRRm_new": 0.41400129886855846, "MRm_new": 196.98948880544305, "HITS@1m_new": 0.29935230901661636, "HITS@3m_new": 0.46434278607573654, "HITS@10m_new": 0.6489084669479344}