{"MRRm_new": 0.2397362297156913, "MRm_new": 354.37042236738205, "HITS@1m_new": 0.16411078308797442, "HITS@3m_new": 0.25963050657743586, "HITS@10m_new": 0.39612783337673174}