{"MRRm_new": 0.08615067862583528, "MRm_new": 647.1932989073991, "HITS@1m_new": 0.044984596739377596, "HITS@3m_new": 0.0850432650158531, "HITS@10m_new": 0.16635798872513696}