{"MRRm_new": 0.16059861056548397, "MRm_new": 203.45516866664886, "HITS@1m_new": 0.0930146223151125, "HITS@3m_new": 0.16663400660390035, "HITS@10m_new": 0.30109138225531207}