{"MRRm_new": 0.2981267901394258, "MRm_new": 2423.043210682541, "HITS@1m_new": 0.2197405799499247, "HITS@3m_new": 0.32252813168859573, "HITS@10m_new": 0.46071312731702346}