{"MRRm_new": 0.2574594062122769, "MRm_new": 666.9431753490269, "HITS@1m_new": 0.19814023799355346, "HITS@3m_new": 0.27459802139483147, "HITS@10m_new": 0.37147490415411083}