{"MRRm_new": 0.12685200328845386, "MRm_new": 314.78698109352587, "HITS@1m_new": 0.06585645425959956, "HITS@3m_new": 0.13432219474972226, "HITS@10m_new": 0.2450036424526945}