{"MRRm_new": 0.19835364153159027, "MRm_new": 478.0113409599438, "HITS@1m_new": 0.129929390883015, "HITS@3m_new": 0.21324889734413227, "HITS@10m_new": 0.3348747481748578}