{"MRRm_new": 0.10811792038831627, "MRm_new": 3665.60937979784, "HITS@1m_new": 0.06340834214002826, "HITS@3m_new": 0.11147753570047207, "HITS@10m_new": 0.2027894666862674}