{"MRRm_new": 0.2451753358847909, "MRm_new": 1045.0467356542647, "HITS@1m_new": 0.17001068089756882, "HITS@3m_new": 0.2650829386090627, "HITS@10m_new": 0.388648656475998}