{"MRRm_new": 0.4077672337280619, "MRm_new": 328.8983249253035, "HITS@1m_new": 0.3361579783412999, "HITS@3m_new": 0.43620246674134977, "HITS@10m_new": 0.5401592431450263}