{"MRRm_new": 0.41742507064187157, "MRm_new": 257.8388180124536, "HITS@1m_new": 0.35105133951040624, "HITS@3m_new": 0.44543846374290297, "HITS@10m_new": 0.5392802200377046}