{"MRRm_new": 0.18548997308044055, "MRm_new": 431.59982369258404, "HITS@1m_new": 0.12273503669072525, "HITS@3m_new": 0.1974263609591173, "HITS@10m_new": 0.30836900403893086}