{"MRRm_new": 0.20015826942287868, "MRm_new": 1756.363829643905, "HITS@1m_new": 0.12901052431046264, "HITS@3m_new": 0.21550037119194168, "HITS@10m_new": 0.3379025480987621}