{"MRRm_new": 0.3437024987473924, "MRm_new": 444.48029124762866, "HITS@1m_new": 0.27697277185375424, "HITS@3m_new": 0.3711540295482555, "HITS@10m_new": 0.4661852664500184}