{"MRRm_new": 0.40914731900335755, "MRm_new": 340.8604029646963, "HITS@1m_new": 0.3401715504977401, "HITS@3m_new": 0.43948556428670416, "HITS@10m_new": 0.5357949148986664}