{"MRRm_new": 0.11053656461548962, "MRm_new": 3562.6967943962572, "HITS@1m_new": 0.06849307741853408, "HITS@3m_new": 0.1171747836817056, "HITS@10m_new": 0.1945537438276224}