{"MRRm_new": 0.08643266384026065, "MRm_new": 600.1800721237421, "HITS@1m_new": 0.04573819635133259, "HITS@3m_new": 0.08518242582652019, "HITS@10m_new": 0.1636786142718978}