{"MRRm_new": 0.317205065461656, "MRm_new": 1978.7859134901464, "HITS@1m_new": 0.23395573362987487, "HITS@3m_new": 0.3507359652919695, "HITS@10m_new": 0.4925473094074987}