{"MRRm_new": 0.1265389753462863, "MRm_new": 314.9950420932054, "HITS@1m_new": 0.06572876684113871, "HITS@3m_new": 0.13375816977513022, "HITS@10m_new": 0.2445442337793298}