{"MRRm_new": 0.19250819803596242, "MRm_new": 282.5056335039377, "HITS@1m_new": 0.12257053087871173, "HITS@3m_new": 0.19827995113994112, "HITS@10m_new": 0.338177216744842}