{"MRRm_new": 0.11013150503250944, "MRm_new": 422.06722929310797, "HITS@1m_new": 0.056244263471150774, "HITS@3m_new": 0.11420739910509438, "HITS@10m_new": 0.213529653736623}