{"MRRm_new": 0.24032893232484348, "MRm_new": 427.6220391343355, "HITS@1m_new": 0.16607966011723038, "HITS@3m_new": 0.2552437643649988, "HITS@10m_new": 0.39052720109475775}