{"MRRm_new": 0.5532154244048797, "MRm_new": 192.024707539998, "HITS@1m_new": 0.48236475810655977, "HITS@3m_new": 0.5877151802401349, "HITS@10m_new": 0.6857008465785184}