{"MRRm_new": 0.10418728152779949, "MRm_new": 3677.863715534854, "HITS@1m_new": 0.05923147098440677, "HITS@3m_new": 0.10973377450560219, "HITS@10m_new": 0.1971729739795439}