{"MRRm_new": 0.10483404673736513, "MRm_new": 3667.474740328741, "HITS@1m_new": 0.05982928754668683, "HITS@3m_new": 0.11061842322614976, "HITS@10m_new": 0.19803638625936582}