{"MRRm_new": 0.0997329403883079, "MRm_new": 3628.2061403610946, "HITS@1m_new": 0.058027918207738546, "HITS@3m_new": 0.10436978820911609, "HITS@10m_new": 0.1904738622639328}