{"MRRm_new": 0.09460958478869289, "MRm_new": 508.9519003149986, "HITS@1m_new": 0.04354298199365148, "HITS@3m_new": 0.10141663269933779, "HITS@10m_new": 0.1909929944177158}