{"MRRm_new": 0.2386452808202289, "MRm_new": 1113.7290750103891, "HITS@1m_new": 0.1653821323563461, "HITS@3m_new": 0.2565585567091475, "HITS@10m_new": 0.3788388974047848}