{"MRRm_new": 0.13937556599182016, "MRm_new": 3673.700916798502, "HITS@1m_new": 0.09041656433022581, "HITS@3m_new": 0.14579733552434482, "HITS@10m_new": 0.2373566889391659}