{"MRRm_new": 0.25292228196696376, "MRm_new": 337.3727301146269, "HITS@1m_new": 0.1771228063742281, "HITS@3m_new": 0.2705923281486612, "HITS@10m_new": 0.4093321510824375}