{"MRRm_new": 0.5186951508831161, "MRm_new": 176.99659220451116, "HITS@1m_new": 0.4102387401321503, "HITS@3m_new": 0.5787096163628339, "HITS@10m_new": 0.7304274731212208}