{"MRRm_new": 0.252070127517115, "MRm_new": 2402.471461267501, "HITS@1m_new": 0.18512253885006066, "HITS@3m_new": 0.2726781506893458, "HITS@10m_new": 0.3793409113181988}