{"MRRm_new": 0.2507564300404115, "MRm_new": 3590.568318225741, "HITS@1m_new": 0.17375979158771224, "HITS@3m_new": 0.2717496925459709, "HITS@10m_new": 0.40548369846772403}