{"MRRm_new": 0.3064296788135016, "MRm_new": 2164.5449831718206, "HITS@1m_new": 0.22487014627741883, "HITS@3m_new": 0.3340667273743311, "HITS@10m_new": 0.47504038540093463}