{"MRRm_new": 0.398630815847906, "MRm_new": 263.66833385469766, "HITS@1m_new": 0.30898660143848244, "HITS@3m_new": 0.435402117079997, "HITS@10m_new": 0.5773692734251236}