{"MRRm_new": 0.32475921078543435, "MRm_new": 2954.5269608948975, "HITS@1m_new": 0.28627793394384204, "HITS@3m_new": 0.34237959636597953, "HITS@10m_new": 0.3946472705295018}