{"MRRm_new": 0.2708728724547564, "MRm_new": 2299.3576162801833, "HITS@1m_new": 0.22289717383051175, "HITS@3m_new": 0.2894935008461798, "HITS@10m_new": 0.3640418032222951}