{"MRRm_new": 0.09978050281347095, "MRm_new": 478.5047997652054, "HITS@1m_new": 0.05010168151605176, "HITS@3m_new": 0.10185164357016328, "HITS@10m_new": 0.19355574385863727}