{"MRRm_new": 0.24836817784050255, "MRm_new": 384.37318922638894, "HITS@1m_new": 0.1676950173574005, "HITS@3m_new": 0.2811722111434647, "HITS@10m_new": 0.39948368192539785}