{"MRRm_new": 0.21541812121207296, "MRm_new": 3461.710073870748, "HITS@1m_new": 0.1573293981928, "HITS@3m_new": 0.2398911788360856, "HITS@10m_new": 0.32871131469882675}