{"MRRm_new": 0.31719083120239155, "MRm_new": 1971.0249148644507, "HITS@1m_new": 0.2339018375268206, "HITS@3m_new": 0.35090301075112074, "HITS@10m_new": 0.4925725267934613}