{"MRRm_new": 0.1832922527313149, "MRm_new": 728.3299311904087, "HITS@1m_new": 0.11941877457930969, "HITS@3m_new": 0.19900041378133757, "HITS@10m_new": 0.3076563413964541}