{"MRRm_new": 0.2706430012737774, "MRm_new": 2299.3106911659243, "HITS@1m_new": 0.22232356628225533, "HITS@3m_new": 0.28999423213696357, "HITS@10m_new": 0.36439995734291736}