{"MRRm_new": 0.29439516364588597, "MRm_new": 2184.748129380673, "HITS@1m_new": 0.21749106883967761, "HITS@3m_new": 0.31912268919532655, "HITS@10m_new": 0.4524161793808453}