{"MRRm_new": 0.25248589029269897, "MRm_new": 2334.534324663103, "HITS@1m_new": 0.18569965733110438, "HITS@3m_new": 0.2725344919863856, "HITS@10m_new": 0.37855464456661136}