{"MRRm_new": 0.0993381311404286, "MRm_new": 476.76913487505914, "HITS@1m_new": 0.047120268465497064, "HITS@3m_new": 0.10454621371771208, "HITS@10m_new": 0.19942110118186102}