{"MRRm_new": 0.24623160457380872, "MRm_new": 429.8270287917137, "HITS@1m_new": 0.17165695016067475, "HITS@3m_new": 0.26480222680186855, "HITS@10m_new": 0.3967651568138041}