{"MRRm_new": 0.34336741980377156, "MRm_new": 418.91611826767775, "HITS@1m_new": 0.27738781002957696, "HITS@3m_new": 0.3693034950492511, "HITS@10m_new": 0.4614848456532127}