{"MRRm_new": 0.39338798017823867, "MRm_new": 342.2678090747893, "HITS@1m_new": 0.32329550630519954, "HITS@3m_new": 0.4186386689278006, "HITS@10m_new": 0.5286032665923777}