{"MRRm_new": 0.3070993294721011, "MRm_new": 2141.5773691683708, "HITS@1m_new": 0.22542278328636894, "HITS@3m_new": 0.33778715678921434, "HITS@10m_new": 0.47215336939884583}