{"MRRm_new": 0.3244960138305983, "MRm_new": 2079.5581490946115, "HITS@1m_new": 0.24578209331969264, "HITS@3m_new": 0.3542063947911374, "HITS@10m_new": 0.47503309926041404}