{"MRRm_new": 0.1405418881181845, "MRm_new": 16321.374910493374, "HITS@1m_new": 0.0934716766278143, "HITS@3m_new": 0.15611487211700295, "HITS@10m_new": 0.23748262361908565}