{"MRRm_new": 0.2575657442055555, "MRm_new": 335.8417334752321, "HITS@1m_new": 0.1814324420772493, "HITS@3m_new": 0.273718953483738, "HITS@10m_new": 0.41412245123684405}