{"MRRm_new": 0.22998023065952294, "MRm_new": 443.4817740853071, "HITS@1m_new": 0.15502814569595502, "HITS@3m_new": 0.24652718452075495, "HITS@10m_new": 0.3829533693712205}