{"MRRm_new": 0.09631629977644333, "MRm_new": 493.47351261084077, "HITS@1m_new": 0.04573300993660232, "HITS@3m_new": 0.1005394461905118, "HITS@10m_new": 0.1926119976799935}