{"MRRm_new": 0.12073451653435185, "MRm_new": 449.00366731255053, "HITS@1m_new": 0.06566977317204001, "HITS@3m_new": 0.12764954786540475, "HITS@10m_new": 0.22814191395477393}