{"MRRm_new": 0.5894927527775117, "MRm_new": 133.76932517080755, "HITS@1m_new": 0.5188083004579276, "HITS@3m_new": 0.6250951681061997, "HITS@10m_new": 0.7211287233514595}