{"MRRm_new": 0.18923517294336925, "MRm_new": 179.6464905295372, "HITS@1m_new": 0.10696907638702542, "HITS@3m_new": 0.2064960611410439, "HITS@10m_new": 0.35933904490210117}