{"MRRm_new": 0.3129511030214994, "MRm_new": 2012.183009720862, "HITS@1m_new": 0.23321071902825496, "HITS@3m_new": 0.34230011311126873, "HITS@10m_new": 0.4757557815031614}