{"MRRm_new": 0.1285424835294034, "MRm_new": 14477.636421382516, "HITS@1m_new": 0.08255565030849539, "HITS@3m_new": 0.14411509375390597, "HITS@10m_new": 0.21755566583876498}