{"MRRm_new": 0.20797754140055166, "MRm_new": 2338.9803365593107, "HITS@1m_new": 0.1407963494076248, "HITS@3m_new": 0.237616415553508, "HITS@10m_new": 0.34136410103185333}