{"MRRm_new": 0.3185303000505801, "MRm_new": 370.5400615163371, "HITS@1m_new": 0.2342213084273062, "HITS@3m_new": 0.3494790621185384, "HITS@10m_new": 0.4861945527242642}