{"MRRm_new": 0.19779852180373855, "MRm_new": 299.7014710998058, "HITS@1m_new": 0.13001574134558905, "HITS@3m_new": 0.2000574675821699, "HITS@10m_new": 0.3329736907046172}