{"MRRm_new": 0.1147757062074772, "MRm_new": 3564.060843632364, "HITS@1m_new": 0.07369927536286414, "HITS@3m_new": 0.12047517186901532, "HITS@10m_new": 0.19984205354545265}