{"MRRm_new": 0.13559837704328967, "MRm_new": 273.0472542747498, "HITS@1m_new": 0.07444453487640712, "HITS@3m_new": 0.14109736724866087, "HITS@10m_new": 0.2553225554324687}