{"MRRm_new": 0.3633727706992777, "MRm_new": 148.97201945218444, "HITS@1m_new": 0.27857523693196706, "HITS@3m_new": 0.3977618114119978, "HITS@10m_new": 0.5221761480286368}