{"MRRm_new": 0.30650067164070605, "MRm_new": 263.75646505641936, "HITS@1m_new": 0.22145828293156955, "HITS@3m_new": 0.34058161555195693, "HITS@10m_new": 0.4683173603069445}