{"MRRm_new": 0.18512439211199525, "MRm_new": 436.6476862403393, "HITS@1m_new": 0.12220027786545107, "HITS@3m_new": 0.1976451028914191, "HITS@10m_new": 0.30709444604630115}