{"MRRm_new": 0.20532206155797939, "MRm_new": 1208.1970927938223, "HITS@1m_new": 0.13695911134796915, "HITS@3m_new": 0.21793971393618267, "HITS@10m_new": 0.3395829875752097}