{"MRRm_new": 0.5096751851273084, "MRm_new": 192.31393410621584, "HITS@1m_new": 0.40373664367992385, "HITS@3m_new": 0.5676787066679863, "HITS@10m_new": 0.7168390469698497}