{"MRRm_new": 0.6941947615065528, "MRm_new": 174.26141638673096, "HITS@1m_new": 0.6372696692664431, "HITS@3m_new": 0.7261461641038186, "HITS@10m_new": 0.8007561762166879}