{"MRRm_new": 0.2511090724130336, "MRm_new": 344.502435274148, "HITS@1m_new": 0.17505731131552021, "HITS@3m_new": 0.2689472290708218, "HITS@10m_new": 0.40671107341991736}