{"MRRm_new": 0.25086522649333054, "MRm_new": 273.2058711029768, "HITS@1m_new": 0.1734846128208097, "HITS@3m_new": 0.2718612360798754, "HITS@10m_new": 0.4081865521722473}