{"MRRm_new": 0.3138308716066258, "MRm_new": 2033.6033594816327, "HITS@1m_new": 0.23853332370100544, "HITS@3m_new": 0.3362072635067161, "HITS@10m_new": 0.46630471882387065}