{"MRRm_new": 0.5932559951386038, "MRm_new": 110.89108040281386, "HITS@1m_new": 0.5189355744620844, "HITS@3m_new": 0.6299866004984797, "HITS@10m_new": 0.7302823507862631}