{"MRRm_new": 0.29284105175159036, "MRm_new": 1863.2063043512105, "HITS@1m_new": 0.2148027300842805, "HITS@3m_new": 0.3174280755388318, "HITS@10m_new": 0.44836884309723973}