{"MRRm_new": 0.24467539856204676, "MRm_new": 369.54135086131095, "HITS@1m_new": 0.1663593817588291, "HITS@3m_new": 0.26572576701184736, "HITS@10m_new": 0.3999212938441895}