{"MRRm_new": 0.23288417408443784, "MRm_new": 264.94419167382716, "HITS@1m_new": 0.15032662509442307, "HITS@3m_new": 0.24866252558762209, "HITS@10m_new": 0.392893082176568}