{"MRRm_new": 0.19421775071026787, "MRm_new": 391.4761638507128, "HITS@1m_new": 0.128264895402838, "HITS@3m_new": 0.20948959568715655, "HITS@10m_new": 0.32089166657305324}