{"MRRm_new": 0.13369088381880573, "MRm_new": 312.32665027656554, "HITS@1m_new": 0.07020463305481243, "HITS@3m_new": 0.1422966539272573, "HITS@10m_new": 0.2576078675705474}