{"MRRm_new": 0.2698055921125433, "MRm_new": 2512.8533970881404, "HITS@1m_new": 0.20158636197615123, "HITS@3m_new": 0.2929987196203001, "HITS@10m_new": 0.3991160103198781}