{"MRRm_new": 0.13573687820324948, "MRm_new": 4173.224534210891, "HITS@1m_new": 0.08712396221638483, "HITS@3m_new": 0.1409961572444736, "HITS@10m_new": 0.2274570062738494}