{"MRRm_new": 0.5153126968943061, "MRm_new": 161.29481489503382, "HITS@1m_new": 0.4047336524841703, "HITS@3m_new": 0.575185893070422, "HITS@10m_new": 0.7331354292620963}