{"MRRm_new": 0.72798067706248, "MRm_new": 129.9986730955392, "HITS@1m_new": 0.6716265683829407, "HITS@3m_new": 0.7599027880682625, "HITS@10m_new": 0.8328669715407304}