{"MRRm_new": 0.13628200454710804, "MRm_new": 4142.292464332819, "HITS@1m_new": 0.08764508362306515, "HITS@3m_new": 0.14129232111558668, "HITS@10m_new": 0.2276668917433999}