{"MRRm_new": 0.3034917271034792, "MRm_new": 2249.0760558264255, "HITS@1m_new": 0.22524455690337344, "HITS@3m_new": 0.3289745583364274, "HITS@10m_new": 0.46533280321198983}