{"MRRm_new": 0.20325885416184464, "MRm_new": 376.5875066649914, "HITS@1m_new": 0.13442666158154606, "HITS@3m_new": 0.2195083238276886, "HITS@10m_new": 0.33635563590112144}