{"MRRm_new": 0.1725904007676305, "MRm_new": 343.74212374053, "HITS@1m_new": 0.09756183129843557, "HITS@3m_new": 0.1885080385654699, "HITS@10m_new": 0.3202008967927191}