{"MRRm_new": 0.26300857770454605, "MRm_new": 343.26311728093026, "HITS@1m_new": 0.1793321131933626, "HITS@3m_new": 0.298057215185152, "HITS@10m_new": 0.42151123119230033}