{"MRRm_new": 0.31769413623414583, "MRm_new": 1763.107386874646, "HITS@1m_new": 0.23600718071707524, "HITS@3m_new": 0.3479511008321424, "HITS@10m_new": 0.4770932740450371}