{"MRRm_new": 0.31679450473195536, "MRm_new": 2090.01387910077, "HITS@1m_new": 0.23339253420196474, "HITS@3m_new": 0.3509023545477539, "HITS@10m_new": 0.49108400189271195}