{"MRRm_new": 0.48162452455936816, "MRm_new": 209.09896478711067, "HITS@1m_new": 0.3763151884872386, "HITS@3m_new": 0.5382346968780075, "HITS@10m_new": 0.6874633911069541}