{"MRRm_new": 0.12559113701064506, "MRm_new": 15924.968169083864, "HITS@1m_new": 0.08217141664982773, "HITS@3m_new": 0.13916006005881354, "HITS@10m_new": 0.21148029326531104}