{"MRRm_new": 0.2097194265690532, "MRm_new": 3338.5061492438317, "HITS@1m_new": 0.15303201590404933, "HITS@3m_new": 0.23108891507744556, "HITS@10m_new": 0.3238611825176195}