{"MRRm_new": 0.32219230862024917, "MRm_new": 1664.9838333730102, "HITS@1m_new": 0.2411389952528407, "HITS@3m_new": 0.35128444495960137, "HITS@10m_new": 0.4813858964915853}