{"MRRm_new": 0.08034426734144072, "MRm_new": 666.1316756112814, "HITS@1m_new": 0.03982005633956287, "HITS@3m_new": 0.07842377558635781, "HITS@10m_new": 0.1601588003060897}