{"MRRm_new": 0.23595364521617593, "MRm_new": 209.43440650241374, "HITS@1m_new": 0.13399096153788267, "HITS@3m_new": 0.26395661812499166, "HITS@10m_new": 0.45482223729528487}