{"MRRm_new": 0.29476713073742533, "MRm_new": 2164.5774526851474, "HITS@1m_new": 0.21784148901200387, "HITS@3m_new": 0.3193766878111055, "HITS@10m_new": 0.45285004629706965}