{"MRRm_new": 0.23489766612160473, "MRm_new": 3311.009631429404, "HITS@1m_new": 0.17404488115325512, "HITS@3m_new": 0.26162884468551784, "HITS@10m_new": 0.3522410427458744}