{"MRRm_new": 0.14208016198608447, "MRm_new": 4237.886761594146, "HITS@1m_new": 0.0928001345606317, "HITS@3m_new": 0.1460709956642968, "HITS@10m_new": 0.23567116115684622}