{"MRRm_new": 0.22534357796310941, "MRm_new": 255.31833152196407, "HITS@1m_new": 0.1422241018402972, "HITS@3m_new": 0.2402063937819563, "HITS@10m_new": 0.38867777981949037}