{"MRRm_new": 0.2129823946169772, "MRm_new": 2091.393766193211, "HITS@1m_new": 0.1457140897566278, "HITS@3m_new": 0.22933354708965634, "HITS@10m_new": 0.3429189097675262}