{"MRRm_new": 0.12134878447892407, "MRm_new": 448.33733129484654, "HITS@1m_new": 0.06599013139234157, "HITS@3m_new": 0.12915886672504712, "HITS@10m_new": 0.22837709778985008}