{"MRRm_new": 0.4391631195051359, "MRm_new": 291.0210417408496, "HITS@1m_new": 0.3664326994204894, "HITS@3m_new": 0.47395368964930823, "HITS@10m_new": 0.5724735010903532}