{"MRRm_new": 0.2727020264346007, "MRm_new": 203.5522046711445, "HITS@1m_new": 0.1694852184043266, "HITS@3m_new": 0.3107748886737041, "HITS@10m_new": 0.4812563597664237}