{"MRRm_new": 0.24860986909744678, "MRm_new": 359.11262592959406, "HITS@1m_new": 0.17336487629418262, "HITS@3m_new": 0.2671413020032458, "HITS@10m_new": 0.4021685522504151}