{"MRRm_new": 0.22010406468087457, "MRm_new": 293.2121318524122, "HITS@1m_new": 0.13647748303733534, "HITS@3m_new": 0.23947961961956463, "HITS@10m_new": 0.3864204535724595}