{"MRRm_new": 0.26297189822120415, "MRm_new": 292.00977496840954, "HITS@1m_new": 0.1834368022286799, "HITS@3m_new": 0.2804952275992371, "HITS@10m_new": 0.4253196369891986}