{"MRRm_new": 0.09959406620737282, "MRm_new": 476.5036676335812, "HITS@1m_new": 0.04726515735444846, "HITS@3m_new": 0.10489911014675163, "HITS@10m_new": 0.199869670440536}