{"MRRm_new": 0.515120026451561, "MRm_new": 69.935937488541, "HITS@1m_new": 0.39102076419268267, "HITS@3m_new": 0.5888682464875165, "HITS@10m_new": 0.7472013493318809}