{"MRRm_new": 0.30683019209055873, "MRm_new": 2140.447435123831, "HITS@1m_new": 0.225052011754422, "HITS@3m_new": 0.33772496578155553, "HITS@10m_new": 0.47178673591656844}