{"MRRm_new": 0.17998670888901105, "MRm_new": 393.3253748482585, "HITS@1m_new": 0.11486689103651443, "HITS@3m_new": 0.18630870675877667, "HITS@10m_new": 0.31884458299470136}