{"MRRm_new": 0.17708674195510976, "MRm_new": 172.73895843577384, "HITS@1m_new": 0.0956563327365555, "HITS@3m_new": 0.19022579852519556, "HITS@10m_new": 0.35163915851674976}