{"MRRm_new": 0.4537404641312478, "MRm_new": 333.64090324036033, "HITS@1m_new": 0.39158417329972145, "HITS@3m_new": 0.47835968017102276, "HITS@10m_new": 0.5703117714363507}