{"MRRm_new": 0.4438554913375001, "MRm_new": 394.3428424255848, "HITS@1m_new": 0.3811749310959713, "HITS@3m_new": 0.4667977641315374, "HITS@10m_new": 0.5613758978106198}