{"MRRm_new": 0.31645707259381745, "MRm_new": 377.49486901064216, "HITS@1m_new": 0.23241437395459433, "HITS@3m_new": 0.34754250386037167, "HITS@10m_new": 0.48234818941050617}