{"MRRm_new": 0.17615417039469758, "MRm_new": 388.48033584189415, "HITS@1m_new": 0.11211645130303804, "HITS@3m_new": 0.1846498601050116, "HITS@10m_new": 0.3073089518438792}