{"MRRm_new": 0.23761821105243053, "MRm_new": 833.9555787413269, "HITS@1m_new": 0.17857082896216162, "HITS@3m_new": 0.25593789162479513, "HITS@10m_new": 0.35212264216802214}