{"MRRm_new": 0.2215802031097148, "MRm_new": 255.87797029998302, "HITS@1m_new": 0.14048106294320897, "HITS@3m_new": 0.23398007436273618, "HITS@10m_new": 0.3866165360699408}