{"MRRm_new": 0.09225620100976957, "MRm_new": 642.1053885728597, "HITS@1m_new": 0.049204989301390015, "HITS@3m_new": 0.09557370423490648, "HITS@10m_new": 0.16858449842791307}