{"MRRm_new": 0.23191805664291543, "MRm_new": 3863.40214911288, "HITS@1m_new": 0.16027886620908977, "HITS@3m_new": 0.245274018098542, "HITS@10m_new": 0.3795621578884311}