{"MRRm_new": 0.28713484572800824, "MRm_new": 327.33186936484276, "HITS@1m_new": 0.20306931266274478, "HITS@3m_new": 0.3209671906937583, "HITS@10m_new": 0.4486417153123184}