{"MRRm_new": 0.16619480697784092, "MRm_new": 693.5269322131946, "HITS@1m_new": 0.10294013595356956, "HITS@3m_new": 0.1803329818661805, "HITS@10m_new": 0.2948491513977606}