{"MRRm_new": 0.3538318809178154, "MRm_new": 421.5454861660227, "HITS@1m_new": 0.29336812459659634, "HITS@3m_new": 0.37315457843202604, "HITS@10m_new": 0.4693117830403025}