{"MRRm_new": 0.27863716430927615, "MRm_new": 468.1830346058309, "HITS@1m_new": 0.21939610984274624, "HITS@3m_new": 0.2961739644004665, "HITS@10m_new": 0.38827157277437074}