{"MRRm_new": 0.23624854193819048, "MRm_new": 429.14373916642666, "HITS@1m_new": 0.16051965104399715, "HITS@3m_new": 0.25365605215672404, "HITS@10m_new": 0.39117527585150674}