{"MRRm_new": 0.20146475335605937, "MRm_new": 420.16938741919995, "HITS@1m_new": 0.13719532650803448, "HITS@3m_new": 0.21360114567663988, "HITS@10m_new": 0.3299546644423157}