{"MRRm_new": 0.23175931897850113, "MRm_new": 3075.799017223224, "HITS@1m_new": 0.17070159689435968, "HITS@3m_new": 0.2579431039480987, "HITS@10m_new": 0.3538879837409768}