{"MRRm_new": 0.15195912299797237, "MRm_new": 4291.405371843189, "HITS@1m_new": 0.10380991259515576, "HITS@3m_new": 0.15923034261597785, "HITS@10m_new": 0.244277298424553}