{"MRRm_new": 0.23049708582125167, "MRm_new": 316.99938008761404, "HITS@1m_new": 0.15240565549595048, "HITS@3m_new": 0.24918920530593022, "HITS@10m_new": 0.3887182816779765}