{"MRRm_new": 0.34293419575769984, "MRm_new": 157.04876639162003, "HITS@1m_new": 0.2544363449894736, "HITS@3m_new": 0.37966665837606706, "HITS@10m_new": 0.5133878727811679}