{"MRRm_new": 0.12265243358000007, "MRm_new": 3661.6313111065388, "HITS@1m_new": 0.07791739929364994, "HITS@3m_new": 0.1287086667762138, "HITS@10m_new": 0.21266187703874895}