{"MRRm_new": 0.2339014781321821, "MRm_new": 2974.717290345624, "HITS@1m_new": 0.17114117542197346, "HITS@3m_new": 0.2614803550587894, "HITS@10m_new": 0.3595091717497635}