{"MRRm_new": 0.09918666220212617, "MRm_new": 477.6413136058569, "HITS@1m_new": 0.047531432400469205, "HITS@3m_new": 0.10384417763347738, "HITS@10m_new": 0.19829457556707786}