{"MRRm_new": 0.30418323352391463, "MRm_new": 2177.1773034777043, "HITS@1m_new": 0.22486195398797282, "HITS@3m_new": 0.3296612347824266, "HITS@10m_new": 0.4657006476953393}