{"MRRm_new": 0.4008660036810606, "MRm_new": 293.29322637474536, "HITS@1m_new": 0.3125362855543208, "HITS@3m_new": 0.4384051957989468, "HITS@10m_new": 0.5730599196322582}