{"MRRm_new": 0.7781393039446776, "MRm_new": 36.319666678845884, "HITS@1m_new": 0.71476400919538, "HITS@3m_new": 0.818363079670351, "HITS@10m_new": 0.8925494633605704}