{"MRRm_new": 0.1509009024583851, "MRm_new": 233.0159108448267, "HITS@1m_new": 0.08631338079497218, "HITS@3m_new": 0.16183214311087504, "HITS@10m_new": 0.2745977282160893}