{"MRRm_new": 0.2924570711986389, "MRm_new": 285.1209023658037, "HITS@1m_new": 0.21034778417915367, "HITS@3m_new": 0.3237616136214638, "HITS@10m_new": 0.4488256009875622}