{"MRRm_new": 0.280092727755442, "MRm_new": 307.0066568530351, "HITS@1m_new": 0.2004157088629654, "HITS@3m_new": 0.30910057054946083, "HITS@10m_new": 0.4329674695219728}