{"MRRm_new": 0.08632986693785351, "MRm_new": 602.9147167036294, "HITS@1m_new": 0.04567535045384429, "HITS@3m_new": 0.08496327029160457, "HITS@10m_new": 0.16400700921710815}