{"MRRm_new": 0.10457039388348931, "MRm_new": 534.5063758556366, "HITS@1m_new": 0.060176844129734675, "HITS@3m_new": 0.10570609220354818, "HITS@10m_new": 0.1861156976418337}