{"MRRm_new": 0.4350582196626892, "MRm_new": 78.52316362185776, "HITS@1m_new": 0.3373730877708294, "HITS@3m_new": 0.48223483416452656, "HITS@10m_new": 0.6198384418889764}