{"MRRm_new": 0.18630487030629012, "MRm_new": 342.3976350054741, "HITS@1m_new": 0.12094291504223947, "HITS@3m_new": 0.1956350221190951, "HITS@10m_new": 0.31903392914198336}