{"MRRm_new": 0.29112575576319705, "MRm_new": 595.247415483281, "HITS@1m_new": 0.22591712461373026, "HITS@3m_new": 0.31231143629938013, "HITS@10m_new": 0.4158564539877989}