{"MRRm_new": 0.24163544536573864, "MRm_new": 3216.504862103358, "HITS@1m_new": 0.1790433881279023, "HITS@3m_new": 0.2700787795492215, "HITS@10m_new": 0.36308444314138616}