{"MRRm_new": 0.5629015941816579, "MRm_new": 181.00897606337816, "HITS@1m_new": 0.49204745773208924, "HITS@3m_new": 0.5988565853513428, "HITS@10m_new": 0.694618288849335}