{"MRRm_new": 0.22167922864046413, "MRm_new": 152.4218793233633, "HITS@1m_new": 0.11055021178447641, "HITS@3m_new": 0.255117225919012, "HITS@10m_new": 0.4623999308624305}