{"MRRm_new": 0.5061338342771905, "MRm_new": 109.58276278480142, "HITS@1m_new": 0.43138875513104724, "HITS@3m_new": 0.5398106873981887, "HITS@10m_new": 0.6431016895381035}