{"MRRm_new": 0.2024290518534588, "MRm_new": 396.49577175166604, "HITS@1m_new": 0.13378060061447322, "HITS@3m_new": 0.21877056627843994, "HITS@10m_new": 0.33442006717533806}