{"MRRm_new": 0.14175697749868704, "MRm_new": 270.48157103631496, "HITS@1m_new": 0.07273235367219895, "HITS@3m_new": 0.14878144899681212, "HITS@10m_new": 0.2817883604671806}