{"MRRm_new": 0.24077618994139338, "MRm_new": 332.2579470911503, "HITS@1m_new": 0.16455812012772075, "HITS@3m_new": 0.26130135577069596, "HITS@10m_new": 0.39786588755613195}