{"MRRm_new": 0.10602080308335135, "MRm_new": 446.74571191830637, "HITS@1m_new": 0.05338266778909601, "HITS@3m_new": 0.11023960022139363, "HITS@10m_new": 0.2069636061999481}