{"MRRm_new": 0.4929940897806682, "MRm_new": 146.47608387226612, "HITS@1m_new": 0.42254243849180056, "HITS@3m_new": 0.5275012052005331, "HITS@10m_new": 0.6185314324744104}