{"MRRm_new": 0.3022864339656494, "MRm_new": 2433.7179629440307, "HITS@1m_new": 0.22121799326245672, "HITS@3m_new": 0.3364268278516829, "HITS@10m_new": 0.46574195857765155}