{"MRRm_new": 0.18800278931103093, "MRm_new": 376.6027879244089, "HITS@1m_new": 0.1101878087602905, "HITS@3m_new": 0.20476652712245705, "HITS@10m_new": 0.34227978165308015}