{"MRRm_new": 0.2725597235986625, "MRm_new": 2236.7878625624476, "HITS@1m_new": 0.2049685917429597, "HITS@3m_new": 0.2961539676210523, "HITS@10m_new": 0.3991390973267262}