{"MRRm_new": 0.08602722014460014, "MRm_new": 629.8455175175667, "HITS@1m_new": 0.045433787521906195, "HITS@3m_new": 0.08541519381316612, "HITS@10m_new": 0.1631149788053357}