{"MRRm_new": 0.320572451359767, "MRm_new": 207.17307322019337, "HITS@1m_new": 0.23543040208033197, "HITS@3m_new": 0.3542365144353462, "HITS@10m_new": 0.4834618572087711}