{"MRRm_new": 0.21104081131624888, "MRm_new": 1882.3887964888513, "HITS@1m_new": 0.14448346036238946, "HITS@3m_new": 0.22751941262997571, "HITS@10m_new": 0.3399466619311424}