{"MRRm_new": 0.2124601965197915, "MRm_new": 306.8360324505806, "HITS@1m_new": 0.13306948304040125, "HITS@3m_new": 0.2284389849841944, "HITS@10m_new": 0.37416609032388076}