{"MRRm_new": 0.21948601687152694, "MRm_new": 306.3762897405624, "HITS@1m_new": 0.1357213567307568, "HITS@3m_new": 0.23970633776983014, "HITS@10m_new": 0.38476980687007306}