{"MRRm_new": 0.3050732274183629, "MRm_new": 551.3693436010182, "HITS@1m_new": 0.24656563830898448, "HITS@3m_new": 0.3236556156518673, "HITS@10m_new": 0.4151394896950333}