{"MRRm_new": 0.1854872812963931, "MRm_new": 2678.3583834019305, "HITS@1m_new": 0.1268989384406159, "HITS@3m_new": 0.20820758052967722, "HITS@10m_new": 0.3026823962286508}