{"MRRm_new": 0.4759927613704622, "MRm_new": 133.48152341392637, "HITS@1m_new": 0.40742676260721056, "HITS@3m_new": 0.5074572032711876, "HITS@10m_new": 0.5996394854632381}