{"MRRm_new": 0.2859547961595067, "MRm_new": 790.7972561700642, "HITS@1m_new": 0.18691048058425078, "HITS@3m_new": 0.3215854443034623, "HITS@10m_new": 0.48199176336312666}