{"MRRm_new": 0.17620065542658123, "MRm_new": 386.0315639626741, "HITS@1m_new": 0.11173331991648884, "HITS@3m_new": 0.18541504194915762, "HITS@10m_new": 0.3063898702579783}