{"MRRm_new": 0.2913310406650135, "MRm_new": 318.2149963827431, "HITS@1m_new": 0.20660572149440123, "HITS@3m_new": 0.3258968429587694, "HITS@10m_new": 0.45408305976877456}