{"MRRm_new": 0.5287520600619137, "MRm_new": 216.83670169905574, "HITS@1m_new": 0.46723894185668907, "HITS@3m_new": 0.5527710411711996, "HITS@10m_new": 0.6493057833721104}