{"MRRm_new": 0.29877634410760995, "MRm_new": 2415.7819620741607, "HITS@1m_new": 0.2258489536761772, "HITS@3m_new": 0.3256153558390215, "HITS@10m_new": 0.44665279099252075}