{"MRRm_new": 0.5045043841048182, "MRm_new": 180.4768595737964, "HITS@1m_new": 0.43360391296444867, "HITS@3m_new": 0.5397670677926216, "HITS@10m_new": 0.6320604206427816}