{"MRRm_new": 0.3458519720096028, "MRm_new": 414.1388295419216, "HITS@1m_new": 0.2774570134944515, "HITS@3m_new": 0.3699455828886421, "HITS@10m_new": 0.475757048828018}