{"MRRm_new": 0.1928869253718105, "MRm_new": 433.3342469995737, "HITS@1m_new": 0.12843024615027243, "HITS@3m_new": 0.20821991514191032, "HITS@10m_new": 0.316636817317619}