{"MRRm_new": 0.1856037358670379, "MRm_new": 365.35751591573955, "HITS@1m_new": 0.12029895605214988, "HITS@3m_new": 0.1950548248504172, "HITS@10m_new": 0.31621961958068423}