{"MRRm_new": 0.25092318250652024, "MRm_new": 360.7460299751997, "HITS@1m_new": 0.171632040815684, "HITS@3m_new": 0.27211358664119617, "HITS@10m_new": 0.40701036869529633}