{"MRRm_new": 0.16391174754068924, "MRm_new": 272.2320706865072, "HITS@1m_new": 0.09932905294250813, "HITS@3m_new": 0.17256387747015106, "HITS@10m_new": 0.2897881935029873}