{"MRRm_new": 0.6788495588029382, "MRm_new": 213.62666096764804, "HITS@1m_new": 0.6203982685321935, "HITS@3m_new": 0.7100040072025003, "HITS@10m_new": 0.7870027085832335}