{"MRRm_new": 0.2576270509225924, "MRm_new": 653.4114343831241, "HITS@1m_new": 0.19805359512662835, "HITS@3m_new": 0.27429079266669215, "HITS@10m_new": 0.3723010444746214}