{"MRRm_new": 0.49823840158477833, "MRm_new": 273.4030328931138, "HITS@1m_new": 0.4339685936500173, "HITS@3m_new": 0.5255761386067533, "HITS@10m_new": 0.6169918271539864}