{"MRRm_new": 0.19707252347993198, "MRm_new": 370.82288277008536, "HITS@1m_new": 0.11983265552335652, "HITS@3m_new": 0.21945052655542968, "HITS@10m_new": 0.3496734590886161}