{"MRRm_new": 0.24506333272602934, "MRm_new": 230.4091078485489, "HITS@1m_new": 0.1651647358758375, "HITS@3m_new": 0.2625088140489534, "HITS@10m_new": 0.40279905561855994}