{"MRRm_new": 0.09458410367441247, "MRm_new": 722.2420406990528, "HITS@1m_new": 0.05211915043077315, "HITS@3m_new": 0.09521157471505576, "HITS@10m_new": 0.17665919034157415}