{"MRRm_new": 0.18964030721958552, "MRm_new": 364.7950897899628, "HITS@1m_new": 0.11124029330591438, "HITS@3m_new": 0.20661377131111222, "HITS@10m_new": 0.34540037501985205}