{"MRRm_new": 0.21811775462201832, "MRm_new": 1606.3677951449454, "HITS@1m_new": 0.14922636938496725, "HITS@3m_new": 0.23577688140029204, "HITS@10m_new": 0.35148195602401394}