{"MRRm_new": 0.2979829057018842, "MRm_new": 238.22506992042065, "HITS@1m_new": 0.2164884727122044, "HITS@3m_new": 0.32715701595485736, "HITS@10m_new": 0.45461194924166193}