{"MRRm_new": 0.28967510615026004, "MRm_new": 2246.5519246585072, "HITS@1m_new": 0.24351514143144595, "HITS@3m_new": 0.3080697750752079, "HITS@10m_new": 0.37992756549971457}