{"MRRm_new": 0.6758701157057622, "MRm_new": 176.73232405908405, "HITS@1m_new": 0.6238114893828351, "HITS@3m_new": 0.7022325937184724, "HITS@10m_new": 0.7718706671346517}