{"MRRm_new": 0.6443392974987755, "MRm_new": 88.16312091755867, "HITS@1m_new": 0.5661611389832105, "HITS@3m_new": 0.688519707580679, "HITS@10m_new": 0.7921095096860954}