{"MRRm_new": 0.23685321229882392, "MRm_new": 421.03474688811303, "HITS@1m_new": 0.16077717433853542, "HITS@3m_new": 0.25480585888754576, "HITS@10m_new": 0.39217269181357695}