{"MRRm_new": 0.3200510853244541, "MRm_new": 1682.6804672594071, "HITS@1m_new": 0.23777465188573116, "HITS@3m_new": 0.3517442691096803, "HITS@10m_new": 0.48330867767822927}