{"MRRm_new": 0.19384508152100607, "MRm_new": 425.047885063386, "HITS@1m_new": 0.12897204934281764, "HITS@3m_new": 0.2074477028421592, "HITS@10m_new": 0.31910752058592623}