{"MRRm_new": 0.23316538649914584, "MRm_new": 258.6178319503069, "HITS@1m_new": 0.1503419179006014, "HITS@3m_new": 0.2504101616415195, "HITS@10m_new": 0.3935992107844446}