{"MRRm_new": 0.1030174969798827, "MRm_new": 3613.9050078490973, "HITS@1m_new": 0.05963377921069041, "HITS@3m_new": 0.10765113564766944, "HITS@10m_new": 0.19440364163159393}