{"MRRm_new": 0.3346903823691391, "MRm_new": 275.58074856367705, "HITS@1m_new": 0.22630429055227433, "HITS@3m_new": 0.3731315180297243, "HITS@10m_new": 0.5592772600036114}