{"MRRm_new": 0.5045163195574405, "MRm_new": 205.7705029873103, "HITS@1m_new": 0.39853650667270996, "HITS@3m_new": 0.5614609671628968, "HITS@10m_new": 0.712087018973194}