{"MRRm_new": 0.35002546929494927, "MRm_new": 444.4142602808848, "HITS@1m_new": 0.2867824416746953, "HITS@3m_new": 0.37478502352457144, "HITS@10m_new": 0.46750078043257237}