{"MRRm_new": 0.19474758850236976, "MRm_new": 324.8943112637043, "HITS@1m_new": 0.12913209219913696, "HITS@3m_new": 0.20210178674907656, "HITS@10m_new": 0.32682332862535257}