{"MRRm_new": 0.22492199904951704, "MRm_new": 251.81263017737865, "HITS@1m_new": 0.14302251927178586, "HITS@3m_new": 0.2394163340387866, "HITS@10m_new": 0.3880893531225156}