{"MRRm_new": 0.09631286187181977, "MRm_new": 493.47345927665236, "HITS@1m_new": 0.04573300993660232, "HITS@3m_new": 0.10049944618991576, "HITS@10m_new": 0.19260399767570197}