{"MRRm_new": 0.11467420429394115, "MRm_new": 351.8602801570177, "HITS@1m_new": 0.055812553501990624, "HITS@3m_new": 0.12311821487564593, "HITS@10m_new": 0.2273130406589713}