{"MRRm_new": 0.1025451809449427, "MRm_new": 586.3683699369192, "HITS@1m_new": 0.05844136420174036, "HITS@3m_new": 0.10331017555794679, "HITS@10m_new": 0.18838403819147498}