{"MRRm_new": 0.31045030532233525, "MRm_new": 465.08692089218647, "HITS@1m_new": 0.25300862207418684, "HITS@3m_new": 0.32820376916929306, "HITS@10m_new": 0.4178063657613675}