{"MRRm_new": 0.30661040811577367, "MRm_new": 263.7563803734183, "HITS@1m_new": 0.22161910387650277, "HITS@3m_new": 0.3406655638344819, "HITS@10m_new": 0.468318717504706}