{"MRRm_new": 0.5130948363587122, "MRm_new": 187.54754479396343, "HITS@1m_new": 0.405027184755334, "HITS@3m_new": 0.5741294073530626, "HITS@10m_new": 0.7221786450856743}