{"MRRm_new": 0.4072719787247397, "MRm_new": 217.3181424692571, "HITS@1m_new": 0.2948942607251411, "HITS@3m_new": 0.4574241617091611, "HITS@10m_new": 0.6383697677186865}