{"MRRm_new": 0.17320855871356033, "MRm_new": 338.7639011279583, "HITS@1m_new": 0.09806809580192202, "HITS@3m_new": 0.1894953323302325, "HITS@10m_new": 0.3211348102389369}