{"MRRm_new": 0.08620955863307027, "MRm_new": 628.447276025343, "HITS@1m_new": 0.04581277385042049, "HITS@3m_new": 0.08515484994767467, "HITS@10m_new": 0.16371323754712938}