{"MRRm_new": 0.5265479367024245, "MRm_new": 52.76126777134836, "HITS@1m_new": 0.3989419087745482, "HITS@3m_new": 0.6042024340595527, "HITS@10m_new": 0.7646305365556618}