{"MRRm_new": 0.19747896413234503, "MRm_new": 541.6331854970977, "HITS@1m_new": 0.12929839442459343, "HITS@3m_new": 0.21381645323572956, "HITS@10m_new": 0.3338893441764412}