{"MRRm_new": 0.21144640679750545, "MRm_new": 1792.398788564503, "HITS@1m_new": 0.14331281324761222, "HITS@3m_new": 0.22658197054819904, "HITS@10m_new": 0.3442602273810189}