{"MRRm_new": 0.2212500951382841, "MRm_new": 268.9438076130867, "HITS@1m_new": 0.14048854230409488, "HITS@3m_new": 0.23393311523059382, "HITS@10m_new": 0.38436484988564623}