{"MRRm_new": 0.3793317847180151, "MRm_new": 257.2273553661555, "HITS@1m_new": 0.2774380658636292, "HITS@3m_new": 0.4214828713644165, "HITS@10m_new": 0.5790830549331731}