{"MRRm_new": 0.10753499011466483, "MRm_new": 669.8236834692717, "HITS@1m_new": 0.0641928338014637, "HITS@3m_new": 0.10920075725381612, "HITS@10m_new": 0.1905186878480483}