{"MRRm_new": 0.2018598411320374, "MRm_new": 430.43234623668195, "HITS@1m_new": 0.12780177354961633, "HITS@3m_new": 0.21650609860287515, "HITS@10m_new": 0.35017439366407344}