{"MRRm_new": 0.41825312967307493, "MRm_new": 271.1676518392265, "HITS@1m_new": 0.3309585580196217, "HITS@3m_new": 0.45521618348155246, "HITS@10m_new": 0.5882794918877989}