{"MRRm_new": 0.07586602876887918, "MRm_new": 721.8492382123709, "HITS@1m_new": 0.03573656756381388, "HITS@3m_new": 0.07540968295455677, "HITS@10m_new": 0.15314406182568055}