{"MRRm_new": 0.2629851240940666, "MRm_new": 2411.8935523239375, "HITS@1m_new": 0.19171813419670797, "HITS@3m_new": 0.287001995290746, "HITS@10m_new": 0.4042834035028354}