{"MRRm_new": 0.6924302891810202, "MRm_new": 162.87625809785723, "HITS@1m_new": 0.6410369784422655, "HITS@3m_new": 0.7194053652685761, "HITS@10m_new": 0.7877325291857414}