{"MRRm_new": 0.502860336214354, "MRm_new": 196.9980633959472, "HITS@1m_new": 0.39598457358625094, "HITS@3m_new": 0.5624065245227794, "HITS@10m_new": 0.7095541176638435}