{"MRRm_new": 0.1928569535685907, "MRm_new": 441.7278519681215, "HITS@1m_new": 0.12867382588639156, "HITS@3m_new": 0.208068817298254, "HITS@10m_new": 0.3167873186084209}