{"MRRm_new": 0.4653286350478711, "MRm_new": 293.9628275570497, "HITS@1m_new": 0.40276192348342377, "HITS@3m_new": 0.4877715059437032, "HITS@10m_new": 0.5821494998247508}