{"MRRm_new": 0.25382600389190485, "MRm_new": 354.2155451390505, "HITS@1m_new": 0.17751192952083655, "HITS@3m_new": 0.2727775100954343, "HITS@10m_new": 0.4105222401737236}