{"MRRm_new": 0.21980712409265835, "MRm_new": 287.22294451191425, "HITS@1m_new": 0.13578336382681735, "HITS@3m_new": 0.23294377787611448, "HITS@10m_new": 0.4045130181747023}