{"MRRm_new": 0.22683240793240203, "MRm_new": 497.0452726812214, "HITS@1m_new": 0.15555180904798907, "HITS@3m_new": 0.2517777104400302, "HITS@10m_new": 0.35866971768738587}