{"MRRm_new": 0.11759164326037717, "MRm_new": 345.6292800088167, "HITS@1m_new": 0.057698291974351744, "HITS@3m_new": 0.1272045433250256, "HITS@10m_new": 0.23190817701406777}