{"MRRm_new": 0.29408903993222746, "MRm_new": 2333.164493514031, "HITS@1m_new": 0.2154637344230432, "HITS@3m_new": 0.31759075334912634, "HITS@10m_new": 0.4539276963514276}