{"MRRm_new": 0.3499732015663721, "MRm_new": 453.97953354033825, "HITS@1m_new": 0.28512485182897945, "HITS@3m_new": 0.37114519669582297, "HITS@10m_new": 0.4735664544300562}