{"MRRm_new": 0.4453703260854809, "MRm_new": 261.00119194324316, "HITS@1m_new": 0.3752679456154692, "HITS@3m_new": 0.48030710876965893, "HITS@10m_new": 0.5690082193402922}