{"MRRm_new": 0.6887504072469501, "MRm_new": 205.54640315957369, "HITS@1m_new": 0.6289437350707121, "HITS@3m_new": 0.7211577175342682, "HITS@10m_new": 0.7990911603388158}