{"MRRm_new": 0.2580521057362457, "MRm_new": 645.5177107909918, "HITS@1m_new": 0.1980043423776733, "HITS@3m_new": 0.275228396472663, "HITS@10m_new": 0.37293909288401844}