{"MRRm_new": 0.24035492461762534, "MRm_new": 3234.576475703195, "HITS@1m_new": 0.17803436322961352, "HITS@3m_new": 0.2686718334870529, "HITS@10m_new": 0.36145660984245476}