{"MRRm_new": 0.31070432957236016, "MRm_new": 1709.9622977845968, "HITS@1m_new": 0.233940812663408, "HITS@3m_new": 0.3332086139440071, "HITS@10m_new": 0.4685661293964367}