{"MRRm_new": 0.3228352420200313, "MRm_new": 1619.7611756560802, "HITS@1m_new": 0.24159159312798875, "HITS@3m_new": 0.35232626769994385, "HITS@10m_new": 0.4825454627799336}