{"MRRm_new": 0.44642053167308815, "MRm_new": 1219.053518376112, "HITS@1m_new": 0.3347157114665024, "HITS@3m_new": 0.5078408017631154, "HITS@10m_new": 0.6654315377702005}