{"MRRm_new": 0.10930860378834623, "MRm_new": 3766.1362854369163, "HITS@1m_new": 0.0699425273210276, "HITS@3m_new": 0.11380458318400197, "HITS@10m_new": 0.19261887336792424}