{"MRRm_new": 0.13427775426650124, "MRm_new": 14977.985651561557, "HITS@1m_new": 0.09244012598646804, "HITS@3m_new": 0.14860428439767565, "HITS@10m_new": 0.2188170510387281}