{"MRRm_new": 0.3318525594308885, "MRm_new": 548.5246893725767, "HITS@1m_new": 0.26889515927598406, "HITS@3m_new": 0.3532095267269542, "HITS@10m_new": 0.45252118683604203}