{"MRRm_new": 0.5038655698619259, "MRm_new": 205.74089069834352, "HITS@1m_new": 0.3979730034825334, "HITS@3m_new": 0.5608686637282772, "HITS@10m_new": 0.7111003736187704}