{"MRRm_new": 0.23148512433859833, "MRm_new": 3313.8647542009503, "HITS@1m_new": 0.17151340874911694, "HITS@3m_new": 0.258163001465975, "HITS@10m_new": 0.34739850760241825}