{"MRRm_new": 0.6839775632848241, "MRm_new": 184.4276248570457, "HITS@1m_new": 0.6271152348641336, "HITS@3m_new": 0.7158060835580109, "HITS@10m_new": 0.7920443524158837}