{"MRRm_new": 0.5090886650159018, "MRm_new": 260.29686638063936, "HITS@1m_new": 0.4440099750573463, "HITS@3m_new": 0.5342694495315482, "HITS@10m_new": 0.635234750260308}