{"MRRm_new": 0.4057155332982511, "MRm_new": 140.92486460760236, "HITS@1m_new": 0.30281272643800183, "HITS@3m_new": 0.45173668356918645, "HITS@10m_new": 0.6056088656873326}