{"MRRm_new": 0.5247454230313288, "MRm_new": 154.87261830689013, "HITS@1m_new": 0.4118882958607319, "HITS@3m_new": 0.5868379137517222, "HITS@10m_new": 0.7463508452933892}