{"MRRm_new": 0.5107593057036284, "MRm_new": 190.6372624347657, "HITS@1m_new": 0.4045827928832914, "HITS@3m_new": 0.5686629054964469, "HITS@10m_new": 0.7186503954830842}