{"MRRm_new": 0.6960478083892921, "MRm_new": 165.24258002501728, "HITS@1m_new": 0.6429683806807334, "HITS@3m_new": 0.7246832768786043, "HITS@10m_new": 0.7923816966656377}