{"MRRm_new": 0.10487629310715128, "MRm_new": 455.4785724737167, "HITS@1m_new": 0.05291477051554248, "HITS@3m_new": 0.10733468836583197, "HITS@10m_new": 0.20692132976027205}