{"MRRm_new": 0.10388474305355776, "MRm_new": 562.4822609857321, "HITS@1m_new": 0.06004793656093534, "HITS@3m_new": 0.10476340871893335, "HITS@10m_new": 0.18566092893136665}