{"MRRm_new": 0.14989458492178093, "MRm_new": 310.19594765303134, "HITS@1m_new": 0.0870860262536211, "HITS@3m_new": 0.160142428241577, "HITS@10m_new": 0.2723183348519844}