{"MRRm_new": 0.12146680463522498, "MRm_new": 3697.5946383778096, "HITS@1m_new": 0.07721807180428877, "HITS@3m_new": 0.1274308201770298, "HITS@10m_new": 0.21159480592138133}