{"MRRm_new": 0.47979702812029973, "MRm_new": 218.51625263002515, "HITS@1m_new": 0.3779936058577623, "HITS@3m_new": 0.5346340040487667, "HITS@10m_new": 0.6774998590395189}