{"MRRm_new": 0.2716329224026281, "MRm_new": 2847.8971885679066, "HITS@1m_new": 0.2045178337829566, "HITS@3m_new": 0.2916158120175678, "HITS@10m_new": 0.40151756442210174}