{"MRRm_new": 0.1421710635843565, "MRm_new": 4151.718385640949, "HITS@1m_new": 0.09307944061847229, "HITS@3m_new": 0.1460399431500846, "HITS@10m_new": 0.23557883368240437}