{"MRRm_new": 0.09978404047165386, "MRm_new": 478.50429355869295, "HITS@1m_new": 0.05010168151605176, "HITS@3m_new": 0.10187164357195143, "HITS@10m_new": 0.19353074385863728}