{"MRRm_new": 0.08738157283769396, "MRm_new": 642.7489604021549, "HITS@1m_new": 0.0461085031472845, "HITS@3m_new": 0.08626362151834183, "HITS@10m_new": 0.16492677599079908}