{"MRRm_new": 0.5996317590839162, "MRm_new": 208.1684787032008, "HITS@1m_new": 0.5304204725740855, "HITS@3m_new": 0.6314803306785106, "HITS@10m_new": 0.7339012801455974}