{"MRRm_new": 0.2294554613974149, "MRm_new": 452.4834690908432, "HITS@1m_new": 0.15529535968276906, "HITS@3m_new": 0.24586958461059258, "HITS@10m_new": 0.38125641487538814}