{"MRRm_new": 0.2734678963330125, "MRm_new": 2264.4051199222504, "HITS@1m_new": 0.2246350522064895, "HITS@3m_new": 0.2925491182698206, "HITS@10m_new": 0.36752903345742377}