{"MRRm_new": 0.09955878698467714, "MRm_new": 3593.2340460259916, "HITS@1m_new": 0.05775111752348021, "HITS@3m_new": 0.10488523068814538, "HITS@10m_new": 0.19011202618773096}