{"MRRm_new": 0.10717886489265366, "MRm_new": 3692.7149499542475, "HITS@1m_new": 0.06288083239668049, "HITS@3m_new": 0.11057044089161791, "HITS@10m_new": 0.20093206651424989}