{"MRRm_new": 0.5151210356296042, "MRm_new": 186.51824713893234, "HITS@1m_new": 0.40648047953124844, "HITS@3m_new": 0.5764267870363001, "HITS@10m_new": 0.7253727509927849}