{"MRRm_new": 0.34541115754443125, "MRm_new": 489.6158498555124, "HITS@1m_new": 0.2809738516565667, "HITS@3m_new": 0.367396117834749, "HITS@10m_new": 0.4686399410822487}