{"MRRm_new": 0.2616784848246738, "MRm_new": 316.48656590554714, "HITS@1m_new": 0.18455431233961136, "HITS@3m_new": 0.2787271467283834, "HITS@10m_new": 0.42094416297972204}