{"MRRm_new": 0.6843395435041748, "MRm_new": 174.51634004566074, "HITS@1m_new": 0.6321781505760337, "HITS@3m_new": 0.7114968524692158, "HITS@10m_new": 0.779686338402309}