{"MRRm_new": 0.19304573901492586, "MRm_new": 533.7341501042023, "HITS@1m_new": 0.12386694192635332, "HITS@3m_new": 0.20937661730320542, "HITS@10m_new": 0.32940930703652704}