{"MRRm_new": 0.12868801241788896, "MRm_new": 416.2395426972866, "HITS@1m_new": 0.0723610463737743, "HITS@3m_new": 0.13505548799815587, "HITS@10m_new": 0.23810003630599239}