{"MRRm_new": 0.6827730714474565, "MRm_new": 174.30173611555995, "HITS@1m_new": 0.6307440521977442, "HITS@3m_new": 0.7096681977885236, "HITS@10m_new": 0.7776715927766709}