{"MRRm_new": 0.5016832752592354, "MRm_new": 200.39831064257027, "HITS@1m_new": 0.39221530722972237, "HITS@3m_new": 0.5598355411200646, "HITS@10m_new": 0.7218909634238334}