{"MRRm_new": 0.17741229807595954, "MRm_new": 453.6964924721122, "HITS@1m_new": 0.11289683652287931, "HITS@3m_new": 0.18580903636193835, "HITS@10m_new": 0.3124726715539582}