{"MRRm_new": 0.5027316993947225, "MRm_new": 200.17825990703702, "HITS@1m_new": 0.39424185643589954, "HITS@3m_new": 0.5603044371261457, "HITS@10m_new": 0.7180817201559548}