{"MRRm_new": 0.5250987142676158, "MRm_new": 149.77830544655026, "HITS@1m_new": 0.41193124889602767, "HITS@3m_new": 0.5869977099011922, "HITS@10m_new": 0.7477593743822217}