{"MRRm_new": 0.3066567026816742, "MRm_new": 2053.36937676689, "HITS@1m_new": 0.22701114455331117, "HITS@3m_new": 0.32920668365363964, "HITS@10m_new": 0.47654325124050956}