{"MRRm_new": 0.40059184786222524, "MRm_new": 355.50411236150563, "HITS@1m_new": 0.332245521458477, "HITS@3m_new": 0.4297436188595748, "HITS@10m_new": 0.5268371408841195}