{"MRRm_new": 0.39616204603658844, "MRm_new": 271.4445244695097, "HITS@1m_new": 0.3072091967029483, "HITS@3m_new": 0.4330372405784437, "HITS@10m_new": 0.5725398925852933}