{"MRRm_new": 0.3141316433791635, "MRm_new": 276.96970156936345, "HITS@1m_new": 0.22407070007793664, "HITS@3m_new": 0.353263900891252, "HITS@10m_new": 0.48750794019480237}