{"MRRm_new": 0.28813464144538603, "MRm_new": 2085.62817218259, "HITS@1m_new": 0.21120822015486193, "HITS@3m_new": 0.3113533927280223, "HITS@10m_new": 0.4433518576426432}