{"MRRm_new": 0.43242291622386075, "MRm_new": 269.76808829037844, "HITS@1m_new": 0.36380415869861826, "HITS@3m_new": 0.46445690851594557, "HITS@10m_new": 0.5542322990434332}