{"MRRm_new": 0.1739803563221867, "MRm_new": 549.1486736599281, "HITS@1m_new": 0.10708531745921937, "HITS@3m_new": 0.18847978355488157, "HITS@10m_new": 0.30890022444076387}