{"MRRm_new": 0.33082411996401606, "MRm_new": 2896.973146084219, "HITS@1m_new": 0.2921945406437735, "HITS@3m_new": 0.3488284359504614, "HITS@10m_new": 0.4015003969679092}