{"MRRm_new": 0.2422221909879672, "MRm_new": 700.3552537200302, "HITS@1m_new": 0.18142980102022557, "HITS@3m_new": 0.2603762485404586, "HITS@10m_new": 0.35834183039530765}