{"MRRm_new": 0.29137909789018795, "MRm_new": 2945.778958775073, "HITS@1m_new": 0.2226231868864852, "HITS@3m_new": 0.31123401103011566, "HITS@10m_new": 0.42948230253570363}