{"MRRm_new": 0.1072019211361956, "MRm_new": 446.1070651010513, "HITS@1m_new": 0.054110459280433135, "HITS@3m_new": 0.11225778220961802, "HITS@10m_new": 0.20901118502705357}