{"MRRm_new": 0.21790682429820118, "MRm_new": 1700.1842428250313, "HITS@1m_new": 0.14632590394472936, "HITS@3m_new": 0.2364522007293417, "HITS@10m_new": 0.35469249113393014}