{"MRRm_new": 0.190993693303701, "MRm_new": 349.36250479712487, "HITS@1m_new": 0.112145279633475, "HITS@3m_new": 0.20839747623546281, "HITS@10m_new": 0.3472805990091525}