{"MRRm_new": 0.09509948116400628, "MRm_new": 730.8673386577606, "HITS@1m_new": 0.05295458297638106, "HITS@3m_new": 0.09601519262004295, "HITS@10m_new": 0.17685289623548742}