{"MRRm_new": 0.17597742492726684, "MRm_new": 207.42948847162722, "HITS@1m_new": 0.09784099129736423, "HITS@3m_new": 0.18875053737163544, "HITS@10m_new": 0.33459070506691935}