{"MRRm_new": 0.25519727180087065, "MRm_new": 325.1043826773882, "HITS@1m_new": 0.17479254845872055, "HITS@3m_new": 0.27757115315534175, "HITS@10m_new": 0.41322957092784346}