{"MRRm_new": 0.10616940211751352, "MRm_new": 3828.8720312149285, "HITS@1m_new": 0.061859956825338305, "HITS@3m_new": 0.1124619233054109, "HITS@10m_new": 0.1945055791756604}