{"MRRm_new": 0.19379195650488737, "MRm_new": 1947.195406588465, "HITS@1m_new": 0.12753854954900454, "HITS@3m_new": 0.2046108609547373, "HITS@10m_new": 0.3243935004499508}