{"MRRm_new": 0.13621394129808595, "MRm_new": 635.4564102112874, "HITS@1m_new": 0.07540640476868793, "HITS@3m_new": 0.14432395994199032, "HITS@10m_new": 0.26124401517181106}