{"MRRm_new": 0.18550088516693794, "MRm_new": 431.5995437647581, "HITS@1m_new": 0.12275725891311304, "HITS@3m_new": 0.1974264334491687, "HITS@10m_new": 0.3084356707075844}