{"MRRm_new": 0.40545362272368585, "MRm_new": 300.62998687255384, "HITS@1m_new": 0.33787689435934226, "HITS@3m_new": 0.4359741828609112, "HITS@10m_new": 0.5258234103802388}