{"MRRm_new": 0.3226244610410067, "MRm_new": 2980.111820526898, "HITS@1m_new": 0.28448963035520863, "HITS@3m_new": 0.33965881679857557, "HITS@10m_new": 0.39209184962822474}