{"MRRm_new": 0.0997962286344933, "MRm_new": 632.3044026980161, "HITS@1m_new": 0.05765038953520125, "HITS@3m_new": 0.09925539873772068, "HITS@10m_new": 0.1833727900915488}