{"MRRm_new": 0.2885164668824891, "MRm_new": 568.9976086003705, "HITS@1m_new": 0.2322429662616014, "HITS@3m_new": 0.3042500174995221, "HITS@10m_new": 0.39506783950390306}