{"MRRm_new": 0.13122774541262916, "MRm_new": 311.01156407568453, "HITS@1m_new": 0.06909734999255743, "HITS@3m_new": 0.13938057306595147, "HITS@10m_new": 0.252560927140899}