{"MRRm_new": 0.10758401484668138, "MRm_new": 3645.971290220833, "HITS@1m_new": 0.0629663266337011, "HITS@3m_new": 0.11105304589387961, "HITS@10m_new": 0.20264534705104306}