{"MRRm_new": 0.13133139854072506, "MRm_new": 416.56793604216574, "HITS@1m_new": 0.07381618441690807, "HITS@3m_new": 0.13882710284801433, "HITS@10m_new": 0.2455294399981154}