{"MRRm_new": 0.1475173581843792, "MRm_new": 620.594996182017, "HITS@1m_new": 0.08663358373479059, "HITS@3m_new": 0.15678720553214953, "HITS@10m_new": 0.27030082340344236}