{"MRRm_new": 0.12508181781949534, "MRm_new": 463.6162395340681, "HITS@1m_new": 0.06715586220099358, "HITS@3m_new": 0.13407614208001178, "HITS@10m_new": 0.2375588094129227}