{"MRRm_new": 0.24560966460806666, "MRm_new": 353.67406701495645, "HITS@1m_new": 0.16720491894785083, "HITS@3m_new": 0.26827077605025845, "HITS@10m_new": 0.40158054954865946}