{"MRRm_new": 0.5010536072322075, "MRm_new": 127.54080314615369, "HITS@1m_new": 0.38978022554835845, "HITS@3m_new": 0.5576175738433667, "HITS@10m_new": 0.7259229707046762}