{"MRRm_new": 0.2446249645758071, "MRm_new": 646.2858279629946, "HITS@1m_new": 0.18245610567588666, "HITS@3m_new": 0.2630254088203328, "HITS@10m_new": 0.3630975447513956}