{"MRRm_new": 0.23310727053753943, "MRm_new": 232.8681505191803, "HITS@1m_new": 0.14833229046567575, "HITS@3m_new": 0.24631773899034598, "HITS@10m_new": 0.40089301979178565}