{"MRRm_new": 0.11934259233058983, "MRm_new": 452.9146393516779, "HITS@1m_new": 0.06490051102127181, "HITS@3m_new": 0.1259964890295407, "HITS@10m_new": 0.22503820130825042}