{"MRRm_new": 0.25069322571019587, "MRm_new": 343.935288439703, "HITS@1m_new": 0.17479353773115436, "HITS@3m_new": 0.26880571762868205, "HITS@10m_new": 0.4066962587240152}