{"MRRm_new": 0.33288185893620265, "MRm_new": 535.3947280043438, "HITS@1m_new": 0.2689975160352624, "HITS@3m_new": 0.354867784984941, "HITS@10m_new": 0.45498038948093744}