{"MRRm_new": 0.4294581822194059, "MRm_new": 259.2296351944432, "HITS@1m_new": 0.33681631589257816, "HITS@3m_new": 0.47225329824442086, "HITS@10m_new": 0.6055248686400009}