{"MRRm_new": 0.28610365108321273, "MRm_new": 289.1835366256982, "HITS@1m_new": 0.20527544955800842, "HITS@3m_new": 0.31581110445925153, "HITS@10m_new": 0.44072908372779784}