{"MRRm_new": 0.25783216977178236, "MRm_new": 337.0660030744791, "HITS@1m_new": 0.1817997277416289, "HITS@3m_new": 0.27358200529199095, "HITS@10m_new": 0.4135839790606871}