{"MRRm_new": 0.3835238714376592, "MRm_new": 397.0390273599178, "HITS@1m_new": 0.3162106032744159, "HITS@3m_new": 0.4093016271814413, "HITS@10m_new": 0.5090445688194595}