{"MRRm_new": 0.23114950036840892, "MRm_new": 265.25309328329564, "HITS@1m_new": 0.1431749331937812, "HITS@3m_new": 0.24436137369942734, "HITS@10m_new": 0.425775996322697}