{"MRRm_new": 0.24468696383928637, "MRm_new": 648.8570908607245, "HITS@1m_new": 0.18256898268338773, "HITS@3m_new": 0.26322711414228617, "HITS@10m_new": 0.3629939707198973}