{"MRRm_new": 0.2512754509693068, "MRm_new": 373.8171022011638, "HITS@1m_new": 0.17055944201197418, "HITS@3m_new": 0.28391627905635686, "HITS@10m_new": 0.4033071022789518}