{"MRRm_new": 0.4114888089693031, "MRm_new": 98.46796534140408, "HITS@1m_new": 0.31774898571669474, "HITS@3m_new": 0.4538556453072524, "HITS@10m_new": 0.5913537320360774}