{"MRRm_new": 0.5724141262995499, "MRm_new": 209.82051851060987, "HITS@1m_new": 0.4935524655303016, "HITS@3m_new": 0.6119337678070805, "HITS@10m_new": 0.7240734924462158}