{"MRRm_new": 0.14236190529769102, "MRm_new": 15614.188559304774, "HITS@1m_new": 0.09679398962506093, "HITS@3m_new": 0.15464248262171168, "HITS@10m_new": 0.23412391270557417}