{"MRRm_new": 0.14648552709523793, "MRm_new": 343.57120046846865, "HITS@1m_new": 0.08273839590565767, "HITS@3m_new": 0.15513787717167288, "HITS@10m_new": 0.27103538518487474}