{"MRRm_new": 0.3060663500943101, "MRm_new": 2195.910826738715, "HITS@1m_new": 0.22524854085972765, "HITS@3m_new": 0.33521151733084115, "HITS@10m_new": 0.4714411046933965}