{"MRRm_new": 0.206450809468198, "MRm_new": 353.05123105351925, "HITS@1m_new": 0.1382465361683222, "HITS@3m_new": 0.2192028331977548, "HITS@10m_new": 0.34149515662293417}