{"MRRm_new": 0.2031174994597852, "MRm_new": 386.1017493177414, "HITS@1m_new": 0.13424035282870755, "HITS@3m_new": 0.2195025546451332, "HITS@10m_new": 0.33565825096569024}