{"MRRm_new": 0.2539941604664041, "MRm_new": 2873.8723948883116, "HITS@1m_new": 0.18521474429703086, "HITS@3m_new": 0.27550367188232483, "HITS@10m_new": 0.3829664586872386}