{"MRRm_new": 0.2346423577046362, "MRm_new": 3063.880449065879, "HITS@1m_new": 0.17255976495615324, "HITS@3m_new": 0.2604037956004759, "HITS@10m_new": 0.35914703732520864}