{"MRRm_new": 0.48728605710682404, "MRm_new": 214.3400185393393, "HITS@1m_new": 0.3845978334511419, "HITS@3m_new": 0.5424354325252679, "HITS@10m_new": 0.6866154992492084}