{"MRRm_new": 0.11383374539868091, "MRm_new": 3782.5841543628694, "HITS@1m_new": 0.06862644309240859, "HITS@3m_new": 0.11798228306882083, "HITS@10m_new": 0.20852722309990787}