{"MRRm_new": 0.3013843288773037, "MRm_new": 2190.0748970238565, "HITS@1m_new": 0.22194436456193217, "HITS@3m_new": 0.3269983828695258, "HITS@10m_new": 0.4644184848017758}