{"MRRm_new": 0.30829697811161716, "MRm_new": 1938.221890529871, "HITS@1m_new": 0.2265699514236767, "HITS@3m_new": 0.34081934276083486, "HITS@10m_new": 0.4784044754181523}