{"MRRm_new": 0.13632098071783458, "MRm_new": 790.1850626194552, "HITS@1m_new": 0.07832137031680758, "HITS@3m_new": 0.14377134054742055, "HITS@10m_new": 0.2534468666950415}