{"MRRm_new": 0.2783196661501279, "MRm_new": 2096.7602139921187, "HITS@1m_new": 0.2034732435067417, "HITS@3m_new": 0.30312438926519825, "HITS@10m_new": 0.42121691470660155}