{"MRRm_new": 0.35567283716778636, "MRm_new": 419.33434201487154, "HITS@1m_new": 0.29129890592351876, "HITS@3m_new": 0.3808275381347048, "HITS@10m_new": 0.47576246918139803}