{"MRRm_new": 0.39502148773418505, "MRm_new": 271.08524490377306, "HITS@1m_new": 0.2876345483584919, "HITS@3m_new": 0.4447373722023476, "HITS@10m_new": 0.6129765656384115}