{"MRRm_new": 0.4910800546129467, "MRm_new": 155.99134182707965, "HITS@1m_new": 0.38300851246387535, "HITS@3m_new": 0.5453814578611927, "HITS@10m_new": 0.7088486479707644}