{"MRRm_new": 0.08602928858921514, "MRm_new": 629.8454624798775, "HITS@1m_new": 0.04543398632900789, "HITS@3m_new": 0.08541519381316612, "HITS@10m_new": 0.1631205468603992}