{"MRRm_new": 0.2353079596225376, "MRm_new": 214.79366413054467, "HITS@1m_new": 0.14684616668308154, "HITS@3m_new": 0.24892455020379275, "HITS@10m_new": 0.43394930090331474}