{"MRRm_new": 0.24467806597179878, "MRm_new": 369.5419361796856, "HITS@1m_new": 0.16635694272484397, "HITS@3m_new": 0.26572576701184736, "HITS@10m_new": 0.3999212938441895}