{"MRRm_new": 0.326250780351932, "MRm_new": 631.6118380066306, "HITS@1m_new": 0.26450743718179365, "HITS@3m_new": 0.34655032971829497, "HITS@10m_new": 0.4455987341425098}