{"MRRm_new": 0.22343673964370828, "MRm_new": 270.5197306794167, "HITS@1m_new": 0.14475088549219073, "HITS@3m_new": 0.2436766166340094, "HITS@10m_new": 0.3808066116245464}