{"MRRm_new": 0.1222674004649627, "MRm_new": 3670.996928219652, "HITS@1m_new": 0.07775372565416619, "HITS@3m_new": 0.12836692984392867, "HITS@10m_new": 0.21199719248446636}