{"MRRm_new": 0.18528471565466753, "MRm_new": 354.4116906012297, "HITS@1m_new": 0.12028563465190237, "HITS@3m_new": 0.1943586968076299, "HITS@10m_new": 0.3171442506089341}