{"MRRm_new": 0.4956678894232036, "MRm_new": 213.1348098016381, "HITS@1m_new": 0.38779512747906847, "HITS@3m_new": 0.5529850627849555, "HITS@10m_new": 0.7112906337215791}