{"MRRm_new": 0.30388842541627853, "MRm_new": 1772.3049706291258, "HITS@1m_new": 0.22868182015954516, "HITS@3m_new": 0.33358306827023626, "HITS@10m_new": 0.4564617214957252}