{"MRRm_new": 0.20027646103214647, "MRm_new": 2354.329071676761, "HITS@1m_new": 0.13495056445729278, "HITS@3m_new": 0.22783535291515, "HITS@10m_new": 0.32984375197067856}