{"MRRm_new": 0.27232897169662557, "MRm_new": 2280.1396280833333, "HITS@1m_new": 0.2236490530728188, "HITS@3m_new": 0.2916529555573397, "HITS@10m_new": 0.3663809147918073}