{"MRRm_new": 0.6802245683793917, "MRm_new": 188.62586550170928, "HITS@1m_new": 0.6237421332622325, "HITS@3m_new": 0.711604335679498, "HITS@10m_new": 0.7870124995338192}