{"MRRm_new": 0.5238378274794795, "MRm_new": 156.04436653630435, "HITS@1m_new": 0.41121326265408786, "HITS@3m_new": 0.5856363880982426, "HITS@10m_new": 0.7451111881758697}