{"MRRm_new": 0.5008318264810013, "MRm_new": 266.87367898053674, "HITS@1m_new": 0.43377453536129906, "HITS@3m_new": 0.5279657132495486, "HITS@10m_new": 0.6283132110368388}