{"MRRm_new": 0.4250603081275931, "MRm_new": 270.96160865963253, "HITS@1m_new": 0.3340823609345425, "HITS@3m_new": 0.46657785081489056, "HITS@10m_new": 0.5980736726435134}