{"MRRm_new": 0.27886832469780165, "MRm_new": 2467.392679184884, "HITS@1m_new": 0.20862349894289217, "HITS@3m_new": 0.29664275987025757, "HITS@10m_new": 0.4198780982945173}