{"MRRm_new": 0.5561560614660457, "MRm_new": 88.77163931678236, "HITS@1m_new": 0.48521999029599827, "HITS@3m_new": 0.5898155195469735, "HITS@10m_new": 0.6868236240914557}