{"MRRm_new": 0.4053246661907842, "MRm_new": 226.25533939135076, "HITS@1m_new": 0.2947786656409044, "HITS@3m_new": 0.45397045498692024, "HITS@10m_new": 0.6336826897094434}