{"MRRm_new": 0.10789226354402781, "MRm_new": 638.0826440953493, "HITS@1m_new": 0.06448060598728479, "HITS@3m_new": 0.11038563506557839, "HITS@10m_new": 0.19012473295198287}