{"MRRm_new": 0.1771147319634256, "MRm_new": 379.8675729436636, "HITS@1m_new": 0.11258606956294388, "HITS@3m_new": 0.18711251401037443, "HITS@10m_new": 0.30687505710099355}