{"MRRm_new": 0.6312797611811857, "MRm_new": 235.7767603213936, "HITS@1m_new": 0.5727788100494181, "HITS@3m_new": 0.6590741404680739, "HITS@10m_new": 0.7421325016020346}