{"MRRm_new": 0.5898802790270029, "MRm_new": 220.25749894230069, "HITS@1m_new": 0.5212879675065487, "HITS@3m_new": 0.6214756506624908, "HITS@10m_new": 0.7223628055010922}