{"MRRm_new": 0.43452621263904073, "MRm_new": 82.07241194099188, "HITS@1m_new": 0.33900072474443005, "HITS@3m_new": 0.4792995785231469, "HITS@10m_new": 0.6173649454597034}