{"MRRm_new": 0.134644650214634, "MRm_new": 350.02589028642177, "HITS@1m_new": 0.07389090688956203, "HITS@3m_new": 0.14333420540110092, "HITS@10m_new": 0.25135047048481646}