{"MRRm_new": 0.08673314276435122, "MRm_new": 739.0636904961109, "HITS@1m_new": 0.0460046519232681, "HITS@3m_new": 0.08771934698100667, "HITS@10m_new": 0.1656976940352819}