{"MRRm_new": 0.2218139988578505, "MRm_new": 1624.0885794730782, "HITS@1m_new": 0.14963610385271023, "HITS@3m_new": 0.2394015635191463, "HITS@10m_new": 0.3644642685794679}