{"MRRm_new": 0.32292421749615824, "MRm_new": 489.11896734514835, "HITS@1m_new": 0.2171195760103874, "HITS@3m_new": 0.36515696050180124, "HITS@10m_new": 0.5315112979188561}