{"MRRm_new": 0.19744441124989534, "MRm_new": 300.1674112394333, "HITS@1m_new": 0.11670505740930094, "HITS@3m_new": 0.21660671472061657, "HITS@10m_new": 0.35821579757058064}