{"MRRm_new": 0.29945031253598836, "MRm_new": 2376.789488527477, "HITS@1m_new": 0.22630835749185643, "HITS@3m_new": 0.3263665246600285, "HITS@10m_new": 0.4484501843387261}