{"MRRm_new": 0.3078086295525454, "MRm_new": 530.623553566739, "HITS@1m_new": 0.24942964893321187, "HITS@3m_new": 0.32541908243240686, "HITS@10m_new": 0.4170766277363764}