{"MRRm_new": 0.14803612513638653, "MRm_new": 219.5029900359154, "HITS@1m_new": 0.08328373217014595, "HITS@3m_new": 0.15583493276247753, "HITS@10m_new": 0.2752929806238972}