{"MRRm_new": 0.4488230850274667, "MRm_new": 171.55044730285556, "HITS@1m_new": 0.37864417789308935, "HITS@3m_new": 0.48087680884946893, "HITS@10m_new": 0.5758967917210684}