{"MRRm_new": 0.4045447068940457, "MRm_new": 272.1446370618865, "HITS@1m_new": 0.31531647862321915, "HITS@3m_new": 0.443386181108257, "HITS@10m_new": 0.5748839334492805}