{"MRRm_new": 0.4240833213386004, "MRm_new": 312.89632330295444, "HITS@1m_new": 0.3533819739202481, "HITS@3m_new": 0.45506524387418174, "HITS@10m_new": 0.5539249748967559}