{"MRRm_new": 0.2477128777698541, "MRm_new": 336.6714998963594, "HITS@1m_new": 0.1693382468281663, "HITS@3m_new": 0.27063866045121104, "HITS@10m_new": 0.40501187432706354}