{"MRRm_new": 0.514093897475941, "MRm_new": 187.41577745363116, "HITS@1m_new": 0.4055667255677072, "HITS@3m_new": 0.5754889183934465, "HITS@10m_new": 0.7237703833702399}