{"MRRm_new": 0.18123883965298154, "MRm_new": 337.82508047566415, "HITS@1m_new": 0.1154545544315537, "HITS@3m_new": 0.1878725678174291, "HITS@10m_new": 0.32320182067821734}