{"MRRm_new": 0.19301845864778297, "MRm_new": 394.0616643565178, "HITS@1m_new": 0.12953570799455047, "HITS@3m_new": 0.2034170435481239, "HITS@10m_new": 0.32146308475930707}