{"MRRm_new": 0.2429596821328455, "MRm_new": 828.2115031503439, "HITS@1m_new": 0.16940491736854893, "HITS@3m_new": 0.2624450523215928, "HITS@10m_new": 0.38976317377522357}