{"MRRm_new": 0.41725224467422684, "MRm_new": 288.6552117418945, "HITS@1m_new": 0.3496963162916181, "HITS@3m_new": 0.4484045426276425, "HITS@10m_new": 0.537689889392248}