{"MRRm_new": 0.10924935386875731, "MRm_new": 432.7535491492748, "HITS@1m_new": 0.05617636096314527, "HITS@3m_new": 0.11478387179588899, "HITS@10m_new": 0.21079027396594174}