{"MRRm_new": 0.11012820721924946, "MRm_new": 422.0677519157887, "HITS@1m_new": 0.056244263471150774, "HITS@3m_new": 0.11418739910330623, "HITS@10m_new": 0.213529653736623}