{"MRRm_new": 0.313756716239976, "MRm_new": 2005.5721458347439, "HITS@1m_new": 0.2334964333155658, "HITS@3m_new": 0.34325785119598734, "HITS@10m_new": 0.47745310291158966}