{"MRRm_new": 0.31364031902563966, "MRm_new": 1873.0808797827362, "HITS@1m_new": 0.23391659040073864, "HITS@3m_new": 0.34230925230588766, "HITS@10m_new": 0.4865878188220086}