{"MRRm_new": 0.3549471615818438, "MRm_new": 410.4600933961943, "HITS@1m_new": 0.2858360428354936, "HITS@3m_new": 0.38359387168602554, "HITS@10m_new": 0.4828155407918821}