{"MRRm_new": 0.27340097898035354, "MRm_new": 2163.4701492961644, "HITS@1m_new": 0.2056848315399111, "HITS@3m_new": 0.2961512077688385, "HITS@10m_new": 0.4011229281458654}