{"MRRm_new": 0.23044366133145378, "MRm_new": 435.1474391828537, "HITS@1m_new": 0.15548276140951783, "HITS@3m_new": 0.24690743781542404, "HITS@10m_new": 0.38256424343958495}