{"MRRm_new": 0.35369436814145866, "MRm_new": 237.80501410648228, "HITS@1m_new": 0.2461566453492269, "HITS@3m_new": 0.39851099720038474, "HITS@10m_new": 0.5726792471292429}