{"MRRm_new": 0.40884838541223417, "MRm_new": 149.53752654622494, "HITS@1m_new": 0.3058716710021472, "HITS@3m_new": 0.45321212830893637, "HITS@10m_new": 0.6104104857089405}