{"MRRm_new": 0.6733575834926087, "MRm_new": 196.92490620511026, "HITS@1m_new": 0.61752272965679, "HITS@3m_new": 0.7034363820332219, "HITS@10m_new": 0.7792503045624398}