{"MRRm_new": 0.6857003296442035, "MRm_new": 173.52417371325194, "HITS@1m_new": 0.6336855321053481, "HITS@3m_new": 0.7126864727878638, "HITS@10m_new": 0.7807483861646397}