{"MRRm_new": 0.745342188660451, "MRm_new": 116.43931102754176, "HITS@1m_new": 0.6885241096693644, "HITS@3m_new": 0.7787986944499208, "HITS@10m_new": 0.8508550364622497}