{"MRRm_new": 0.5079137170641934, "MRm_new": 194.803617114231, "HITS@1m_new": 0.4025545596341435, "HITS@3m_new": 0.5652204856722565, "HITS@10m_new": 0.714198911225496}