{"MRRm_new": 0.10749090711505414, "MRm_new": 3986.317128470707, "HITS@1m_new": 0.06257707932498306, "HITS@3m_new": 0.11387024719449691, "HITS@10m_new": 0.1988212391551584}