{"MRRm_new": 0.5118017276970768, "MRm_new": 164.7064138840139, "HITS@1m_new": 0.4013676443402401, "HITS@3m_new": 0.5714443902671373, "HITS@10m_new": 0.7291245257259871}