{"MRRm_new": 0.28038977700403483, "MRm_new": 527.2598808012307, "HITS@1m_new": 0.22012926827376214, "HITS@3m_new": 0.29762625165986173, "HITS@10m_new": 0.3954770933840118}