{"MRRm_new": 0.362302922612178, "MRm_new": 193.46507358419896, "HITS@1m_new": 0.2512136645144783, "HITS@3m_new": 0.41315200517186895, "HITS@10m_new": 0.585720745112747}