{"MRRm_new": 0.294770055417398, "MRm_new": 2338.7095294916926, "HITS@1m_new": 0.21596908335317858, "HITS@3m_new": 0.3179939862532774, "HITS@10m_new": 0.455131936642807}