{"MRRm_new": 0.096758203398771, "MRm_new": 518.3469300297737, "HITS@1m_new": 0.04505246777316788, "HITS@3m_new": 0.10301422591621522, "HITS@10m_new": 0.19633763614078054}