{"MRRm_new": 0.1469819255840921, "MRm_new": 272.78735282030107, "HITS@1m_new": 0.07835300141189946, "HITS@3m_new": 0.15950654923873953, "HITS@10m_new": 0.27914962071124466}