{"MRRm_new": 0.43169208713041646, "MRm_new": 216.06127409106492, "HITS@1m_new": 0.32235488238765175, "HITS@3m_new": 0.48259258311668235, "HITS@10m_new": 0.6555500356363773}