{"MRRm_new": 0.496125016351476, "MRm_new": 213.21092959867417, "HITS@1m_new": 0.38829735547763994, "HITS@3m_new": 0.5535992779383996, "HITS@10m_new": 0.7114302391105557}