{"MRRm_new": 0.5214118447324482, "MRm_new": 74.11702475914359, "HITS@1m_new": 0.39412675075186415, "HITS@3m_new": 0.5991168730568024, "HITS@10m_new": 0.7578560152905993}