{"MRRm_new": 0.3635115926291201, "MRm_new": 406.91859979424623, "HITS@1m_new": 0.29803371327398054, "HITS@3m_new": 0.3895728126280592, "HITS@10m_new": 0.4867338591390144}