{"MRRm_new": 0.2199479729226009, "MRm_new": 1815.9836298731864, "HITS@1m_new": 0.14937193894028314, "HITS@3m_new": 0.23677871416546986, "HITS@10m_new": 0.3556689409959072}