{"MRRm_new": 0.1769275784268495, "MRm_new": 380.2579205123186, "HITS@1m_new": 0.11249928133627982, "HITS@3m_new": 0.18653057182554622, "HITS@10m_new": 0.30690981560584624}