{"MRRm_new": 0.11609842540447571, "MRm_new": 3611.626625654292, "HITS@1m_new": 0.07355793398004025, "HITS@3m_new": 0.12283549868282861, "HITS@10m_new": 0.20435764186489397}