{"MRRm_new": 0.1520488954516768, "MRm_new": 280.21602561399936, "HITS@1m_new": 0.09031337980048265, "HITS@3m_new": 0.15869850558220058, "HITS@10m_new": 0.27426160768248375}