{"MRRm_new": 0.4044775674153188, "MRm_new": 293.80263340500744, "HITS@1m_new": 0.3168593609539821, "HITS@3m_new": 0.44248990353591217, "HITS@10m_new": 0.5742372146760827}