{"MRRm_new": 0.32602107142423575, "MRm_new": 534.7402046743855, "HITS@1m_new": 0.2650645344506411, "HITS@3m_new": 0.3501968630425108, "HITS@10m_new": 0.43760232043905123}