{"MRRm_new": 0.5097134196491825, "MRm_new": 187.36884428435565, "HITS@1m_new": 0.40130977276047997, "HITS@3m_new": 0.5714235702905244, "HITS@10m_new": 0.7190144361987113}