{"MRRm_new": 0.15397735686272207, "MRm_new": 281.3802033988714, "HITS@1m_new": 0.08912410586152691, "HITS@3m_new": 0.16325887726102956, "HITS@10m_new": 0.28116959773537237}