{"MRRm_new": 0.19434845436652676, "MRm_new": 1864.1844245659113, "HITS@1m_new": 0.1251809998609242, "HITS@3m_new": 0.20787149226939072, "HITS@10m_new": 0.3285984069025144}