{"MRRm_new": 0.2520325224586908, "MRm_new": 353.2122040316105, "HITS@1m_new": 0.1719239159553079, "HITS@3m_new": 0.27397471039416266, "HITS@10m_new": 0.40990539268087595}