{"MRRm_new": 0.119984409592679, "MRm_new": 3635.999565685511, "HITS@1m_new": 0.07681706987796351, "HITS@3m_new": 0.12615602593515068, "HITS@10m_new": 0.20735947805461474}