{"MRRm_new": 0.6813665426265443, "MRm_new": 184.6512855379358, "HITS@1m_new": 0.6257934631668286, "HITS@3m_new": 0.711283203104802, "HITS@10m_new": 0.7855008313676081}