{"MRRm_new": 0.1805975946258317, "MRm_new": 345.09041167242526, "HITS@1m_new": 0.11484318092031753, "HITS@3m_new": 0.18730193999973127, "HITS@10m_new": 0.32275812315233054}