{"MRRm_new": 0.11203258159488323, "MRm_new": 354.271128737092, "HITS@1m_new": 0.05365722038673702, "HITS@3m_new": 0.12010834956793115, "HITS@10m_new": 0.2234859015477821}