{"MRRm_new": 0.5038679172251296, "MRm_new": 197.25665410912038, "HITS@1m_new": 0.39675805041134665, "HITS@3m_new": 0.5636112425604042, "HITS@10m_new": 0.7113862177702467}