{"MRRm_new": 0.5721110272531523, "MRm_new": 59.27172082796693, "HITS@1m_new": 0.42009662552110966, "HITS@3m_new": 0.6817382466150448, "HITS@10m_new": 0.843798433794378}