{"MRRm_new": 0.40676300142053967, "MRm_new": 278.6914603817016, "HITS@1m_new": 0.3166842536370095, "HITS@3m_new": 0.4444249556739851, "HITS@10m_new": 0.5845591709341679}