{"MRRm_new": 0.41471168999925156, "MRm_new": 254.43181047128886, "HITS@1m_new": 0.3460015939627483, "HITS@3m_new": 0.4451878327638551, "HITS@10m_new": 0.5394018666397605}