{"MRRm_new": 0.11358746214989515, "MRm_new": 477.8818101474047, "HITS@1m_new": 0.062131105855468195, "HITS@3m_new": 0.11729042372320546, "HITS@10m_new": 0.215739628660935}