{"MRRm_new": 0.3008332715738975, "MRm_new": 2146.3201367821994, "HITS@1m_new": 0.23367708249890712, "HITS@3m_new": 0.31863074943219544, "HITS@10m_new": 0.43873417317713026}