{"MRRm_new": 0.14645832996161606, "MRm_new": 4307.093666251689, "HITS@1m_new": 0.09689900411682902, "HITS@3m_new": 0.15387628563516773, "HITS@10m_new": 0.24331530636386015}