{"MRRm_new": 0.31490725197902336, "MRm_new": 1866.260109433949, "HITS@1m_new": 0.23216467269009444, "HITS@3m_new": 0.3406741085457616, "HITS@10m_new": 0.4878013671704102}