{"MRRm_new": 0.2566363130415684, "MRm_new": 433.2834267526418, "HITS@1m_new": 0.18063720735904645, "HITS@3m_new": 0.28289223657611, "HITS@10m_new": 0.4009498380555306}