{"MRRm_new": 0.3055514790994512, "MRm_new": 2192.7428069554867, "HITS@1m_new": 0.22647944008884952, "HITS@3m_new": 0.3273578745175619, "HITS@10m_new": 0.47451787919923666}