{"MRRm_new": 0.4928537924821421, "MRm_new": 283.5401977138147, "HITS@1m_new": 0.4267454548549431, "HITS@3m_new": 0.5193522135215172, "HITS@10m_new": 0.6189271668176152}