{"MRRm_new": 0.2111162099610374, "MRm_new": 1882.388765655607, "HITS@1m_new": 0.14460846036238945, "HITS@3m_new": 0.22751791562393192, "HITS@10m_new": 0.33994041575925077}