{"MRRm_new": 0.257441317031371, "MRm_new": 372.522957291618, "HITS@1m_new": 0.18171942603457863, "HITS@3m_new": 0.28257681876378776, "HITS@10m_new": 0.40317443450243445}