{"MRRm_new": 0.44535585297791475, "MRm_new": 219.3874961251691, "HITS@1m_new": 0.3763036908184731, "HITS@3m_new": 0.47756053629658707, "HITS@10m_new": 0.5695124601090938}