{"MRRm_new": 0.41423239921607774, "MRm_new": 1111.5117962903678, "HITS@1m_new": 0.30048587975185365, "HITS@3m_new": 0.46899175279331395, "HITS@10m_new": 0.6415381923918613}