{"MRRm_new": 0.4408179467961918, "MRm_new": 96.49285297988355, "HITS@1m_new": 0.3347248730487918, "HITS@3m_new": 0.49172370048585434, "HITS@10m_new": 0.6473437840853585}