{"MRRm_new": 0.19873915555798793, "MRm_new": 1662.0787475069462, "HITS@1m_new": 0.1307842289324035, "HITS@3m_new": 0.20919095372446464, "HITS@10m_new": 0.3318238864356535}