{"MRRm_new": 0.09329871209444973, "MRm_new": 635.9979935162067, "HITS@1m_new": 0.05007656100995373, "HITS@3m_new": 0.09694063088909606, "HITS@10m_new": 0.1695726179085963}