{"MRRm_new": 0.43477661260348216, "MRm_new": 93.96722270417213, "HITS@1m_new": 0.32806113248206387, "HITS@3m_new": 0.4844971757704043, "HITS@10m_new": 0.642518017856899}