{"MRRm_new": 0.0766671738244564, "MRm_new": 752.2074173187256, "HITS@1m_new": 0.03641461374654318, "HITS@3m_new": 0.07630286106746643, "HITS@10m_new": 0.15340534606915898}