{"MRRm_new": 0.1198627039391402, "MRm_new": 3629.3241405083895, "HITS@1m_new": 0.07770236530327237, "HITS@3m_new": 0.12660103404959663, "HITS@10m_new": 0.20708799994178118}