{"MRRm_new": 0.25077708952683025, "MRm_new": 351.59162909429074, "HITS@1m_new": 0.17462951836833962, "HITS@3m_new": 0.2682466687363107, "HITS@10m_new": 0.4059032886522822}