{"MRRm_new": 0.3297735398755431, "MRm_new": 166.94168423685431, "HITS@1m_new": 0.24319552004896106, "HITS@3m_new": 0.36527503649776916, "HITS@10m_new": 0.4963877452045854}