{"MRRm_new": 0.5783757201507614, "MRm_new": 198.43370604743063, "HITS@1m_new": 0.498921746372318, "HITS@3m_new": 0.6179049206735726, "HITS@10m_new": 0.7320773776666029}