{"MRRm_new": 0.21170220516961855, "MRm_new": 317.4742652943611, "HITS@1m_new": 0.13190376946864416, "HITS@3m_new": 0.22872966148521517, "HITS@10m_new": 0.3729472965284367}