{"MRRm_new": 0.3068235453802936, "MRm_new": 1871.5657303097248, "HITS@1m_new": 0.22587832368654198, "HITS@3m_new": 0.3331416581472149, "HITS@10m_new": 0.47184961894422306}