{"MRRm_new": 0.29749293637504615, "MRm_new": 713.0320996115506, "HITS@1m_new": 0.19430130518693478, "HITS@3m_new": 0.33988083111867307, "HITS@10m_new": 0.5029479262707754}