{"MRRm_new": 0.12801923434814808, "MRm_new": 15280.478295345962, "HITS@1m_new": 0.08482895247009582, "HITS@3m_new": 0.14073171963659115, "HITS@10m_new": 0.2147165185974445}