{"MRRm_new": 0.22141300434596195, "MRm_new": 255.8775206116438, "HITS@1m_new": 0.14008106294320896, "HITS@3m_new": 0.23400507436273618, "HITS@10m_new": 0.3866165360699408}