{"MRRm_new": 0.2100666193529214, "MRm_new": 1360.0008008549512, "HITS@1m_new": 0.14320264205010608, "HITS@3m_new": 0.2219078225035337, "HITS@10m_new": 0.3410687077243929}