{"MRRm_new": 0.1499089789378224, "MRm_new": 242.8304803362131, "HITS@1m_new": 0.07764378266399727, "HITS@3m_new": 0.15962160500194877, "HITS@10m_new": 0.29658830875232817}