{"MRRm_new": 0.212860836883503, "MRm_new": 1345.6940319942535, "HITS@1m_new": 0.1448156750012422, "HITS@3m_new": 0.2260133120182436, "HITS@10m_new": 0.3459437088703853}