{"MRRm_new": 0.19921090396259752, "MRm_new": 485.2620066661909, "HITS@1m_new": 0.12764703438696598, "HITS@3m_new": 0.21750801568260794, "HITS@10m_new": 0.34206070324102256}