{"MRRm_new": 0.2394519524595653, "MRm_new": 3259.5916690797208, "HITS@1m_new": 0.17744852778615314, "HITS@3m_new": 0.26699237041460583, "HITS@10m_new": 0.3587546153575022}