{"MRRm_new": 0.5221095493879493, "MRm_new": 144.66772664824128, "HITS@1m_new": 0.40852307030084556, "HITS@3m_new": 0.5849160423408648, "HITS@10m_new": 0.7467544469576969}