{"MRRm_new": 0.7125423972708677, "MRm_new": 153.75877529099583, "HITS@1m_new": 0.6518555957343924, "HITS@3m_new": 0.7473633345409871, "HITS@10m_new": 0.8260660514681658}