{"MRRm_new": 0.248949779209563, "MRm_new": 347.5594232146263, "HITS@1m_new": 0.17327110528503545, "HITS@3m_new": 0.268649242918659, "HITS@10m_new": 0.4039158253068104}