{"MRRm_new": 0.2507339264159864, "MRm_new": 2951.4555922572913, "HITS@1m_new": 0.1717616686745605, "HITS@3m_new": 0.27001672205596694, "HITS@10m_new": 0.40714634283515627}