{"MRRm_new": 0.4438445590210113, "MRm_new": 394.34296807293595, "HITS@1m_new": 0.3810797663686681, "HITS@3m_new": 0.46705205260709043, "HITS@10m_new": 0.5613382051354856}