{"MRRm_new": 0.4496504783592818, "MRm_new": 215.91293483069538, "HITS@1m_new": 0.38086676746819287, "HITS@3m_new": 0.479235859016233, "HITS@10m_new": 0.5741878145960508}