{"MRRm_new": 0.7232426382236781, "MRm_new": 145.51011512177436, "HITS@1m_new": 0.6617776400224539, "HITS@3m_new": 0.7593838479266269, "HITS@10m_new": 0.8367282800632238}