{"MRRm_new": 0.605443415867333, "MRm_new": 116.9619602458626, "HITS@1m_new": 0.5329106379915356, "HITS@3m_new": 0.644842356271256, "HITS@10m_new": 0.7386976914468978}