{"MRRm_new": 0.3477927322109281, "MRm_new": 154.93198183900117, "HITS@1m_new": 0.25877010013251855, "HITS@3m_new": 0.38529360633001486, "HITS@10m_new": 0.5179850129504048}