{"MRRm_new": 0.28938476619431003, "MRm_new": 2009.672889967382, "HITS@1m_new": 0.2119202441064408, "HITS@3m_new": 0.31266975244262724, "HITS@10m_new": 0.44672119938535615}