{"MRRm_new": 0.2303035213623123, "MRm_new": 437.095372489357, "HITS@1m_new": 0.15491274837526725, "HITS@3m_new": 0.24731776195866986, "HITS@10m_new": 0.3839838626200333}