{"MRRm_new": 0.25753469260405254, "MRm_new": 331.6888953117132, "HITS@1m_new": 0.18169915082175284, "HITS@3m_new": 0.27263031252156944, "HITS@10m_new": 0.4146961013879627}