{"MRRm_new": 0.2370709327615732, "MRm_new": 3219.5723833845555, "HITS@1m_new": 0.17508327274479962, "HITS@3m_new": 0.2657423592053965, "HITS@10m_new": 0.35675507423914676}