{"MRRm_new": 0.09306255615688133, "MRm_new": 514.0965588388443, "HITS@1m_new": 0.04317696167161921, "HITS@3m_new": 0.0987334269763669, "HITS@10m_new": 0.18734306602627038}