{"MRRm_new": 0.28626716616053366, "MRm_new": 221.5678915412128, "HITS@1m_new": 0.17142335808300413, "HITS@3m_new": 0.3287646365343826, "HITS@10m_new": 0.5225094985263422}