{"MRRm_new": 0.31406881306210427, "MRm_new": 1764.1740123487414, "HITS@1m_new": 0.23442868829029612, "HITS@3m_new": 0.34261407037451863, "HITS@10m_new": 0.4865905444343807}