{"MRRm_new": 0.1466461451588707, "MRm_new": 4274.983889992893, "HITS@1m_new": 0.09701956460307702, "HITS@3m_new": 0.15379753070043808, "HITS@10m_new": 0.24349332443019375}