{"MRRm_new": 0.24694692283473432, "MRm_new": 703.7239109243452, "HITS@1m_new": 0.14028987414517904, "HITS@3m_new": 0.28282642177690287, "HITS@10m_new": 0.465245802603662}