{"MRRm_new": 0.4023636448510033, "MRm_new": 305.0578835470229, "HITS@1m_new": 0.33496299753225683, "HITS@3m_new": 0.4321352199172979, "HITS@10m_new": 0.5227284839799977}