{"MRRm_new": 0.7075860884405838, "MRm_new": 154.8061788924411, "HITS@1m_new": 0.6473072184342891, "HITS@3m_new": 0.7417307147263782, "HITS@10m_new": 0.8193332893037878}