{"MRRm_new": 0.6180052534510669, "MRm_new": 181.05887567022444, "HITS@1m_new": 0.5433234414804465, "HITS@3m_new": 0.6566868093105731, "HITS@10m_new": 0.7616911295395111}