{"MRRm_new": 0.1998655565039562, "MRm_new": 2301.7891235892625, "HITS@1m_new": 0.1330399632074841, "HITS@3m_new": 0.22745122183482452, "HITS@10m_new": 0.33347771177496177}