{"MRRm_new": 0.1793371134907109, "MRm_new": 175.42971984312535, "HITS@1m_new": 0.10486889939554966, "HITS@3m_new": 0.19172496749204584, "HITS@10m_new": 0.32969106663484127}