{"MRRm_new": 0.6934278312038595, "MRm_new": 168.09136708210409, "HITS@1m_new": 0.6410710036749552, "HITS@3m_new": 0.7216411502625487, "HITS@10m_new": 0.7886157877894948}