{"MRRm_new": 0.2575586962823276, "MRm_new": 333.10026936969757, "HITS@1m_new": 0.1816500573001802, "HITS@3m_new": 0.2729108960198238, "HITS@10m_new": 0.4138323763970286}