{"MRRm_new": 0.10459926612432173, "MRm_new": 3999.9351950635196, "HITS@1m_new": 0.060996290735900405, "HITS@3m_new": 0.10949536383072846, "HITS@10m_new": 0.1947835385298822}