{"MRRm_new": 0.2872688601372938, "MRm_new": 2263.332939071611, "HITS@1m_new": 0.2402333754345018, "HITS@3m_new": 0.3067720649780458, "HITS@10m_new": 0.3790896495310408}