{"MRRm_new": 0.19260310031293484, "MRm_new": 311.2146988465309, "HITS@1m_new": 0.12394099189877161, "HITS@3m_new": 0.19872067366939156, "HITS@10m_new": 0.3366968097711913}