{"MRRm_new": 0.3351028498114247, "MRm_new": 342.59004346604644, "HITS@1m_new": 0.24928095415158896, "HITS@3m_new": 0.36581400314715573, "HITS@10m_new": 0.5068200803993678}