{"MRRm_new": 0.32077609824591535, "MRm_new": 1697.8929076324105, "HITS@1m_new": 0.23819160631741398, "HITS@3m_new": 0.35370410337520297, "HITS@10m_new": 0.483741874036612}