{"MRRm_new": 0.5021405690759694, "MRm_new": 206.0622866049558, "HITS@1m_new": 0.3966052847295941, "HITS@3m_new": 0.5589621639753859, "HITS@10m_new": 0.7086475473565516}