{"MRRm_new": 0.32450336459344364, "MRm_new": 212.1413752296269, "HITS@1m_new": 0.2385652233234723, "HITS@3m_new": 0.35842494589497803, "HITS@10m_new": 0.4877402899185108}