{"MRRm_new": 0.13588272318781036, "MRm_new": 640.0048868254796, "HITS@1m_new": 0.07516894450439213, "HITS@3m_new": 0.14387760764140695, "HITS@10m_new": 0.26053053724417985}