{"MRRm_new": 0.10283121801332164, "MRm_new": 3623.1893138671635, "HITS@1m_new": 0.05935877921069041, "HITS@3m_new": 0.1077057690333575, "HITS@10m_new": 0.1943383773101028}