{"MRRm_new": 0.22599012019872952, "MRm_new": 1413.7857431084813, "HITS@1m_new": 0.15794685515231685, "HITS@3m_new": 0.24098221758872387, "HITS@10m_new": 0.35469008416312864}