{"MRRm_new": 0.18958827088269753, "MRm_new": 282.43280918793675, "HITS@1m_new": 0.11096654861693969, "HITS@3m_new": 0.20609875345993786, "HITS@10m_new": 0.34515615210323597}