{"MRRm_new": 0.09253763541318913, "MRm_new": 514.7992920010566, "HITS@1m_new": 0.042838372695317956, "HITS@3m_new": 0.09813304549164605, "HITS@10m_new": 0.18639821969778278}