{"MRRm_new": 0.23036405737845198, "MRm_new": 435.14705854411125, "HITS@1m_new": 0.1552819484021631, "HITS@3m_new": 0.246914622016903, "HITS@10m_new": 0.38256424343958495}