{"MRRm_new": 0.21608144056116288, "MRm_new": 129.5508730877161, "HITS@1m_new": 0.1339730014925357, "HITS@3m_new": 0.23409833754254505, "HITS@10m_new": 0.3834158430993557}