{"MRRm_new": 0.1534203830726642, "MRm_new": 4231.1526755882205, "HITS@1m_new": 0.10480814109445782, "HITS@3m_new": 0.1600859732285462, "HITS@10m_new": 0.24791252524065202}