{"MRRm_new": 0.3167343911508451, "MRm_new": 2031.6710945737957, "HITS@1m_new": 0.23335009167715906, "HITS@3m_new": 0.3505970683246851, "HITS@10m_new": 0.4911022850847803}