{"MRRm_new": 0.3110234912398, "MRm_new": 507.13455554069577, "HITS@1m_new": 0.2520972951560034, "HITS@3m_new": 0.32852293337343874, "HITS@10m_new": 0.4221930537741464}