{"MRRm_new": 0.1071976604955562, "MRm_new": 719.688686333704, "HITS@1m_new": 0.06440521671256283, "HITS@3m_new": 0.11031073850974207, "HITS@10m_new": 0.18956166935298824}