{"MRRm_new": 0.10773510060040571, "MRm_new": 3619.90938832531, "HITS@1m_new": 0.06279844267689623, "HITS@3m_new": 0.11161235410613007, "HITS@10m_new": 0.20293040001387708}