{"MRRm_new": 0.09306948405379226, "MRm_new": 514.0964741416931, "HITS@1m_new": 0.04317696167161921, "HITS@3m_new": 0.0987334269763669, "HITS@10m_new": 0.18734306602627038}