{"MRRm_new": 0.5004916079191444, "MRm_new": 208.34858021332323, "HITS@1m_new": 0.395584570808016, "HITS@3m_new": 0.5566677574176975, "HITS@10m_new": 0.706052879924886}