{"MRRm_new": 0.1719785433257657, "MRm_new": 573.2805150364563, "HITS@1m_new": 0.10620302006397106, "HITS@3m_new": 0.18630085699682242, "HITS@10m_new": 0.3048646600532993}