{"MRRm_new": 0.185933167223676, "MRm_new": 213.88374984350204, "HITS@1m_new": 0.08660535908606835, "HITS@3m_new": 0.20828068287493662, "HITS@10m_new": 0.4006635738405399}