{"MRRm_new": 0.29791290485526223, "MRm_new": 238.22454116240144, "HITS@1m_new": 0.21638821068497055, "HITS@3m_new": 0.32713604994655177, "HITS@10m_new": 0.45461271153198324}