{"MRRm_new": 0.4971236171418204, "MRm_new": 205.9813226250857, "HITS@1m_new": 0.39016678532737203, "HITS@3m_new": 0.5537023721073019, "HITS@10m_new": 0.7093291044424405}