{"MRRm_new": 0.7411175776987966, "MRm_new": 121.95838880372047, "HITS@1m_new": 0.6846838172030257, "HITS@3m_new": 0.7742873874044526, "HITS@10m_new": 0.8459312641262077}