{"MRRm_new": 0.24753781668860902, "MRm_new": 374.85363732905387, "HITS@1m_new": 0.17292343352879397, "HITS@3m_new": 0.26600873832544314, "HITS@10m_new": 0.3990581959709525}