{"MRRm_new": 0.2784983308872133, "MRm_new": 472.47439785553513, "HITS@1m_new": 0.21917076049988826, "HITS@3m_new": 0.2963323875869064, "HITS@10m_new": 0.38871018347587233}