{"MRRm_new": 0.12486853674823506, "MRm_new": 315.5205428565741, "HITS@1m_new": 0.06463452737533953, "HITS@3m_new": 0.13071986160506494, "HITS@10m_new": 0.24187330130189658}