{"MRRm_new": 0.4572118192744165, "MRm_new": 835.3040639303923, "HITS@1m_new": 0.3403058414948173, "HITS@3m_new": 0.5274294382310473, "HITS@10m_new": 0.6806350214590784}