{"MRRm_new": 0.19245895490817347, "MRm_new": 289.7921118838787, "HITS@1m_new": 0.12257505447841832, "HITS@3m_new": 0.19928055432376568, "HITS@10m_new": 0.33811433066157626}