{"MRRm_new": 0.22133612007006742, "MRm_new": 270.4427739443779, "HITS@1m_new": 0.1404245505995117, "HITS@3m_new": 0.23438327858438715, "HITS@10m_new": 0.38405734939286484}