{"MRRm_new": 0.19195908323719185, "MRm_new": 1791.5567229364217, "HITS@1m_new": 0.12377997794174007, "HITS@3m_new": 0.20440206042397768, "HITS@10m_new": 0.3263189494101098}