{"MRRm_new": 0.21337461355466658, "MRm_new": 301.4953383291245, "HITS@1m_new": 0.13355810859253398, "HITS@3m_new": 0.23041660930890356, "HITS@10m_new": 0.3750693314117496}