{"MRRm_new": 0.33157998437855984, "MRm_new": 208.74632324159145, "HITS@1m_new": 0.2448140073257091, "HITS@3m_new": 0.3665702054104768, "HITS@10m_new": 0.4977120806623279}