{"MRRm_new": 0.5136016057428751, "MRm_new": 239.14363885409384, "HITS@1m_new": 0.4503385044721508, "HITS@3m_new": 0.5394053305597336, "HITS@10m_new": 0.6350102185366159}