{"MRRm_new": 0.280114236435079, "MRm_new": 531.0078541114628, "HITS@1m_new": 0.21978085917082354, "HITS@3m_new": 0.29762432577974324, "HITS@10m_new": 0.3949998415894006}