{"MRRm_new": 0.2507038476357935, "MRm_new": 341.38701473267076, "HITS@1m_new": 0.17530662885463097, "HITS@3m_new": 0.26752630909332076, "HITS@10m_new": 0.4066387613230385}