{"MRRm_new": 0.20015077126410416, "MRm_new": 2338.9817447939963, "HITS@1m_new": 0.13436091571424913, "HITS@3m_new": 0.22782766939183058, "HITS@10m_new": 0.33048379692232993}