{"MRRm_new": 0.09329676836516883, "MRm_new": 635.9975637670993, "HITS@1m_new": 0.05007656100995373, "HITS@3m_new": 0.0969469642245851, "HITS@10m_new": 0.1695726179085963}