{"MRRm_new": 0.25162283930713464, "MRm_new": 4385.805281281292, "HITS@1m_new": 0.1748044178932323, "HITS@3m_new": 0.2724431463453511, "HITS@10m_new": 0.4046152165392123}