{"MRRm_new": 0.17666461236076283, "MRm_new": 394.1383124675989, "HITS@1m_new": 0.11262139461723272, "HITS@3m_new": 0.1850986009764485, "HITS@10m_new": 0.3078391820273129}