{"MRRm_new": 0.6745440888575431, "MRm_new": 189.27511645387858, "HITS@1m_new": 0.6189882158702494, "HITS@3m_new": 0.7041752064164611, "HITS@10m_new": 0.779843231626015}