{"MRRm_new": 0.41428900307835465, "MRm_new": 969.7693792381584, "HITS@1m_new": 0.28688705804757775, "HITS@3m_new": 0.4775429506173823, "HITS@10m_new": 0.672397723401431}