{"MRRm_new": 0.6720399512315389, "MRm_new": 196.68296486464888, "HITS@1m_new": 0.6162885337314947, "HITS@3m_new": 0.7020485300587607, "HITS@10m_new": 0.7780217931204751}