{"MRRm_new": 0.21330978167171996, "MRm_new": 304.78973530921934, "HITS@1m_new": 0.13336067269494525, "HITS@3m_new": 0.2302675616860739, "HITS@10m_new": 0.37534334025952265}