{"MRRm_new": 0.3289395615971407, "MRm_new": 2912.768640903294, "HITS@1m_new": 0.2903372856603819, "HITS@3m_new": 0.346722287580822, "HITS@10m_new": 0.3991390932862705}