{"MRRm_new": 0.20762248511168763, "MRm_new": 2364.1207166641802, "HITS@1m_new": 0.140950549168454, "HITS@3m_new": 0.23712960710081096, "HITS@10m_new": 0.34018698613553716}