{"MRRm_new": 0.39984672230663637, "MRm_new": 154.82802255807817, "HITS@1m_new": 0.29753885631619775, "HITS@3m_new": 0.4454216115605668, "HITS@10m_new": 0.5985521173571178}