{"MRRm_new": 0.19813796044053306, "MRm_new": 303.4964816649437, "HITS@1m_new": 0.13033165150063578, "HITS@3m_new": 0.2017442473696545, "HITS@10m_new": 0.33538369572352383}