{"MRRm_new": 0.2119792860465677, "MRm_new": 339.3950093417168, "HITS@1m_new": 0.136310012368951, "HITS@3m_new": 0.22926441623116844, "HITS@10m_new": 0.36357765031182787}