{"MRRm_new": 0.18004003336747557, "MRm_new": 348.76220326273443, "HITS@1m_new": 0.11441565131232492, "HITS@3m_new": 0.18643937515360304, "HITS@10m_new": 0.3214595583442599}