{"MRRm_new": 0.1052839772269057, "MRm_new": 372.7233537022591, "HITS@1m_new": 0.04985231743364129, "HITS@3m_new": 0.11106078118924051, "HITS@10m_new": 0.21022343893852086}