{"MRRm_new": 0.07583338940975955, "MRm_new": 740.2899630877018, "HITS@1m_new": 0.0357261097590148, "HITS@3m_new": 0.0755393292311579, "HITS@10m_new": 0.15274814091699662}