{"MRRm_new": 0.29403479160490315, "MRm_new": 2333.1703953737915, "HITS@1m_new": 0.2154012344230432, "HITS@3m_new": 0.31759075334912634, "HITS@10m_new": 0.4539276963514276}