{"MRRm_new": 0.24077797784572905, "MRm_new": 332.25717226109504, "HITS@1m_new": 0.1645582441972103, "HITS@3m_new": 0.26130135577069596, "HITS@10m_new": 0.39786588755613195}