{"MRRm_new": 0.36153450494944717, "MRm_new": 467.3236691968292, "HITS@1m_new": 0.2976097827678896, "HITS@3m_new": 0.3882474790789274, "HITS@10m_new": 0.4769029841989832}