{"MRRm_new": 0.31033308502676166, "MRm_new": 1796.5250740614235, "HITS@1m_new": 0.22851865813345648, "HITS@3m_new": 0.343992193356622, "HITS@10m_new": 0.480726410131203}