{"MRRm_new": 0.08713960457535286, "MRm_new": 747.3043113097667, "HITS@1m_new": 0.0461576626464841, "HITS@3m_new": 0.08852346608045045, "HITS@10m_new": 0.16595909620843594}