{"MRRm_new": 0.3065195488010072, "MRm_new": 2184.6724408810437, "HITS@1m_new": 0.22527874918753515, "HITS@3m_new": 0.33672714233084117, "HITS@10m_new": 0.4709042585697607}