{"MRRm_new": 0.24577446542757972, "MRm_new": 213.1620463550329, "HITS@1m_new": 0.1648705242820084, "HITS@3m_new": 0.26342105361036955, "HITS@10m_new": 0.4057179772195872}