{"MRRm_new": 0.12758308708721006, "MRm_new": 14781.362547278613, "HITS@1m_new": 0.08192820185539312, "HITS@3m_new": 0.14276460825814866, "HITS@10m_new": 0.21546014296263458}