{"MRRm_new": 0.5007751366456432, "MRm_new": 266.8715660489723, "HITS@1m_new": 0.4336896757601935, "HITS@3m_new": 0.5279129335930047, "HITS@10m_new": 0.6284679990147634}