{"MRRm_new": 0.0760526697015579, "MRm_new": 754.3425687765837, "HITS@1m_new": 0.035767151606053815, "HITS@3m_new": 0.0756910756575875, "HITS@10m_new": 0.15380879280848894}