{"MRRm_new": 0.6840384646404772, "MRm_new": 184.4296185316965, "HITS@1m_new": 0.6272238872760936, "HITS@3m_new": 0.7159168144519208, "HITS@10m_new": 0.7920506419222147}