{"MRRm_new": 0.5327394030582063, "MRm_new": 213.29779461374133, "HITS@1m_new": 0.47085311215839465, "HITS@3m_new": 0.5569924544327041, "HITS@10m_new": 0.6535376354263571}