{"MRRm_new": 0.4102927723972534, "MRm_new": 338.30271742683647, "HITS@1m_new": 0.34091111749274566, "HITS@3m_new": 0.44082729963929157, "HITS@10m_new": 0.5369184621805616}