{"MRRm_new": 0.2776977829022535, "MRm_new": 355.327476682499, "HITS@1m_new": 0.19619724985228096, "HITS@3m_new": 0.3098019722649915, "HITS@10m_new": 0.4330823353875312}