{"MRRm_new": 0.315524933626461, "MRm_new": 1842.7055363155007, "HITS@1m_new": 0.2327920536423335, "HITS@3m_new": 0.34140089425398035, "HITS@10m_new": 0.4885687643524725}