{"MRRm_new": 0.48420467327277766, "MRm_new": 1033.7801905734539, "HITS@1m_new": 0.3717338080704212, "HITS@3m_new": 0.5372947896700352, "HITS@10m_new": 0.7141132395998575}