{"MRRm_new": 0.0825501247067703, "MRm_new": 697.4741546557665, "HITS@1m_new": 0.04074255774267949, "HITS@3m_new": 0.0814397236061399, "HITS@10m_new": 0.16337317233753856}