{"MRRm_new": 0.23309443926587264, "MRm_new": 232.2042761463642, "HITS@1m_new": 0.1481359268295695, "HITS@3m_new": 0.2462083450599108, "HITS@10m_new": 0.4013045410462655}