{"MRRm_new": 0.24775695970253728, "MRm_new": 349.57059317605496, "HITS@1m_new": 0.16951493103544926, "HITS@3m_new": 0.2707067439770326, "HITS@10m_new": 0.4038108910195529}