{"MRRm_new": 0.2466305273805874, "MRm_new": 2578.4724377831967, "HITS@1m_new": 0.200880887475083, "HITS@3m_new": 0.26440511186959703, "HITS@10m_new": 0.3355969369684462}