{"MRRm_new": 0.18488039862168662, "MRm_new": 436.6717086720943, "HITS@1m_new": 0.12192554597375566, "HITS@3m_new": 0.197404407521314, "HITS@10m_new": 0.3079409249109449}