{"MRRm_new": 0.23112258847162884, "MRm_new": 414.426926207304, "HITS@1m_new": 0.15529359065705212, "HITS@3m_new": 0.24797563501149417, "HITS@10m_new": 0.3840714819926769}