{"MRRm_new": 0.713958805382843, "MRm_new": 151.49620632410048, "HITS@1m_new": 0.6531964922617918, "HITS@3m_new": 0.7489150308304343, "HITS@10m_new": 0.8274793126569421}