{"MRRm_new": 0.23603195347419387, "MRm_new": 2989.373127482995, "HITS@1m_new": 0.17266832770471227, "HITS@3m_new": 0.2629859009109132, "HITS@10m_new": 0.363855438654653}