{"MRRm_new": 0.36629937393626005, "MRm_new": 398.6193559495136, "HITS@1m_new": 0.30058212792074485, "HITS@3m_new": 0.3930436055653845, "HITS@10m_new": 0.4884820650433976}