{"MRRm_new": 0.2777773254406056, "MRm_new": 2233.873344685972, "HITS@1m_new": 0.22901658177045464, "HITS@3m_new": 0.2965857349126636, "HITS@10m_new": 0.3719697530232515}