{"MRRm_new": 0.1976937199544991, "MRm_new": 367.0954067921877, "HITS@1m_new": 0.12051163192029343, "HITS@3m_new": 0.21942468924195274, "HITS@10m_new": 0.3496529107537121}