{"MRRm_new": 0.11470152979877457, "MRm_new": 434.8810826119661, "HITS@1m_new": 0.05879444088344462, "HITS@3m_new": 0.12136476931693033, "HITS@10m_new": 0.22655569365513512}