{"MRRm_new": 0.17666731609090786, "MRm_new": 394.14038773024083, "HITS@1m_new": 0.11262139461723272, "HITS@3m_new": 0.1850986009764485, "HITS@10m_new": 0.3079391820273129}