{"MRRm_new": 0.33477469332750937, "MRm_new": 196.4104901484251, "HITS@1m_new": 0.23847400978530642, "HITS@3m_new": 0.37971181658643766, "HITS@10m_new": 0.5182735250556143}