{"MRRm_new": 0.31047170743309604, "MRm_new": 2113.0178517560958, "HITS@1m_new": 0.23489241493912413, "HITS@3m_new": 0.33371939893695524, "HITS@10m_new": 0.4641846436446067}