{"MRRm_new": 0.10778557851576043, "MRm_new": 703.947523229146, "HITS@1m_new": 0.06397309882930713, "HITS@3m_new": 0.11032859532925067, "HITS@10m_new": 0.1899022804435692}