{"MRRm_new": 0.11662115166858275, "MRm_new": 347.1269919850588, "HITS@1m_new": 0.057236523105413654, "HITS@3m_new": 0.12563936995868571, "HITS@10m_new": 0.23108482505301944}