{"MRRm_new": 0.25019439430299534, "MRm_new": 378.79843073954584, "HITS@1m_new": 0.17412894599903375, "HITS@3m_new": 0.2686695953878574, "HITS@10m_new": 0.40402721020765603}