{"MRRm_new": 0.3041818996919651, "MRm_new": 2177.1771522701383, "HITS@1m_new": 0.22486195398797282, "HITS@3m_new": 0.3296581483645132, "HITS@10m_new": 0.4657006476953393}