{"MRRm_new": 0.2132800245284423, "MRm_new": 304.7924482097626, "HITS@1m_new": 0.13335810859253397, "HITS@3m_new": 0.23022470454353605, "HITS@10m_new": 0.3753605218899553}