{"MRRm_new": 0.5003065833247365, "MRm_new": 202.04865822416545, "HITS@1m_new": 0.39251046689495345, "HITS@3m_new": 0.5576027989957911, "HITS@10m_new": 0.7141965654807282}