{"MRRm_new": 0.31636190184313817, "MRm_new": 3043.928179797396, "HITS@1m_new": 0.2788065396292368, "HITS@3m_new": 0.3326003691611331, "HITS@10m_new": 0.38650581119018895}