{"MRRm_new": 0.231351431254167, "MRm_new": 1351.8275086541473, "HITS@1m_new": 0.16220225312109687, "HITS@3m_new": 0.24729947461318808, "HITS@10m_new": 0.36122210375170105}