{"MRRm_new": 0.2600950559209814, "MRm_new": 345.5825531409979, "HITS@1m_new": 0.1805092347380705, "HITS@3m_new": 0.28076544716437346, "HITS@10m_new": 0.42066661021271723}