{"MRRm_new": 0.2896054200804292, "MRm_new": 2397.4926290826797, "HITS@1m_new": 0.21205268043576506, "HITS@3m_new": 0.3209706109231338, "HITS@10m_new": 0.4431382093927823}