{"MRRm_new": 0.23035729651045259, "MRm_new": 250.42825578067303, "HITS@1m_new": 0.1434081596158445, "HITS@3m_new": 0.2449499307923019, "HITS@10m_new": 0.42467371213422156}