{"MRRm_new": 0.1180527309391895, "MRm_new": 459.20166869871616, "HITS@1m_new": 0.06417078820349416, "HITS@3m_new": 0.12380442197024823, "HITS@10m_new": 0.22483035008686128}