{"MRRm_new": 0.23851020674924367, "MRm_new": 374.1110381919622, "HITS@1m_new": 0.16158188855790068, "HITS@3m_new": 0.25571425566002726, "HITS@10m_new": 0.39483841726398095}