{"MRRm_new": 0.13594747940372554, "MRm_new": 15445.718002965063, "HITS@1m_new": 0.09185465216322336, "HITS@3m_new": 0.15114732099627146, "HITS@10m_new": 0.22605593188025522}