{"MRRm_new": 0.5476436387091926, "MRm_new": 192.67945510532707, "HITS@1m_new": 0.4826477291768242, "HITS@3m_new": 0.5763895213003416, "HITS@10m_new": 0.6724345808638609}