{"MRRm_new": 0.6732111540899969, "MRm_new": 214.56546628589928, "HITS@1m_new": 0.6150306471779003, "HITS@3m_new": 0.7040797770717326, "HITS@10m_new": 0.7810231390167391}