{"MRRm_new": 0.5751783198390004, "MRm_new": 206.41778850069642, "HITS@1m_new": 0.49690307973611925, "HITS@3m_new": 0.6133734508179987, "HITS@10m_new": 0.726246823838097}