{"MRRm_new": 0.22477590806055958, "MRm_new": 249.88889546356202, "HITS@1m_new": 0.14229083896536612, "HITS@3m_new": 0.23977112282300367, "HITS@10m_new": 0.38732848123298025}