{"MRRm_new": 0.30904031978208557, "MRm_new": 2108.851869432032, "HITS@1m_new": 0.22544134348281658, "HITS@3m_new": 0.3419708689075196, "HITS@10m_new": 0.47333412046404555}