{"MRRm_new": 0.20786238846133984, "MRm_new": 2364.1469199774115, "HITS@1m_new": 0.1416316694132256, "HITS@3m_new": 0.23685795789050462, "HITS@10m_new": 0.33993291198786757}