{"MRRm_new": 0.27858051887502916, "MRm_new": 548.5826100590378, "HITS@1m_new": 0.21850443885639106, "HITS@3m_new": 0.2963662081973853, "HITS@10m_new": 0.39220155778471233}