{"MRRm_new": 0.5242602952763209, "MRm_new": 199.72093678662927, "HITS@1m_new": 0.46179505411062566, "HITS@3m_new": 0.5490280349762979, "HITS@10m_new": 0.6434022640160983}