{"MRRm_new": 0.2022460060486319, "MRm_new": 1511.6550641352237, "HITS@1m_new": 0.13248402085533598, "HITS@3m_new": 0.21337914263340643, "HITS@10m_new": 0.34004918022698255}