{"MRRm_new": 0.14384306462317617, "MRm_new": 274.5764360334873, "HITS@1m_new": 0.07670051988362102, "HITS@3m_new": 0.15506283357744105, "HITS@10m_new": 0.2722252280079294}