{"MRRm_new": 0.3018907285889959, "MRm_new": 2151.3815495744943, "HITS@1m_new": 0.22182055503246376, "HITS@3m_new": 0.32834659426321744, "HITS@10m_new": 0.46424536339414774}