{"MRRm_new": 0.25856122195599307, "MRm_new": 374.6444819630623, "HITS@1m_new": 0.17965320340483448, "HITS@3m_new": 0.2804588602335658, "HITS@10m_new": 0.4190036550246179}