{"MRRm_new": 0.2527329254373224, "MRm_new": 342.27044710402487, "HITS@1m_new": 0.17271582370388788, "HITS@3m_new": 0.2744970005459152, "HITS@10m_new": 0.41088051214702426}