{"MRRm_new": 0.17586620698595215, "MRm_new": 432.5218789796829, "HITS@1m_new": 0.11236841123796185, "HITS@3m_new": 0.18449694861436727, "HITS@10m_new": 0.30355913685599806}