{"MRRm_new": 0.44154171334744025, "MRm_new": 229.96951745671035, "HITS@1m_new": 0.34888684978507806, "HITS@3m_new": 0.4831375320589577, "HITS@10m_new": 0.6218318715584319}