{"MRRm_new": 0.41780567512584366, "MRm_new": 248.1892752273008, "HITS@1m_new": 0.3488884020742116, "HITS@3m_new": 0.4490560306562547, "HITS@10m_new": 0.5428737708779663}