{"MRRm_new": 0.24559637132844656, "MRm_new": 353.6747932190657, "HITS@1m_new": 0.16720735798183595, "HITS@3m_new": 0.2682699630429037, "HITS@10m_new": 0.40158054954865946}