{"MRRm_new": 0.26258183936677776, "MRm_new": 2379.62973768875, "HITS@1m_new": 0.19407589397953415, "HITS@3m_new": 0.2839947989012726, "HITS@10m_new": 0.39155878096946983}