{"MRRm_new": 0.3101314798905719, "MRm_new": 2151.059335879594, "HITS@1m_new": 0.231071353249019, "HITS@3m_new": 0.3379644192412961, "HITS@10m_new": 0.4743305765777477}