{"MRRm_new": 0.25301575121717323, "MRm_new": 167.34316217005252, "HITS@1m_new": 0.14830192892090419, "HITS@3m_new": 0.28354582909308373, "HITS@10m_new": 0.47881516572441907}