{"MRRm_new": 0.36926352798114204, "MRm_new": 343.9794853144586, "HITS@1m_new": 0.29469527598840795, "HITS@3m_new": 0.3964807262031827, "HITS@10m_new": 0.5127351628565593}