{"MRRm_new": 0.273590584931072, "MRm_new": 2966.827393022418, "HITS@1m_new": 0.20117553262604634, "HITS@3m_new": 0.2970385801632365, "HITS@10m_new": 0.4179198203325796}