{"MRRm_new": 0.19440861249145383, "MRm_new": 416.43979149107935, "HITS@1m_new": 0.12889926179439062, "HITS@3m_new": 0.2096440535923932, "HITS@10m_new": 0.31890092992777935}