{"MRRm_new": 0.21269697392082454, "MRm_new": 309.01434316897394, "HITS@1m_new": 0.13314797306818654, "HITS@3m_new": 0.2287394394990406, "HITS@10m_new": 0.37395018132227703}