{"MRRm_new": 0.41869353026888395, "MRm_new": 941.9505000962913, "HITS@1m_new": 0.2850571699074935, "HITS@3m_new": 0.4931007795385085, "HITS@10m_new": 0.683328086815076}