{"MRRm_new": 0.26701475729329743, "MRm_new": 2694.286977901876, "HITS@1m_new": 0.1854788050604984, "HITS@3m_new": 0.28962578494945773, "HITS@10m_new": 0.4277942048564437}