{"MRRm_new": 0.09820472161480866, "MRm_new": 663.0630042921066, "HITS@1m_new": 0.05682259605081053, "HITS@3m_new": 0.0979202530240058, "HITS@10m_new": 0.17930366617782856}