{"MRRm_new": 0.106753865145515, "MRm_new": 762.6872489967585, "HITS@1m_new": 0.06445093988334993, "HITS@3m_new": 0.10987144800213865, "HITS@10m_new": 0.1876428689572611}