{"MRRm_new": 0.0990658003732402, "MRm_new": 478.7635723110914, "HITS@1m_new": 0.047118592125747816, "HITS@3m_new": 0.10416087654479779, "HITS@10m_new": 0.19919585175374524}