{"MRRm_new": 0.2539238359164781, "MRm_new": 253.7378671589613, "HITS@1m_new": 0.1753840904319659, "HITS@3m_new": 0.27523845473518593, "HITS@10m_new": 0.40923092266879973}