{"MRRm_new": 0.3076267670397201, "MRm_new": 474.95925436957924, "HITS@1m_new": 0.25034849839618983, "HITS@3m_new": 0.32500572774386455, "HITS@10m_new": 0.414985224067721}