{"MRRm_new": 0.13365598202332185, "MRm_new": 418.90271643021106, "HITS@1m_new": 0.07483287207998801, "HITS@3m_new": 0.14158436313788406, "HITS@10m_new": 0.2512229106735438}