{"MRRm_new": 0.1387482624322147, "MRm_new": 345.03846100592614, "HITS@1m_new": 0.07713149472919759, "HITS@3m_new": 0.14732511421675445, "HITS@10m_new": 0.25827681454361884}