{"MRRm_new": 0.13179171115495183, "MRm_new": 15762.89695097965, "HITS@1m_new": 0.0872815516430419, "HITS@3m_new": 0.1457604122578632, "HITS@10m_new": 0.21970350839640013}