{"MRRm_new": 0.23437127224594587, "MRm_new": 228.08295055708885, "HITS@1m_new": 0.14668147508176044, "HITS@3m_new": 0.247819275884144, "HITS@10m_new": 0.4304220338703599}