{"MRRm_new": 0.12107064277020399, "MRm_new": 459.17587973542214, "HITS@1m_new": 0.06806591338482686, "HITS@3m_new": 0.1254520950273145, "HITS@10m_new": 0.22553091886145993}