{"MRRm_new": 0.670106507632383, "MRm_new": 177.7283541060984, "HITS@1m_new": 0.6175433191381926, "HITS@3m_new": 0.6961024466984309, "HITS@10m_new": 0.7679022098601636}