{"MRRm_new": 0.22096784163267294, "MRm_new": 365.5212576230526, "HITS@1m_new": 0.14245456350392197, "HITS@3m_new": 0.24247677112005186, "HITS@10m_new": 0.37543478760264115}