{"MRRm_new": 0.327678966738511, "MRm_new": 1473.1716730100513, "HITS@1m_new": 0.24808477831049822, "HITS@3m_new": 0.3579654728367459, "HITS@10m_new": 0.4830852715263609}