{"MRRm_new": 0.7044713336158466, "MRm_new": 179.87053813661635, "HITS@1m_new": 0.6470359904475991, "HITS@3m_new": 0.7355355209783847, "HITS@10m_new": 0.8128760126157722}