{"MRRm_new": 0.11628823519338766, "MRm_new": 726.699839618373, "HITS@1m_new": 0.070827346133627, "HITS@3m_new": 0.11900225635168608, "HITS@10m_new": 0.20272568255497608}