{"MRRm_new": 0.3064229939769657, "MRm_new": 1946.001943186164, "HITS@1m_new": 0.2256928258531261, "HITS@3m_new": 0.33326310335996095, "HITS@10m_new": 0.47113587433716747}