{"MRRm_new": 0.4986057136952068, "MRm_new": 203.2054868888706, "HITS@1m_new": 0.3913193690712833, "HITS@3m_new": 0.5553654314510023, "HITS@10m_new": 0.7115802754138713}