{"MRRm_new": 0.23087126002876465, "MRm_new": 255.6517170411825, "HITS@1m_new": 0.14298375629798393, "HITS@3m_new": 0.24362931347430566, "HITS@10m_new": 0.42662428672309033}