{"MRRm_new": 0.1093672107460632, "MRm_new": 3641.9470378717424, "HITS@1m_new": 0.06846836693319493, "HITS@3m_new": 0.11404946443820373, "HITS@10m_new": 0.19266342572420836}