{"MRRm_new": 0.23190536323142716, "MRm_new": 3616.3331360756756, "HITS@1m_new": 0.17215268183298757, "HITS@3m_new": 0.2577611209966999, "HITS@10m_new": 0.3502640454409484}