{"MRRm_new": 0.4190360960212947, "MRm_new": 263.64696969320624, "HITS@1m_new": 0.3294623614369484, "HITS@3m_new": 0.4584070228318451, "HITS@10m_new": 0.5924329962244592}