{"MRRm_new": 0.13129895654086285, "MRm_new": 416.568247858572, "HITS@1m_new": 0.07381618441690807, "HITS@3m_new": 0.13882710284801433, "HITS@10m_new": 0.2455294399981154}