{"MRRm_new": 0.10944000259328314, "MRm_new": 3830.4370191390753, "HITS@1m_new": 0.06389791070390492, "HITS@3m_new": 0.11407052755490876, "HITS@10m_new": 0.20105073715248145}