{"MRRm_new": 0.10754759724765027, "MRm_new": 3871.1982402261497, "HITS@1m_new": 0.06201158010482322, "HITS@3m_new": 0.11297151995101012, "HITS@10m_new": 0.2014837268211879}