{"MRRm_new": 0.2893877822287486, "MRm_new": 2405.5326048490106, "HITS@1m_new": 0.21236962122767, "HITS@3m_new": 0.3200993504514918, "HITS@10m_new": 0.44239344883477316}