{"MRRm_new": 0.24146123223893118, "MRm_new": 2981.096048562974, "HITS@1m_new": 0.16739727419958217, "HITS@3m_new": 0.25462653776590016, "HITS@10m_new": 0.39444239446439316}