{"MRRm_new": 0.2600765221827223, "MRm_new": 4817.366263590008, "HITS@1m_new": 0.17849677649262594, "HITS@3m_new": 0.2829153028643923, "HITS@10m_new": 0.42383139358466726}