{"MRRm_new": 0.29131077970092883, "MRm_new": 2237.9934711625874, "HITS@1m_new": 0.2219065052815713, "HITS@3m_new": 0.31255619656603084, "HITS@10m_new": 0.427992870975344}