{"MRRm_new": 0.14267710440809514, "MRm_new": 4574.013772774189, "HITS@1m_new": 0.09445413059536077, "HITS@3m_new": 0.1499930113829323, "HITS@10m_new": 0.23504935134162952}