{"MRRm_new": 0.29043097277587276, "MRm_new": 2475.479069767624, "HITS@1m_new": 0.21233799438993448, "HITS@3m_new": 0.31188901140086817, "HITS@10m_new": 0.45196910692052916}