{"MRRm_new": 0.35929804758897355, "MRm_new": 361.0854193048924, "HITS@1m_new": 0.2868658970126926, "HITS@3m_new": 0.38445584691560364, "HITS@10m_new": 0.498279286212186}