{"MRRm_new": 0.1906791304792496, "MRm_new": 361.9804530617237, "HITS@1m_new": 0.11206212587555638, "HITS@3m_new": 0.20782523776917952, "HITS@10m_new": 0.3467072407418862}