{"MRRm_new": 0.3140542168345628, "MRm_new": 2052.762198063552, "HITS@1m_new": 0.23878332370100544, "HITS@3m_new": 0.336446440995438, "HITS@10m_new": 0.46650801160908306}