{"MRRm_new": 0.14658351684455465, "MRm_new": 639.0253323655054, "HITS@1m_new": 0.08595910957393425, "HITS@3m_new": 0.15607805995437957, "HITS@10m_new": 0.2693553474140208}