{"MRRm_new": 0.46081996626380534, "MRm_new": 382.1013696459532, "HITS@1m_new": 0.40101978468677774, "HITS@3m_new": 0.48255356516623943, "HITS@10m_new": 0.57581882211232}