{"MRRm_new": 0.23933209777164594, "MRm_new": 229.6371157000065, "HITS@1m_new": 0.15436808356607798, "HITS@3m_new": 0.25576252150628714, "HITS@10m_new": 0.41368578841248527}