{"MRRm_new": 0.17733159321466518, "MRm_new": 380.93652478940487, "HITS@1m_new": 0.11265902566677541, "HITS@3m_new": 0.18789968835648616, "HITS@10m_new": 0.3072500829460798}