{"MRRm_new": 0.42324767092968796, "MRm_new": 308.6992134062126, "HITS@1m_new": 0.3509455654200974, "HITS@3m_new": 0.4515270267181404, "HITS@10m_new": 0.5587689848646551}