{"MRRm_new": 0.36932180869728837, "MRm_new": 151.41202851650118, "HITS@1m_new": 0.2566236709082732, "HITS@3m_new": 0.4131698099481873, "HITS@10m_new": 0.6015189035204239}