{"MRRm_new": 0.1565853330641403, "MRm_new": 280.85939985682967, "HITS@1m_new": 0.09182579050366767, "HITS@3m_new": 0.16520453367135488, "HITS@10m_new": 0.2852917720617959}