{"MRRm_new": 0.1060219016852352, "MRm_new": 3734.4152064248324, "HITS@1m_new": 0.061782261013565584, "HITS@3m_new": 0.11119801843119785, "HITS@10m_new": 0.19510203785737976}