{"MRRm_new": 0.33917373557210706, "MRm_new": 522.4537391336113, "HITS@1m_new": 0.2752866287961406, "HITS@3m_new": 0.3601323989135162, "HITS@10m_new": 0.4619162383998846}