{"MRRm_new": 0.6237688124351726, "MRm_new": 100.63786770631373, "HITS@1m_new": 0.5512805751078885, "HITS@3m_new": 0.6650205209596607, "HITS@10m_new": 0.7560084134917124}