{"MRRm_new": 0.07613001710570097, "MRm_new": 751.0958058935165, "HITS@1m_new": 0.035736108245950894, "HITS@3m_new": 0.07559456544429995, "HITS@10m_new": 0.15372986195785926}