{"MRRm_new": 0.342310525902958, "MRm_new": 425.4357213582471, "HITS@1m_new": 0.2764083184148913, "HITS@3m_new": 0.3679708879349855, "HITS@10m_new": 0.4601927756507721}