{"MRRm_new": 0.1377497745169453, "MRm_new": 4519.152310186833, "HITS@1m_new": 0.08940300817416573, "HITS@3m_new": 0.14100223464479494, "HITS@10m_new": 0.23052801573375473}