{"MRRm_new": 0.6416637555171028, "MRm_new": 225.72089982545376, "HITS@1m_new": 0.5850140659375247, "HITS@3m_new": 0.6687396842945563, "HITS@10m_new": 0.7502243856496352}