{"MRRm_new": 0.6362267695675755, "MRm_new": 87.4241602332592, "HITS@1m_new": 0.5635415507735051, "HITS@3m_new": 0.678795638258438, "HITS@10m_new": 0.7687889701829408}