{"MRRm_new": 0.19766039117359616, "MRm_new": 298.26301204764843, "HITS@1m_new": 0.13076949304064037, "HITS@3m_new": 0.20678063684153603, "HITS@10m_new": 0.32850886557035847}