{"MRRm_new": 0.15378710437876408, "MRm_new": 4221.575492041558, "HITS@1m_new": 0.10481114678033919, "HITS@3m_new": 0.16030589072436852, "HITS@10m_new": 0.24884412336719106}