{"MRRm_new": 0.5354932998179219, "MRm_new": 187.79820652867107, "HITS@1m_new": 0.47262572131662456, "HITS@3m_new": 0.5622946327658647, "HITS@10m_new": 0.6554143040144991}