{"MRRm_new": 0.22711215214203231, "MRm_new": 918.5442548546195, "HITS@1m_new": 0.15742581413229345, "HITS@3m_new": 0.2435409350033442, "HITS@10m_new": 0.36507114661045487}