{"MRRm_new": 0.17717563188784552, "MRm_new": 332.0009470998764, "HITS@1m_new": 0.10570964738978655, "HITS@3m_new": 0.19165199857578846, "HITS@10m_new": 0.3148818458467722}