{"MRRm_new": 0.3826756515869774, "MRm_new": 356.6407813520953, "HITS@1m_new": 0.3143353423362314, "HITS@3m_new": 0.4117721365904872, "HITS@10m_new": 0.5113687270000664}