{"MRRm_new": 0.14278516469630403, "MRm_new": 4068.0324209716023, "HITS@1m_new": 0.09487819095310988, "HITS@3m_new": 0.1474356400653196, "HITS@10m_new": 0.23293949082000473}