{"MRRm_new": 0.13740607130054705, "MRm_new": 348.06299630723, "HITS@1m_new": 0.0756292376374593, "HITS@3m_new": 0.1467334774105868, "HITS@10m_new": 0.2553806423149537}