{"MRRm_new": 0.2982909935783682, "MRm_new": 369.6993525875658, "HITS@1m_new": 0.21137310634157255, "HITS@3m_new": 0.3277984464752517, "HITS@10m_new": 0.4719632136755172}