{"MRRm_new": 0.23306164400090348, "MRm_new": 244.73676293208598, "HITS@1m_new": 0.15502928599040025, "HITS@3m_new": 0.24875000056899152, "HITS@10m_new": 0.386648562428169}