{"MRRm_new": 0.20100437637287832, "MRm_new": 196.98678868834972, "HITS@1m_new": 0.09839502635695972, "HITS@3m_new": 0.2227174488414079, "HITS@10m_new": 0.42889038846539335}