{"MRRm_new": 0.20408329195970465, "MRm_new": 1521.6699809830486, "HITS@1m_new": 0.1316653762459755, "HITS@3m_new": 0.21932450167794013, "HITS@10m_new": 0.3443395995675237}