{"MRRm_new": 0.20140141348713678, "MRm_new": 458.4188069125041, "HITS@1m_new": 0.12921957048095647, "HITS@3m_new": 0.21906060544574574, "HITS@10m_new": 0.34548877596089733}