{"MRRm_new": 0.09472894911288313, "MRm_new": 721.1314299663782, "HITS@1m_new": 0.0521438136878598, "HITS@3m_new": 0.09557991216048249, "HITS@10m_new": 0.17692639104549307}