{"MRRm_new": 0.21170536182627403, "MRm_new": 317.4760345908165, "HITS@1m_new": 0.1319012053662329, "HITS@3m_new": 0.22873680434267735, "HITS@10m_new": 0.37294498067490056}