{"MRRm_new": 0.2201501409462755, "MRm_new": 303.6215812225342, "HITS@1m_new": 0.1363257614931441, "HITS@3m_new": 0.24053122298767557, "HITS@10m_new": 0.38579980338327585}