{"MRRm_new": 0.3191869489126311, "MRm_new": 367.9541999450326, "HITS@1m_new": 0.2344048916083957, "HITS@3m_new": 0.3506899168197415, "HITS@10m_new": 0.4870146783382661}