{"MRRm_new": 0.7755873792847778, "MRm_new": 37.85968958532065, "HITS@1m_new": 0.7105579914815026, "HITS@3m_new": 0.817359493487049, "HITS@10m_new": 0.8907638292266056}