{"MRRm_new": 0.08673488349808031, "MRm_new": 739.0649431482792, "HITS@1m_new": 0.04600497554743197, "HITS@3m_new": 0.08771934698100667, "HITS@10m_new": 0.1656726940352819}