{"MRRm_new": 0.17271565396269126, "MRm_new": 575.249114234142, "HITS@1m_new": 0.10766586346810073, "HITS@3m_new": 0.18568784182019227, "HITS@10m_new": 0.3053951157860211}