{"MRRm_new": 0.5031624541070596, "MRm_new": 205.80010284622014, "HITS@1m_new": 0.39743236261731363, "HITS@3m_new": 0.5598961005913261, "HITS@10m_new": 0.7100040300001856}