{"MRRm_new": 0.23356810362570687, "MRm_new": 240.78111207401753, "HITS@1m_new": 0.14987650080905296, "HITS@3m_new": 0.25072887152517215, "HITS@10m_new": 0.39693894825135356}