{"MRRm_new": 0.578985094010257, "MRm_new": 198.90765759137273, "HITS@1m_new": 0.49993746030198233, "HITS@3m_new": 0.6180830739018202, "HITS@10m_new": 0.7311172662713797}