{"MRRm_new": 0.07590501748120441, "MRm_new": 748.2288279675483, "HITS@1m_new": 0.03578591845400515, "HITS@3m_new": 0.07539432401778176, "HITS@10m_new": 0.1530169604380848}