{"MRRm_new": 0.5691774385773015, "MRm_new": 150.9458825000301, "HITS@1m_new": 0.49450004440604245, "HITS@3m_new": 0.6043853861477255, "HITS@10m_new": 0.7076199056991609}