{"MRRm_new": 0.2983486068319053, "MRm_new": 369.93874413095415, "HITS@1m_new": 0.2124615934383437, "HITS@3m_new": 0.32731617956528497, "HITS@10m_new": 0.4698862386823821}