{"MRRm_new": 0.2200711385464354, "MRm_new": 298.6205061132908, "HITS@1m_new": 0.13650699164926772, "HITS@3m_new": 0.23970741291766753, "HITS@10m_new": 0.3852963199887425}