{"MRRm_new": 0.13169461790931608, "MRm_new": 15768.95957120514, "HITS@1m_new": 0.0870302034432534, "HITS@3m_new": 0.14523806783067994, "HITS@10m_new": 0.22307441386696883}