{"MRRm_new": 0.19217455228641483, "MRm_new": 286.5367810360909, "HITS@1m_new": 0.12223594667758443, "HITS@3m_new": 0.19800497790335794, "HITS@10m_new": 0.33786708417702466}