{"MRRm_new": 0.2019176007364993, "MRm_new": 409.0587902050257, "HITS@1m_new": 0.13429263958000812, "HITS@3m_new": 0.21756856522636953, "HITS@10m_new": 0.33467457828181796}