{"MRRm_new": 0.16249456165025478, "MRm_new": 279.29778004784583, "HITS@1m_new": 0.09661074803625233, "HITS@3m_new": 0.17163433589399793, "HITS@10m_new": 0.29451131138310305}