{"MRRm_new": 0.28207893213347995, "MRm_new": 146.4045482107401, "HITS@1m_new": 0.17286257721427828, "HITS@3m_new": 0.31601704661967234, "HITS@10m_new": 0.5132019953278825}