{"MRRm_new": 0.37560009496492514, "MRm_new": 372.74056143999843, "HITS@1m_new": 0.3084766608878308, "HITS@3m_new": 0.403258398466598, "HITS@10m_new": 0.5025811305056413}