{"MRRm_new": 0.23100085391330358, "MRm_new": 255.34897848639488, "HITS@1m_new": 0.14299306304247003, "HITS@3m_new": 0.24406108266391674, "HITS@10m_new": 0.42669998386944646}