{"MRRm_new": 0.11621629115861579, "MRm_new": 3566.265664001775, "HITS@1m_new": 0.07350821155658924, "HITS@3m_new": 0.12335346372453496, "HITS@10m_new": 0.20427427058578468}