{"MRRm_new": 0.5232370341417573, "MRm_new": 244.25778265816717, "HITS@1m_new": 0.4575096675985551, "HITS@3m_new": 0.5501055705056569, "HITS@10m_new": 0.6502959260958596}