{"MRRm_new": 0.4367335704468069, "MRm_new": 195.10539270803332, "HITS@1m_new": 0.32224167755290184, "HITS@3m_new": 0.4891218177741393, "HITS@10m_new": 0.6728765890288342}