{"MRRm_new": 0.1941980885310826, "MRm_new": 391.4789049836397, "HITS@1m_new": 0.12823754497562767, "HITS@3m_new": 0.20942292901850307, "HITS@10m_new": 0.3208249999043997}