{"MRRm_new": 0.24467144627538073, "MRm_new": 228.4812882776022, "HITS@1m_new": 0.16447120845150204, "HITS@3m_new": 0.2623025317111984, "HITS@10m_new": 0.4023311694049742}