{"MRRm_new": 0.2762579910686145, "MRm_new": 492.2286125521511, "HITS@1m_new": 0.21713973397661904, "HITS@3m_new": 0.29357120560592376, "HITS@10m_new": 0.3863660616991183}