{"MRRm_new": 0.14771256188851695, "MRm_new": 346.0194028195858, "HITS@1m_new": 0.08294499911887106, "HITS@3m_new": 0.15725698972283864, "HITS@10m_new": 0.2738929153501056}