{"MRRm_new": 0.23435173003086965, "MRm_new": 223.56301568074227, "HITS@1m_new": 0.14672243763739243, "HITS@3m_new": 0.24826654977481813, "HITS@10m_new": 0.4305287036858033}