{"MRRm_new": 0.5977030675139404, "MRm_new": 210.41962406261266, "HITS@1m_new": 0.5284015086272411, "HITS@3m_new": 0.6300504879231957, "HITS@10m_new": 0.7324107521747646}