{"MRRm_new": 0.14583489425160587, "MRm_new": 679.9998651603386, "HITS@1m_new": 0.08544755303084457, "HITS@3m_new": 0.1559879857916676, "HITS@10m_new": 0.26740203926418327}