{"MRRm_new": 0.1490903271945528, "MRm_new": 310.3668648329973, "HITS@1m_new": 0.08628468143262434, "HITS@3m_new": 0.15985335477031767, "HITS@10m_new": 0.2702195611347095}