{"MRRm_new": 0.34264000143185286, "MRm_new": 363.0080771445036, "HITS@1m_new": 0.23481457500578837, "HITS@3m_new": 0.38651210462814195, "HITS@10m_new": 0.5586101329047233}