{"MRRm_new": 0.579927827813699, "MRm_new": 96.36143263679743, "HITS@1m_new": 0.5104315854927699, "HITS@3m_new": 0.6173497813398134, "HITS@10m_new": 0.7051710130497814}