{"MRRm_new": 0.574915185069728, "MRm_new": 207.06737935529648, "HITS@1m_new": 0.49628054947844064, "HITS@3m_new": 0.613803863305824, "HITS@10m_new": 0.7264172341321827}