{"MRRm_new": 0.2470775526235666, "MRm_new": 393.94348389093875, "HITS@1m_new": 0.16952700094763423, "HITS@3m_new": 0.2698485360777937, "HITS@10m_new": 0.40126680633639916}