{"MRRm_new": 0.09747819174610776, "MRm_new": 679.8556193162203, "HITS@1m_new": 0.05384941011670744, "HITS@3m_new": 0.09792695013937773, "HITS@10m_new": 0.18126929936367087}