{"MRRm_new": 0.5219982730015217, "MRm_new": 161.56841870866717, "HITS@1m_new": 0.4110916034671791, "HITS@3m_new": 0.5858127165263323, "HITS@10m_new": 0.7358575369160535}