{"MRRm_new": 0.1937991413975542, "MRm_new": 472.7061101591587, "HITS@1m_new": 0.13064395649782382, "HITS@3m_new": 0.2055794057021849, "HITS@10m_new": 0.31718018396864645}