{"MRRm_new": 0.1417569559543088, "MRm_new": 270.481283302474, "HITS@1m_new": 0.07273235367219895, "HITS@3m_new": 0.14878144899681212, "HITS@10m_new": 0.2817883604671806}