{"MRRm_new": 0.27627089216118067, "MRm_new": 2291.821184643656, "HITS@1m_new": 0.20166609203873667, "HITS@3m_new": 0.3011009583891719, "HITS@10m_new": 0.42164737372283706}