{"MRRm_new": 0.21327260260813055, "MRm_new": 328.7640938923359, "HITS@1m_new": 0.1369694600841962, "HITS@3m_new": 0.2311130821331404, "HITS@10m_new": 0.36611769132163025}