{"MRRm_new": 0.41631748233525195, "MRm_new": 269.022591289483, "HITS@1m_new": 0.32704484100817355, "HITS@3m_new": 0.45519313621951735, "HITS@10m_new": 0.5893250890723648}