{"MRRm_new": 0.11255834295541862, "MRm_new": 435.45162051701544, "HITS@1m_new": 0.05756301207304932, "HITS@3m_new": 0.11909956942838616, "HITS@10m_new": 0.2208412901205942}