{"MRRm_new": 0.19620133420172206, "MRm_new": 450.9720982727766, "HITS@1m_new": 0.13116402882951078, "HITS@3m_new": 0.20788002941820305, "HITS@10m_new": 0.32786491541205903}