{"MRRm_new": 0.2114459520387145, "MRm_new": 1792.3987616937757, "HITS@1m_new": 0.14330351084755966, "HITS@3m_new": 0.22657615659938893, "HITS@10m_new": 0.3442602273810189}