{"MRRm_new": 0.19771564034440817, "MRm_new": 307.7474724723339, "HITS@1m_new": 0.1317473587833927, "HITS@3m_new": 0.20633497872279258, "HITS@10m_new": 0.3290212767598103}