{"MRRm_new": 0.5945842584445136, "MRm_new": 216.6300058051646, "HITS@1m_new": 0.5254194268903084, "HITS@3m_new": 0.6269143155020939, "HITS@10m_new": 0.7287484341433738}