{"MRRm_new": 0.23849954170284327, "MRm_new": 367.92868899037836, "HITS@1m_new": 0.16155688855790068, "HITS@3m_new": 0.25576425566002725, "HITS@10m_new": 0.39481877440875396}