{"MRRm_new": 0.1860208061341371, "MRm_new": 446.15417364621163, "HITS@1m_new": 0.12371925171502517, "HITS@3m_new": 0.19750685533306095, "HITS@10m_new": 0.3083958932260284}