{"MRRm_new": 0.6746309930135957, "MRm_new": 214.2348204895854, "HITS@1m_new": 0.6162098277161822, "HITS@3m_new": 0.7055597465311148, "HITS@10m_new": 0.7824683117485328}