{"MRRm_new": 0.30308233343076424, "MRm_new": 2189.1832992286086, "HITS@1m_new": 0.22321392909553833, "HITS@3m_new": 0.32927622117788996, "HITS@10m_new": 0.46561367891763805}