{"MRRm_new": 0.23915740762630738, "MRm_new": 368.91616520524025, "HITS@1m_new": 0.16402714667725377, "HITS@3m_new": 0.25777783775962887, "HITS@10m_new": 0.39367908541215585}