{"MRRm_new": 0.1023231847697738, "MRm_new": 472.9773775993347, "HITS@1m_new": 0.04899235242089489, "HITS@3m_new": 0.10870642044236883, "HITS@10m_new": 0.2055543955808971}