{"MRRm_new": 0.08805696123631206, "MRm_new": 781.4021864145994, "HITS@1m_new": 0.04691500303737121, "HITS@3m_new": 0.08986445522950962, "HITS@10m_new": 0.1656434470112552}