{"MRRm_new": 0.16624041110263643, "MRm_new": 242.44147044844627, "HITS@1m_new": 0.09522383841127158, "HITS@3m_new": 0.17912530435407534, "HITS@10m_new": 0.3093179659116082}