{"MRRm_new": 0.17935574184255712, "MRm_new": 492.58545653944464, "HITS@1m_new": 0.11264986206422327, "HITS@3m_new": 0.19195609050640997, "HITS@10m_new": 0.315811192083871}