{"MRRm_new": 0.5573968972851316, "MRm_new": 187.95113065582512, "HITS@1m_new": 0.48441214634309654, "HITS@3m_new": 0.5939513519703905, "HITS@10m_new": 0.6951085395453265}