{"MRRm_new": 0.17238782872542832, "MRm_new": 567.9690724067912, "HITS@1m_new": 0.10637816585837573, "HITS@3m_new": 0.18677895891515073, "HITS@10m_new": 0.30548113207910865}