{"MRRm_new": 0.0889032379432072, "MRm_new": 660.0217675560951, "HITS@1m_new": 0.04730620621234411, "HITS@3m_new": 0.08934165454249596, "HITS@10m_new": 0.16426693712847773}