{"MRRm_new": 0.11224408398153173, "MRm_new": 510.803576254797, "HITS@1m_new": 0.061023953743674794, "HITS@3m_new": 0.11599792469275416, "HITS@10m_new": 0.21233725963570177}