{"MRRm_new": 0.1091371970543536, "MRm_new": 3734.3429059239625, "HITS@1m_new": 0.06332710735215806, "HITS@3m_new": 0.11397258784365841, "HITS@10m_new": 0.20195430070348083}