{"MRRm_new": 0.18043309441468736, "MRm_new": 373.6199048300743, "HITS@1m_new": 0.1055777985929395, "HITS@3m_new": 0.1964316205520183, "HITS@10m_new": 0.33198909712885505}