{"MRRm_new": 0.6763880927835307, "MRm_new": 212.97849216239155, "HITS@1m_new": 0.6181709982107386, "HITS@3m_new": 0.7072421628236043, "HITS@10m_new": 0.7843292337636012}