{"MRRm_new": 0.6770715139374425, "MRm_new": 189.48839485254138, "HITS@1m_new": 0.6216710048152854, "HITS@3m_new": 0.7066663313954487, "HITS@10m_new": 0.781402565533921}