{"MRRm_new": 0.08745330228334205, "MRm_new": 768.4627746785164, "HITS@1m_new": 0.046849260540329854, "HITS@3m_new": 0.08899973099669442, "HITS@10m_new": 0.16538762168491958}