{"MRRm_new": 0.13775929986197008, "MRm_new": 276.1346040978432, "HITS@1m_new": 0.07397479042013874, "HITS@3m_new": 0.1480149248418398, "HITS@10m_new": 0.2595159983682912}