{"MRRm_new": 0.16498317419968225, "MRm_new": 203.08683928484916, "HITS@1m_new": 0.09460358222033828, "HITS@3m_new": 0.17879203066267074, "HITS@10m_new": 0.29985692158071325}