{"MRRm_new": 0.23812553178923734, "MRm_new": 2942.5482328781186, "HITS@1m_new": 0.17406260339933216, "HITS@3m_new": 0.26555951751209067, "HITS@10m_new": 0.367466385299158}