{"MRRm_new": 0.10699479471061932, "MRm_new": 717.6227022901058, "HITS@1m_new": 0.0641315163743915, "HITS@3m_new": 0.10991474821603624, "HITS@10m_new": 0.18967189008161658}