{"MRRm_new": 0.24418957000814953, "MRm_new": 654.1700898851454, "HITS@1m_new": 0.1824276602747741, "HITS@3m_new": 0.2624461180109247, "HITS@10m_new": 0.36282395366995845}