{"MRRm_new": 0.1834017451606196, "MRm_new": 323.84481440923213, "HITS@1m_new": 0.11120260374420322, "HITS@3m_new": 0.19447634974957909, "HITS@10m_new": 0.3204507991567894}