{"MRRm_new": 0.11804509762332309, "MRm_new": 459.2015424055338, "HITS@1m_new": 0.06418897002221784, "HITS@3m_new": 0.12361775530278683, "HITS@10m_new": 0.22483035008686128}