{"MRRm_new": 0.40807443754139694, "MRm_new": 136.3576327355504, "HITS@1m_new": 0.30543573282937, "HITS@3m_new": 0.4534816841801148, "HITS@10m_new": 0.6072415155484341}