{"MRRm_new": 0.242543135979171, "MRm_new": 671.4907790944874, "HITS@1m_new": 0.18145763658931902, "HITS@3m_new": 0.2602354014443408, "HITS@10m_new": 0.3593557288841439}