{"MRRm_new": 0.13635896065563521, "MRm_new": 4091.903035791159, "HITS@1m_new": 0.0878170957952534, "HITS@3m_new": 0.14110694016652997, "HITS@10m_new": 0.22813832560737501}