{"MRRm_new": 0.154139198814275, "MRm_new": 4218.9600999432205, "HITS@1m_new": 0.10281266952509759, "HITS@3m_new": 0.161662483514825, "HITS@10m_new": 0.2554520862090285}