{"MRRm_new": 0.14973041595169162, "MRm_new": 4596.184977089107, "HITS@1m_new": 0.10067906086194853, "HITS@3m_new": 0.15629425197039382, "HITS@10m_new": 0.24460779503990487}