{"MRRm_new": 0.5189245013291175, "MRm_new": 158.09919681067765, "HITS@1m_new": 0.4074039996199135, "HITS@3m_new": 0.578527462556729, "HITS@10m_new": 0.7383977813426318}