{"MRRm_new": 0.5006538517558446, "MRm_new": 204.27185749739408, "HITS@1m_new": 0.39644063422318504, "HITS@3m_new": 0.5563844834398078, "HITS@10m_new": 0.7049612996691867}