{"MRRm_new": 0.221291416269842, "MRm_new": 275.0037267883539, "HITS@1m_new": 0.1405480496908538, "HITS@3m_new": 0.2336271049090661, "HITS@10m_new": 0.3835501608849503}