{"MRRm_new": 0.2587292220041607, "MRm_new": 351.686608834672, "HITS@1m_new": 0.18033546526520514, "HITS@3m_new": 0.27597624292913825, "HITS@10m_new": 0.4185000781720504}