{"MRRm_new": 0.18813070977315074, "MRm_new": 352.9910709306717, "HITS@1m_new": 0.11874647929305211, "HITS@3m_new": 0.19387235765131192, "HITS@10m_new": 0.3259817637313507}