{"MRRm_new": 0.09465321099534339, "MRm_new": 730.3276003213167, "HITS@1m_new": 0.052155882671213474, "HITS@3m_new": 0.09595632128199214, "HITS@10m_new": 0.17708241111070383}