{"MRRm_new": 0.3929095790195497, "MRm_new": 320.1065178586692, "HITS@1m_new": 0.32557026254709853, "HITS@3m_new": 0.42325532580890285, "HITS@10m_new": 0.5119668389150466}