{"MRRm_new": 0.21751112607636022, "MRm_new": 337.9648998650551, "HITS@1m_new": 0.13534557788245147, "HITS@3m_new": 0.23713611957620598, "HITS@10m_new": 0.3800224717717618}