{"MRRm_new": 0.17224878875685226, "MRm_new": 553.0495891383514, "HITS@1m_new": 0.10314032334995864, "HITS@3m_new": 0.18716534071584465, "HITS@10m_new": 0.3108824417820506}