{"MRRm_new": 0.12040872999942658, "MRm_new": 3563.108096394563, "HITS@1m_new": 0.07744345811153762, "HITS@3m_new": 0.12741369490860963, "HITS@10m_new": 0.21004455440188757}