{"MRRm_new": 0.5104824952345116, "MRm_new": 181.8680655707866, "HITS@1m_new": 0.3999055810575992, "HITS@3m_new": 0.5693151317186966, "HITS@10m_new": 0.7313716294037295}