{"MRRm_new": 0.2590743246085505, "MRm_new": 340.49844301402567, "HITS@1m_new": 0.18050606436594388, "HITS@3m_new": 0.27641424643788487, "HITS@10m_new": 0.4206923394424841}