{"MRRm_new": 0.3311416583953142, "MRm_new": 559.53673150336, "HITS@1m_new": 0.2681359257586882, "HITS@3m_new": 0.35259976795572584, "HITS@10m_new": 0.45120018510733645}