{"MRRm_new": 0.2115903700786007, "MRm_new": 2124.9483917276857, "HITS@1m_new": 0.14480939761872286, "HITS@3m_new": 0.22775601280445698, "HITS@10m_new": 0.34020201427696156}