{"MRRm_new": 0.10232217938204849, "MRm_new": 472.97732509999275, "HITS@1m_new": 0.04899235242089489, "HITS@3m_new": 0.10866642044177278, "HITS@10m_new": 0.20554639557660556}