{"MRRm_new": 0.6165136296777273, "MRm_new": 54.36175155670941, "HITS@1m_new": 0.46957315228204244, "HITS@3m_new": 0.7283303807705234, "HITS@10m_new": 0.8759313871622726}