{"MRRm_new": 0.1467227891093021, "MRm_new": 4269.498930263847, "HITS@1m_new": 0.09720540889084804, "HITS@3m_new": 0.15412839717433963, "HITS@10m_new": 0.24318581804912537}