{"MRRm_new": 0.33427636319825343, "MRm_new": 206.13080681681632, "HITS@1m_new": 0.2470526586100168, "HITS@3m_new": 0.36932062367745677, "HITS@10m_new": 0.5009244750773796}