{"MRRm_new": 0.2110711672937803, "MRm_new": 342.13194088070395, "HITS@1m_new": 0.13184649762365735, "HITS@3m_new": 0.22840110939036823, "HITS@10m_new": 0.37078258103980916}