{"MRRm_new": 0.2583623194965738, "MRm_new": 355.22508364605903, "HITS@1m_new": 0.180089554766519, "HITS@3m_new": 0.2758553240930662, "HITS@10m_new": 0.4185362803377211}