{"MRRm_new": 0.2026968039212472, "MRm_new": 421.81190337495804, "HITS@1m_new": 0.13801687583638123, "HITS@3m_new": 0.21553128713597544, "HITS@10m_new": 0.33215670955767856}