{"MRRm_new": 0.1204280775317995, "MRm_new": 3598.197536543393, "HITS@1m_new": 0.07773406548495404, "HITS@3m_new": 0.12708190068989061, "HITS@10m_new": 0.21024842604878358}