{"MRRm_new": 0.27644781861197587, "MRm_new": 2241.436779822782, "HITS@1m_new": 0.2276210143573553, "HITS@3m_new": 0.29503605418379086, "HITS@10m_new": 0.37042978465631315}