{"MRRm_new": 0.23296798805880534, "MRm_new": 276.8604178527594, "HITS@1m_new": 0.15177125976658426, "HITS@3m_new": 0.2572629728083732, "HITS@10m_new": 0.393544958255603}