{"MRRm_new": 0.6114151800742448, "MRm_new": 189.75138817347587, "HITS@1m_new": 0.5374061429244903, "HITS@3m_new": 0.6496276651083026, "HITS@10m_new": 0.754778377535229}