{"MRRm_new": 0.10582136256652157, "MRm_new": 543.8848609046221, "HITS@1m_new": 0.05758053446640843, "HITS@3m_new": 0.10853249617309775, "HITS@10m_new": 0.19876466329460962}