{"MRRm_new": 0.23206274341018726, "MRm_new": 229.0754906547308, "HITS@1m_new": 0.14259621131277528, "HITS@3m_new": 0.24602324240810122, "HITS@10m_new": 0.4314374290296342}