{"MRRm_new": 0.2369556137782536, "MRm_new": 414.13275529339313, "HITS@1m_new": 0.16051031574935187, "HITS@3m_new": 0.2548022860066965, "HITS@10m_new": 0.39317638503974306}