{"MRRm_new": 0.18772387266212026, "MRm_new": 456.5403050723076, "HITS@1m_new": 0.12413014168367954, "HITS@3m_new": 0.19732942374872509, "HITS@10m_new": 0.31340907776323146}