{"MRRm_new": 0.7159189005056596, "MRm_new": 151.04504924698173, "HITS@1m_new": 0.6551844829823386, "HITS@3m_new": 0.7507335079135482, "HITS@10m_new": 0.828622008711216}