{"MRRm_new": 0.21326006826986169, "MRm_new": 2079.4870703068973, "HITS@1m_new": 0.1458095536607143, "HITS@3m_new": 0.22982592738087987, "HITS@10m_new": 0.34379111585963984}