{"MRRm_new": 0.5405466507354595, "MRm_new": 78.12115492332727, "HITS@1m_new": 0.4628898580044624, "HITS@3m_new": 0.5764377558984561, "HITS@10m_new": 0.6848530247844755}