{"MRRm_new": 0.1939713521495447, "MRm_new": 436.7224250275612, "HITS@1m_new": 0.13311936621429632, "HITS@3m_new": 0.20256803538100793, "HITS@10m_new": 0.31628524005301295}