{"MRRm_new": 0.08918640337997204, "MRm_new": 664.6688344949246, "HITS@1m_new": 0.0476815085918759, "HITS@3m_new": 0.08972805314686848, "HITS@10m_new": 0.16384614559041802}