{"MRRm_new": 0.14216518377951706, "MRm_new": 3451.477587524742, "HITS@1m_new": 0.0918262362794194, "HITS@3m_new": 0.14933663446521678, "HITS@10m_new": 0.2387658184900356}