{"MRRm_new": 0.2938933199498688, "MRm_new": 2326.621584767133, "HITS@1m_new": 0.21542345664580353, "HITS@3m_new": 0.31726262834912633, "HITS@10m_new": 0.45313921734737234}