{"MRRm_new": 0.29539966400627965, "MRm_new": 532.5556611029431, "HITS@1m_new": 0.23859160439398694, "HITS@3m_new": 0.31342350959767284, "HITS@10m_new": 0.40136734081558095}