{"MRRm_new": 0.1092358696348252, "MRm_new": 3804.860630387807, "HITS@1m_new": 0.06331018424723298, "HITS@3m_new": 0.1144839588327799, "HITS@10m_new": 0.2019296414133627}