{"MRRm_new": 0.12434423973785942, "MRm_new": 15927.297129822642, "HITS@1m_new": 0.07956789063964971, "HITS@3m_new": 0.13892659569205718, "HITS@10m_new": 0.2098913250544574}