{"MRRm_new": 0.4160276113781892, "MRm_new": 317.4862281250432, "HITS@1m_new": 0.3444902603308255, "HITS@3m_new": 0.4439099845964229, "HITS@10m_new": 0.550531117243634}