{"MRRm_new": 0.3185824367931591, "MRm_new": 1745.3591418439746, "HITS@1m_new": 0.23665825137891808, "HITS@3m_new": 0.3512864249519771, "HITS@10m_new": 0.4813925775734242}