{"MRRm_new": 0.15233542145037937, "MRm_new": 307.50314641571043, "HITS@1m_new": 0.08844564357412164, "HITS@3m_new": 0.163932047970267, "HITS@10m_new": 0.27673275342737325}