{"MRRm_new": 0.21344068651610815, "MRm_new": 2049.0375013272164, "HITS@1m_new": 0.14528248753244408, "HITS@3m_new": 0.23009088000206976, "HITS@10m_new": 0.3459398022763198}