{"MRRm_new": 0.18130516901909285, "MRm_new": 453.2125781337142, "HITS@1m_new": 0.11761373858084553, "HITS@3m_new": 0.19201071760229532, "HITS@10m_new": 0.3082279739717487}