{"MRRm_new": 0.17489848664243765, "MRm_new": 300.53267884242536, "HITS@1m_new": 0.09865142362188781, "HITS@3m_new": 0.19235725561464206, "HITS@10m_new": 0.32536311210757124}