{"MRRm_new": 0.24408005653582132, "MRm_new": 667.7116832496076, "HITS@1m_new": 0.18263896001231114, "HITS@3m_new": 0.2624178775011096, "HITS@10m_new": 0.36112632533401845}