{"MRRm_new": 0.25371581550471456, "MRm_new": 259.17028577816484, "HITS@1m_new": 0.17541437614373862, "HITS@3m_new": 0.27492881935229524, "HITS@10m_new": 0.40879801460336895}