{"MRRm_new": 0.4903811449767236, "MRm_new": 282.7965497942939, "HITS@1m_new": 0.426349915542618, "HITS@3m_new": 0.5156645275790652, "HITS@10m_new": 0.612185542520776}