{"MRRm_new": 0.19572067454364733, "MRm_new": 397.7473621917725, "HITS@1m_new": 0.13208431435623205, "HITS@3m_new": 0.20727593641630374, "HITS@10m_new": 0.3214347409868613}