{"MRRm_new": 0.3048722266043283, "MRm_new": 2431.4888671055137, "HITS@1m_new": 0.22910314293950795, "HITS@3m_new": 0.3252467206527945, "HITS@10m_new": 0.4633073115630541}