{"MRRm_new": 0.3731211658966771, "MRm_new": 117.59478444941044, "HITS@1m_new": 0.2647932986096479, "HITS@3m_new": 0.4206910813137889, "HITS@10m_new": 0.5907534232977778}