{"MRRm_new": 0.5027884730789729, "MRm_new": 885.7810603172182, "HITS@1m_new": 0.3870767751095118, "HITS@3m_new": 0.5574704114084598, "HITS@10m_new": 0.7302193208253012}