{"MRRm_new": 0.2885379004877741, "MRm_new": 2033.1776643050314, "HITS@1m_new": 0.211232323933742, "HITS@3m_new": 0.3119656780719524, "HITS@10m_new": 0.44462666304549203}