{"MRRm_new": 0.17902101046570443, "MRm_new": 494.4886584152356, "HITS@1m_new": 0.11251199314350378, "HITS@3m_new": 0.19165892509989135, "HITS@10m_new": 0.3147390939326724}