{"MRRm_new": 0.09244190777851036, "MRm_new": 641.5081396031857, "HITS@1m_new": 0.049354223207267935, "HITS@3m_new": 0.09597031268181745, "HITS@10m_new": 0.1687895776445861}