{"MRRm_new": 0.688065720455118, "MRm_new": 206.6385444471538, "HITS@1m_new": 0.628561405581142, "HITS@3m_new": 0.7202161670838686, "HITS@10m_new": 0.797820686120518}