{"MRRm_new": 0.5096727306816828, "MRm_new": 187.37067537352442, "HITS@1m_new": 0.4012192647856318, "HITS@3m_new": 0.5713999250575107, "HITS@10m_new": 0.7190271387038156}