{"MRRm_new": 0.2936283662118967, "MRm_new": 2098.9725150412023, "HITS@1m_new": 0.21416168356424897, "HITS@3m_new": 0.32694318537693473, "HITS@10m_new": 0.4506342246145941}