{"MRRm_new": 0.2630186378569866, "MRm_new": 286.6438016397715, "HITS@1m_new": 0.18325905593796632, "HITS@3m_new": 0.2803926106889732, "HITS@10m_new": 0.42598214017171415}