{"MRRm_new": 0.40680645260623444, "MRm_new": 278.6884210065603, "HITS@1m_new": 0.31675921115555683, "HITS@3m_new": 0.4445545778458509, "HITS@10m_new": 0.5845985823928204}