{"MRRm_new": 0.19352330430433767, "MRm_new": 1980.243750469774, "HITS@1m_new": 0.127478596862813, "HITS@3m_new": 0.20381126226496418, "HITS@10m_new": 0.32355053031397984}