{"MRRm_new": 0.32274622056399765, "MRm_new": 1735.6484822508692, "HITS@1m_new": 0.2439915053055156, "HITS@3m_new": 0.3532131318093743, "HITS@10m_new": 0.47708799767424354}