{"MRRm_new": 0.19200335474185795, "MRm_new": 550.1676791598871, "HITS@1m_new": 0.12329516590397543, "HITS@3m_new": 0.20923360988018977, "HITS@10m_new": 0.32732784262169295}