{"MRRm_new": 0.6866024079691261, "MRm_new": 153.86063096445798, "HITS@1m_new": 0.6300312843599386, "HITS@3m_new": 0.7170177928296034, "HITS@10m_new": 0.7933038130938367}