{"MRRm_new": 0.314535151403496, "MRm_new": 1878.395116799295, "HITS@1m_new": 0.23256521284172776, "HITS@3m_new": 0.3395207255170681, "HITS@10m_new": 0.487310395875189}