{"MRRm_new": 0.29849385299515235, "MRm_new": 372.42641547571867, "HITS@1m_new": 0.21347400436878888, "HITS@3m_new": 0.32637088761931227, "HITS@10m_new": 0.4689347369239622}