{"MRRm_new": 0.4165109715012995, "MRm_new": 269.02125550056246, "HITS@1m_new": 0.32735689127937073, "HITS@3m_new": 0.4550969206362497, "HITS@10m_new": 0.5894502027761409}