{"MRRm_new": 0.5094118715039867, "MRm_new": 195.5494304755777, "HITS@1m_new": 0.40181136476199025, "HITS@3m_new": 0.5680136104745724, "HITS@10m_new": 0.7190635741448496}