{"MRRm_new": 0.27945918997218905, "MRm_new": 3121.7450625629126, "HITS@1m_new": 0.21492456518652034, "HITS@3m_new": 0.2970474604837073, "HITS@10m_new": 0.4100724760617595}