{"MRRm_new": 0.2960605210503118, "MRm_new": 3625.714271267906, "HITS@1m_new": 0.2580960414249566, "HITS@3m_new": 0.3117575753694109, "HITS@10m_new": 0.3658363429966339}