{"MRRm_new": 0.19257914820359584, "MRm_new": 429.42156590983865, "HITS@1m_new": 0.12790250817477936, "HITS@3m_new": 0.20802154185343533, "HITS@10m_new": 0.31639867319369225}