{"MRRm_new": 0.24770303764519921, "MRm_new": 336.6707760667086, "HITS@1m_new": 0.1693382468281663, "HITS@3m_new": 0.27063784744385627, "HITS@10m_new": 0.40501187432706354}