{"MRRm_new": 0.23310303281563974, "MRm_new": 260.6268973249197, "HITS@1m_new": 0.15037708264351823, "HITS@3m_new": 0.24964513289639725, "HITS@10m_new": 0.39330652222228235}