{"MRRm_new": 0.29395628014639763, "MRm_new": 2098.9711299287974, "HITS@1m_new": 0.21478668356424896, "HITS@3m_new": 0.32660985204111787, "HITS@10m_new": 0.4506182671696879}