{"MRRm_new": 0.4930053901582032, "MRm_new": 283.5374952627793, "HITS@1m_new": 0.4269862803040596, "HITS@3m_new": 0.519542113997828, "HITS@10m_new": 0.6187548747678738}