{"MRRm_new": 0.1365190724142094, "MRm_new": 4040.99921602425, "HITS@1m_new": 0.08804253075861197, "HITS@3m_new": 0.14108378107499447, "HITS@10m_new": 0.22812725942631368}