{"MRRm_new": 0.3055263108125975, "MRm_new": 189.2458603374958, "HITS@1m_new": 0.19715289171142503, "HITS@3m_new": 0.35152345943823454, "HITS@10m_new": 0.5218218518381939}