{"MRRm_new": 0.23331224561492855, "MRm_new": 273.02035371661185, "HITS@1m_new": 0.15175559795559385, "HITS@3m_new": 0.2491161693171598, "HITS@10m_new": 0.3916126313493121}