{"MRRm_new": 0.197150508860049, "MRm_new": 285.65620354657176, "HITS@1m_new": 0.1272764864800498, "HITS@3m_new": 0.20556691214694875, "HITS@10m_new": 0.3460073533341754}