{"MRRm_new": 0.0802760718527279, "MRm_new": 656.9315728004694, "HITS@1m_new": 0.039581118337623775, "HITS@3m_new": 0.07804022871354828, "HITS@10m_new": 0.16131795625309459}