{"MRRm_new": 0.19930589416905858, "MRm_new": 347.69219800543783, "HITS@1m_new": 0.12150275164857739, "HITS@3m_new": 0.22252284759361063, "HITS@10m_new": 0.3521463593106717}