{"MRRm_new": 0.24047116330844145, "MRm_new": 413.5541832304001, "HITS@1m_new": 0.16539161364219618, "HITS@3m_new": 0.2546129747987725, "HITS@10m_new": 0.39362622764958066}