{"MRRm_new": 0.18144544721691927, "MRm_new": 260.6711198515654, "HITS@1m_new": 0.10407003791878233, "HITS@3m_new": 0.1982472408511676, "HITS@10m_new": 0.3357469930053223}