{"MRRm_new": 0.22084864204280458, "MRm_new": 266.97050635912416, "HITS@1m_new": 0.13670981517737965, "HITS@3m_new": 0.23218924485123715, "HITS@10m_new": 0.4069847262445372}