{"MRRm_new": 0.2580346744376322, "MRm_new": 98.73805427875519, "HITS@1m_new": 0.16557745480053127, "HITS@3m_new": 0.2773023795668036, "HITS@10m_new": 0.45343442114181814}