{"MRRm_new": 0.171757368361736, "MRm_new": 356.0977674699545, "HITS@1m_new": 0.09736825327329571, "HITS@3m_new": 0.18789663830031642, "HITS@10m_new": 0.3173333449583035}