{"MRRm_new": 0.5075820352778819, "MRm_new": 201.46085519047082, "HITS@1m_new": 0.40067179510366985, "HITS@3m_new": 0.5654754829910053, "HITS@10m_new": 0.7162893205020809}