{"MRRm_new": 0.217791151919826, "MRm_new": 1779.6018000401855, "HITS@1m_new": 0.14686440727510489, "HITS@3m_new": 0.2353412134462851, "HITS@10m_new": 0.3564808846718515}