{"MRRm_new": 0.1483972361761611, "MRm_new": 285.0228235455513, "HITS@1m_new": 0.08479931396913017, "HITS@3m_new": 0.15617572541191477, "HITS@10m_new": 0.2776426009498071}