{"MRRm_new": 0.31767207141658854, "MRm_new": 373.53543447776883, "HITS@1m_new": 0.23320161353080401, "HITS@3m_new": 0.3488792298652406, "HITS@10m_new": 0.4852882764692913}