{"MRRm_new": 0.20444656036496162, "MRm_new": 389.14874028601645, "HITS@1m_new": 0.13815837767034536, "HITS@3m_new": 0.2158116922738729, "HITS@10m_new": 0.3375364361084765}