{"MRRm_new": 0.10056287638614886, "MRm_new": 3470.368853258109, "HITS@1m_new": 0.0583643376215361, "HITS@3m_new": 0.10698200121554546, "HITS@10m_new": 0.19191186243705452}