{"MRRm_new": 0.3288948956314525, "MRm_new": 3090.175291799888, "HITS@1m_new": 0.29024237880369763, "HITS@3m_new": 0.34535430442194776, "HITS@10m_new": 0.4013659439225885}