{"MRRm_new": 0.24551287833553398, "MRm_new": 3441.619567784399, "HITS@1m_new": 0.16815284884386347, "HITS@3m_new": 0.26436803275963755, "HITS@10m_new": 0.39775270349311176}