{"MRRm_new": 0.5668219833039412, "MRm_new": 249.48796475480498, "HITS@1m_new": 0.5001525418104866, "HITS@3m_new": 0.5974364901588342, "HITS@10m_new": 0.6942267930131347}