{"MRRm_new": 0.29029363219508014, "MRm_new": 2264.740129326224, "HITS@1m_new": 0.21207376747316448, "HITS@3m_new": 0.3224898960562423, "HITS@10m_new": 0.4442483587288298}