{"MRRm_new": 0.19977848642295065, "MRm_new": 480.59673082772645, "HITS@1m_new": 0.127939778803011, "HITS@3m_new": 0.2175941339608762, "HITS@10m_new": 0.34340513160957564}