{"MRRm_new": 0.2898881385380146, "MRm_new": 2391.460481998861, "HITS@1m_new": 0.21203184710274217, "HITS@3m_new": 0.3214330703439191, "HITS@10m_new": 0.44453529807319864}