{"MRRm_new": 0.2170761560524974, "MRm_new": 305.529869969368, "HITS@1m_new": 0.13980916913184338, "HITS@3m_new": 0.23493729026657528, "HITS@10m_new": 0.373256778480066}