{"MRRm_new": 0.1833355894826498, "MRm_new": 328.6182133496523, "HITS@1m_new": 0.11146692758242134, "HITS@3m_new": 0.19496082491073757, "HITS@10m_new": 0.3193112324574671}