{"MRRm_new": 0.19352910875619544, "MRm_new": 1980.243762849778, "HITS@1m_new": 0.12749422186281298, "HITS@3m_new": 0.20395201652508696, "HITS@10m_new": 0.3235148385087959}