{"MRRm_new": 0.1773341233006475, "MRm_new": 380.9394632781744, "HITS@1m_new": 0.11265902566677541, "HITS@3m_new": 0.18789968835648616, "HITS@10m_new": 0.3072548448505579}