{"MRRm_new": 0.41260488458296457, "MRm_new": 195.1425608841777, "HITS@1m_new": 0.2977878985526222, "HITS@3m_new": 0.4623091730390006, "HITS@10m_new": 0.6484904798887147}