{"MRRm_new": 0.6443545062553885, "MRm_new": 188.15912136529386, "HITS@1m_new": 0.5909853551742744, "HITS@3m_new": 0.6691616278789515, "HITS@10m_new": 0.7453173103230146}