{"MRRm_new": 0.32078602989529237, "MRm_new": 1697.8915429256558, "HITS@1m_new": 0.23820659751142376, "HITS@3m_new": 0.3536944879902294, "HITS@10m_new": 0.483741874036612}