{"MRRm_new": 0.3893397038525327, "MRm_new": 349.0771458970234, "HITS@1m_new": 0.32046579499843936, "HITS@3m_new": 0.41875679004557603, "HITS@10m_new": 0.5198237148371263}