{"MRRm_new": 0.11266563887950469, "MRm_new": 664.240741043663, "HITS@1m_new": 0.06807102919681929, "HITS@3m_new": 0.11647585796323255, "HITS@10m_new": 0.19488621052450034}