{"MRRm_new": 0.21284356712725047, "MRm_new": 2091.3942392320632, "HITS@1m_new": 0.1454224230849941, "HITS@3m_new": 0.22933228446211434, "HITS@10m_new": 0.3429175285528181}