{"MRRm_new": 0.11905612074715173, "MRm_new": 3802.5760865632055, "HITS@1m_new": 0.07440670908009633, "HITS@3m_new": 0.12816288787447846, "HITS@10m_new": 0.2080095367759466}