{"MRRm_new": 0.22057394158065144, "MRm_new": 156.13055374822616, "HITS@1m_new": 0.1126196351651568, "HITS@3m_new": 0.252452971634455, "HITS@10m_new": 0.45367019952638077}