{"MRRm_new": 0.1204962447038677, "MRm_new": 3575.591680332589, "HITS@1m_new": 0.07769647718737833, "HITS@3m_new": 0.12704916905700228, "HITS@10m_new": 0.210950706721982}