{"MRRm_new": 0.29019599422001874, "MRm_new": 2264.740924879551, "HITS@1m_new": 0.21182376747316448, "HITS@3m_new": 0.32282322939205915, "HITS@10m_new": 0.44426963532203806}