{"MRRm_new": 0.20049934065766592, "MRm_new": 474.54018804306537, "HITS@1m_new": 0.12844863803931367, "HITS@3m_new": 0.21837879583170433, "HITS@10m_new": 0.3447945222545131}