{"MRRm_new": 0.09292954147517594, "MRm_new": 636.9939362229347, "HITS@1m_new": 0.04932732571361121, "HITS@3m_new": 0.09630220938641577, "HITS@10m_new": 0.1720326216217014}