{"MRRm_new": 0.6380028251789763, "MRm_new": 201.84967100830377, "HITS@1m_new": 0.5815526495698868, "HITS@3m_new": 0.6657723943606834, "HITS@10m_new": 0.7439544456305448}