{"MRRm_new": 0.24774919500996767, "MRm_new": 349.5698321912527, "HITS@1m_new": 0.16951493103544926, "HITS@3m_new": 0.2707059309696779, "HITS@10m_new": 0.4038108910195529}