{"MRRm_new": 0.4636584243769903, "MRm_new": 846.9858585226237, "HITS@1m_new": 0.3455066396179609, "HITS@3m_new": 0.5357450243951752, "HITS@10m_new": 0.6872197527308017}