{"MRRm_new": 0.285145261700236, "MRm_new": 440.9330900050253, "HITS@1m_new": 0.20425546418365048, "HITS@3m_new": 0.3120707982516906, "HITS@10m_new": 0.44910282124185325}