{"MRRm_new": 0.37439133120911444, "MRm_new": 356.72865030638127, "HITS@1m_new": 0.30176483036981155, "HITS@3m_new": 0.40667944527171496, "HITS@10m_new": 0.5094248815315222}