{"MRRm_new": 0.5486414302239264, "MRm_new": 197.88326641833038, "HITS@1m_new": 0.4776797620142752, "HITS@3m_new": 0.5829907590215735, "HITS@10m_new": 0.6812095833920175}