{"MRRm_new": 0.30084512776662814, "MRm_new": 232.74831519313156, "HITS@1m_new": 0.21885901387581544, "HITS@3m_new": 0.3306599395334342, "HITS@10m_new": 0.4581874389701697}