{"MRRm_new": 0.20913122734256648, "MRm_new": 2303.2486295720937, "HITS@1m_new": 0.14139346816741455, "HITS@3m_new": 0.23791879360224993, "HITS@10m_new": 0.3447724757151882}