{"MRRm_new": 0.09933436469139997, "MRm_new": 476.7693128801346, "HITS@1m_new": 0.047120268465497064, "HITS@3m_new": 0.10450621371711605, "HITS@10m_new": 0.19941310117756947}