{"MRRm_new": 0.19461782214829146, "MRm_new": 407.3426362905502, "HITS@1m_new": 0.1288688151974813, "HITS@3m_new": 0.20938878876059316, "HITS@10m_new": 0.3208441543937195}