{"MRRm_new": 0.31051567691183435, "MRm_new": 2036.3840966826378, "HITS@1m_new": 0.23350050090276636, "HITS@3m_new": 0.3336774673424661, "HITS@10m_new": 0.46847303137229757}