{"MRRm_new": 0.43566276160034156, "MRm_new": 199.4912067078054, "HITS@1m_new": 0.32503432013196654, "HITS@3m_new": 0.4869031826018618, "HITS@10m_new": 0.6632049231955025}