{"MRRm_new": 0.2887560377887335, "MRm_new": 2430.151380341202, "HITS@1m_new": 0.21195188407989918, "HITS@3m_new": 0.3193481816304848, "HITS@10m_new": 0.441041484459769}