{"MRRm_new": 0.5277778775110519, "MRm_new": 240.6417784083411, "HITS@1m_new": 0.46398417614179926, "HITS@3m_new": 0.5526714568494026, "HITS@10m_new": 0.6516615446423312}