{"MRRm_new": 0.5021017330893328, "MRm_new": 123.84647321626544, "HITS@1m_new": 0.3902901084925288, "HITS@3m_new": 0.5588416253944452, "HITS@10m_new": 0.7279409150365391}