{"MRRm_new": 0.33096480624809554, "MRm_new": 203.95236571227014, "HITS@1m_new": 0.2428287640267663, "HITS@3m_new": 0.3672754443226004, "HITS@10m_new": 0.4997315155241522}