{"MRRm_new": 0.5004155660985616, "MRm_new": 208.3501419866234, "HITS@1m_new": 0.39539908711719907, "HITS@3m_new": 0.5566376091525126, "HITS@10m_new": 0.7060537023190409}