{"MRRm_new": 0.26533617976375534, "MRm_new": 313.6933481964588, "HITS@1m_new": 0.18383850216036662, "HITS@3m_new": 0.2875864749903791, "HITS@10m_new": 0.42811714897966013}