{"MRRm_new": 0.18599748050282797, "MRm_new": 447.66678815000057, "HITS@1m_new": 0.12428242821926833, "HITS@3m_new": 0.19607642282203305, "HITS@10m_new": 0.30822371266421394}