{"MRRm_new": 0.3511651946501797, "MRm_new": 446.8119753981829, "HITS@1m_new": 0.28604265410146035, "HITS@3m_new": 0.37243959218031886, "HITS@10m_new": 0.4754851411766176}