{"MRRm_new": 0.2305388532152865, "MRm_new": 434.81529455018045, "HITS@1m_new": 0.15507428383493096, "HITS@3m_new": 0.24726098588546738, "HITS@10m_new": 0.3838989451972768}