{"MRRm_new": 0.37841858151359886, "MRm_new": 352.29619328197094, "HITS@1m_new": 0.30528065346697986, "HITS@3m_new": 0.4114594196003309, "HITS@10m_new": 0.5148732124636445}