{"MRRm_new": 0.37173348398459255, "MRm_new": 164.61708966727554, "HITS@1m_new": 0.2707219965410186, "HITS@3m_new": 0.42080229000130204, "HITS@10m_new": 0.5629681718891952}