{"MRRm_new": 0.6829532289781455, "MRm_new": 183.82186963618545, "HITS@1m_new": 0.6263145410964643, "HITS@3m_new": 0.7146130464713205, "HITS@10m_new": 0.7906332633702478}