{"MRRm_new": 0.2218702528760128, "MRm_new": 252.69580534703732, "HITS@1m_new": 0.13689498645669082, "HITS@3m_new": 0.23362946953899227, "HITS@10m_new": 0.40900699685043657}