{"MRRm_new": 0.2878769965671522, "MRm_new": 2563.3620165286065, "HITS@1m_new": 0.210769682387996, "HITS@3m_new": 0.3194633471881971, "HITS@10m_new": 0.4403707958315499}