{"MRRm_new": 0.20735417645203053, "MRm_new": 2386.385039822042, "HITS@1m_new": 0.14177386877794926, "HITS@3m_new": 0.23605782519267815, "HITS@10m_new": 0.337654567256337}