{"MRRm_new": 0.2529498864886904, "MRm_new": 337.37192736241815, "HITS@1m_new": 0.17712405637601622, "HITS@3m_new": 0.2705923281486612, "HITS@10m_new": 0.4095314103397541}