{"MRRm_new": 0.1702507505662752, "MRm_new": 585.4478036059812, "HITS@1m_new": 0.10196867765064235, "HITS@3m_new": 0.184864603089125, "HITS@10m_new": 0.307240583870167}