{"MRRm_new": 0.08595349208628177, "MRm_new": 630.8516561682701, "HITS@1m_new": 0.045624304933520037, "HITS@3m_new": 0.0849028727429104, "HITS@10m_new": 0.16314096241761}