{"MRRm_new": 0.20818897658526384, "MRm_new": 2209.134990962982, "HITS@1m_new": 0.1421222578000743, "HITS@3m_new": 0.22334611474935082, "HITS@10m_new": 0.33488322368005174}