{"MRRm_new": 0.23939192147218727, "MRm_new": 3259.5912160707117, "HITS@1m_new": 0.1773188560702547, "HITS@3m_new": 0.2670335820465698, "HITS@10m_new": 0.35874962451530884}