{"MRRm_new": 0.26056630902262695, "MRm_new": 349.56445156862736, "HITS@1m_new": 0.18138899471843614, "HITS@3m_new": 0.28097039213874375, "HITS@10m_new": 0.4206167633092962}