{"MRRm_new": 0.2506611698435154, "MRm_new": 372.3634791709423, "HITS@1m_new": 0.1747333577549085, "HITS@3m_new": 0.2690226110419259, "HITS@10m_new": 0.4028928313535638}