{"MRRm_new": 0.09738236820722959, "MRm_new": 679.7951760426283, "HITS@1m_new": 0.05400631161726779, "HITS@3m_new": 0.0970081929563661, "HITS@10m_new": 0.18096722006970084}