{"MRRm_new": 0.14386444676558585, "MRm_new": 789.6247980571911, "HITS@1m_new": 0.08572396158164337, "HITS@3m_new": 0.1529639473305142, "HITS@10m_new": 0.259446673312108}