{"MRRm_new": 0.22183970865097508, "MRm_new": 255.2551081845045, "HITS@1m_new": 0.13686498645810644, "HITS@3m_new": 0.2335785363973584, "HITS@10m_new": 0.4088470421479549}