{"MRRm_new": 0.18729133350798657, "MRm_new": 535.6284659913779, "HITS@1m_new": 0.126495600894792, "HITS@3m_new": 0.1963507316823816, "HITS@10m_new": 0.30920721704717724}