{"MRRm_new": 0.17712098240023808, "MRm_new": 519.3669311813339, "HITS@1m_new": 0.11132883541312186, "HITS@3m_new": 0.18987523502461773, "HITS@10m_new": 0.31131994754967307}