{"MRRm_new": 0.13147608866170732, "MRm_new": 14440.254942040026, "HITS@1m_new": 0.08678156797611154, "HITS@3m_new": 0.1452037287678104, "HITS@10m_new": 0.2206043159130495}