{"MRRm_new": 0.23061555275610682, "MRm_new": 3102.423833502516, "HITS@1m_new": 0.1698044715929427, "HITS@3m_new": 0.25631666120474983, "HITS@10m_new": 0.35236883777863115}