{"MRRm_new": 0.11474354744465963, "MRm_new": 3523.9934917928217, "HITS@1m_new": 0.07288328923434019, "HITS@3m_new": 0.12085239466330967, "HITS@10m_new": 0.2007688993556425}