{"MRRm_new": 0.3356903975205132, "MRm_new": 162.44513607101143, "HITS@1m_new": 0.24852931856135546, "HITS@3m_new": 0.3717557936927042, "HITS@10m_new": 0.5025880886031082}