{"MRRm_new": 0.4465144111359814, "MRm_new": 219.0375083335042, "HITS@1m_new": 0.3779434487354301, "HITS@3m_new": 0.4756777839525748, "HITS@10m_new": 0.5711707902617782}