{"MRRm_new": 0.1841147599005053, "MRm_new": 321.8019595957279, "HITS@1m_new": 0.11416432740822784, "HITS@3m_new": 0.1996270037231385, "HITS@10m_new": 0.32326044675290466}