{"MRRm_new": 0.14947344170084254, "MRm_new": 346.4827850142717, "HITS@1m_new": 0.08477274119050708, "HITS@3m_new": 0.15900918132355438, "HITS@10m_new": 0.27525926336585543}