{"MRRm_new": 0.2783632222423894, "MRm_new": 548.5790844426602, "HITS@1m_new": 0.2181721730943027, "HITS@3m_new": 0.29618164495691235, "HITS@10m_new": 0.39203033526329817}