{"MRRm_new": 0.25755341266040194, "MRm_new": 360.53706562469006, "HITS@1m_new": 0.17949698051973245, "HITS@3m_new": 0.2749309360910207, "HITS@10m_new": 0.41853370415214447}