{"MRRm_new": 0.27535002940300185, "MRm_new": 2350.9984273119867, "HITS@1m_new": 0.2015743430579314, "HITS@3m_new": 0.30023825550585753, "HITS@10m_new": 0.4175872998359555}