{"MRRm_new": 0.08889974551638007, "MRm_new": 660.5697021800518, "HITS@1m_new": 0.04725483183349716, "HITS@3m_new": 0.08943387352445861, "HITS@10m_new": 0.16406759512138086}