{"MRRm_new": 0.10919116667482012, "MRm_new": 3745.5667460512877, "HITS@1m_new": 0.06347472640438936, "HITS@3m_new": 0.11431520689171738, "HITS@10m_new": 0.2015153150383383}