{"MRRm_new": 0.0931865759637265, "MRm_new": 511.651934653759, "HITS@1m_new": 0.043370241971092766, "HITS@3m_new": 0.09844503644618671, "HITS@10m_new": 0.18757396158352493}