{"MRRm_new": 0.2931366309461032, "MRm_new": 2300.3245867951214, "HITS@1m_new": 0.21427570024435408, "HITS@3m_new": 0.3161925698114792, "HITS@10m_new": 0.453064560955856}