{"MRRm_new": 0.5050242845544226, "MRm_new": 194.61876443216204, "HITS@1m_new": 0.39906632760780847, "HITS@3m_new": 0.5642285337528774, "HITS@10m_new": 0.7112255241214444}