{"MRRm_new": 0.16718573272489012, "MRm_new": 271.81056439557074, "HITS@1m_new": 0.10164397686401498, "HITS@3m_new": 0.17683972774950088, "HITS@10m_new": 0.29454106740030694}