{"MRRm_new": 0.5176378323600848, "MRm_new": 176.97169052949548, "HITS@1m_new": 0.4094185335030379, "HITS@3m_new": 0.5772909212857666, "HITS@10m_new": 0.7287944248761778}