{"MRRm_new": 0.3105008536960895, "MRm_new": 2025.2293051196039, "HITS@1m_new": 0.2336274616785813, "HITS@3m_new": 0.33305828129593285, "HITS@10m_new": 0.4683309048968367}