{"MRRm_new": 0.6910640130878383, "MRm_new": 194.2691894544065, "HITS@1m_new": 0.6345704096782502, "HITS@3m_new": 0.7209359523415296, "HITS@10m_new": 0.797257202734967}