{"MRRm_new": 0.17223577754142608, "MRm_new": 348.74002397317884, "HITS@1m_new": 0.09744141969882185, "HITS@3m_new": 0.1883660193313379, "HITS@10m_new": 0.3183348262345884}