{"MRRm_new": 0.29483217417475316, "MRm_new": 2198.1811514734923, "HITS@1m_new": 0.2479468141329271, "HITS@3m_new": 0.31329560617637253, "HITS@10m_new": 0.38579651790757996}