{"MRRm_new": 0.10989731337652338, "MRm_new": 3600.343396331191, "HITS@1m_new": 0.06849750692765229, "HITS@3m_new": 0.11537034789435566, "HITS@10m_new": 0.1929176523401402}