{"MRRm_new": 0.2938275054877736, "MRm_new": 2518.8681402972343, "HITS@1m_new": 0.2200121789156692, "HITS@3m_new": 0.31591605795989747, "HITS@10m_new": 0.4433827178156935}