{"MRRm_new": 0.40083067252508137, "MRm_new": 278.8976583113, "HITS@1m_new": 0.3346850431633647, "HITS@3m_new": 0.42779779112231336, "HITS@10m_new": 0.5216643467917748}