{"MRRm_new": 0.2565541304001099, "MRm_new": 670.7105794168115, "HITS@1m_new": 0.19750439730300423, "HITS@3m_new": 0.27344386896249123, "HITS@10m_new": 0.36956258430402156}