{"MRRm_new": 0.20011498131685448, "MRm_new": 1756.363490377575, "HITS@1m_new": 0.12888552431046263, "HITS@3m_new": 0.21558852293371455, "HITS@10m_new": 0.33790602901001693}