{"MRRm_new": 0.36503184921451887, "MRm_new": 401.10280180186777, "HITS@1m_new": 0.2994662729435804, "HITS@3m_new": 0.3912096619353397, "HITS@10m_new": 0.487804068833284}