{"MRRm_new": 0.2919957237391163, "MRm_new": 315.27996332766116, "HITS@1m_new": 0.20697817718847364, "HITS@3m_new": 0.32665639373300653, "HITS@10m_new": 0.4556854356389085}