{"MRRm_new": 0.19252749231794733, "MRm_new": 302.91950205552575, "HITS@1m_new": 0.12372967193187796, "HITS@3m_new": 0.19845014584612217, "HITS@10m_new": 0.3367053804947995}