{"MRRm_new": 0.23279872467842505, "MRm_new": 270.2203043647766, "HITS@1m_new": 0.15057118639186956, "HITS@3m_new": 0.24818488020999357, "HITS@10m_new": 0.3936189880840946}