{"MRRm_new": 0.3801784338779271, "MRm_new": 133.29380759364366, "HITS@1m_new": 0.2707533988794312, "HITS@3m_new": 0.42764851938327775, "HITS@10m_new": 0.6005603417931125}