{"MRRm_new": 0.3415705141514968, "MRm_new": 205.93227991962434, "HITS@1m_new": 0.23292018612392712, "HITS@3m_new": 0.38263577325711956, "HITS@10m_new": 0.5644183075334877}