{"MRRm_new": 0.2675021704165647, "MRm_new": 300.23695542518794, "HITS@1m_new": 0.18957505689279788, "HITS@3m_new": 0.29312932649187134, "HITS@10m_new": 0.41657946448792793}