{"MRRm_new": 0.38453172714945866, "MRm_new": 310.37803213285656, "HITS@1m_new": 0.3185005237317382, "HITS@3m_new": 0.41072434486474957, "HITS@10m_new": 0.5052324788786791}