{"MRRm_new": 0.4346671767990838, "MRm_new": 204.61730462029576, "HITS@1m_new": 0.32203828390202033, "HITS@3m_new": 0.4842807657191297, "HITS@10m_new": 0.6672331410588522}