{"MRRm_new": 0.5015133932825929, "MRm_new": 201.05857447201012, "HITS@1m_new": 0.39351043249189754, "HITS@3m_new": 0.5584910319009759, "HITS@10m_new": 0.7161089768836392}