{"MRRm_new": 0.42053865643481186, "MRm_new": 246.16232922052592, "HITS@1m_new": 0.3519246879043494, "HITS@3m_new": 0.4517426050624781, "HITS@10m_new": 0.5445425477176468}