{"MRRm_new": 0.3397231835155326, "MRm_new": 325.4304749720618, "HITS@1m_new": 0.25095594900682044, "HITS@3m_new": 0.3705715552729962, "HITS@10m_new": 0.516004468103798}