{"MRRm_new": 0.10467514720339241, "MRm_new": 623.0125093873024, "HITS@1m_new": 0.0610980300502677, "HITS@3m_new": 0.10375259792226134, "HITS@10m_new": 0.18720303191924467}