{"MRRm_new": 0.19930608700672892, "MRm_new": 400.0213180394888, "HITS@1m_new": 0.13714220140868566, "HITS@3m_new": 0.21092910136682913, "HITS@10m_new": 0.3203666905616643}