{"MRRm_new": 0.19287019383029838, "MRm_new": 441.72740777437684, "HITS@1m_new": 0.12868804500057596, "HITS@3m_new": 0.208068817298254, "HITS@10m_new": 0.3167879051181255}