{"MRRm_new": 0.7042093666490645, "MRm_new": 180.09783883267642, "HITS@1m_new": 0.6468569049703438, "HITS@3m_new": 0.7354380478860075, "HITS@10m_new": 0.8123166679124406}