{"MRRm_new": 0.10167086282386735, "MRm_new": 623.9503358694553, "HITS@1m_new": 0.05891620407095761, "HITS@3m_new": 0.10094615260466235, "HITS@10m_new": 0.18349675646931865}