{"MRRm_new": 0.5071184253167293, "MRm_new": 262.1317385796532, "HITS@1m_new": 0.43948517076202553, "HITS@3m_new": 0.5352765940506652, "HITS@10m_new": 0.6346244695846545}