{"MRRm_new": 0.08928935203032307, "MRm_new": 534.5423046674251, "HITS@1m_new": 0.041109813139599286, "HITS@3m_new": 0.09355291953433771, "HITS@10m_new": 0.17999504766231403}