{"MRRm_new": 0.3035724417301144, "MRm_new": 473.03505949222296, "HITS@1m_new": 0.2458936607398864, "HITS@3m_new": 0.3211441900428399, "HITS@10m_new": 0.40979805429001137}