{"MRRm_new": 0.6710441345068738, "MRm_new": 196.54214204081148, "HITS@1m_new": 0.6154238556922792, "HITS@3m_new": 0.7006882028768887, "HITS@10m_new": 0.7769995457962432}