{"MRRm_new": 0.13271235011684038, "MRm_new": 417.3316966507912, "HITS@1m_new": 0.0744262305062497, "HITS@3m_new": 0.14095978108881974, "HITS@10m_new": 0.24874838000312446}