{"MRRm_new": 0.30785920540605, "MRm_new": 2199.500261373639, "HITS@1m_new": 0.2281414180896245, "HITS@3m_new": 0.33510706038749777, "HITS@10m_new": 0.47181589671585245}