{"MRRm_new": 0.11641685088010709, "MRm_new": 3601.7637817572354, "HITS@1m_new": 0.07386349050453864, "HITS@3m_new": 0.12302571660252289, "HITS@10m_new": 0.20490556367416865}