{"MRRm_new": 0.1335255686371078, "MRm_new": 408.9893635317564, "HITS@1m_new": 0.07688371162121184, "HITS@3m_new": 0.1391636878391786, "HITS@10m_new": 0.2441267212653125}