{"MRRm_new": 0.19114543896220856, "MRm_new": 151.2264787432432, "HITS@1m_new": 0.10421962750162929, "HITS@3m_new": 0.20502289448017255, "HITS@10m_new": 0.37697753285318614}