{"MRRm_new": 0.08926206178166612, "MRm_new": 664.3444875609637, "HITS@1m_new": 0.047313462579308546, "HITS@3m_new": 0.09010734024060076, "HITS@10m_new": 0.16558181914866435}