{"MRRm_new": 0.1774838920366499, "MRm_new": 337.24727895793916, "HITS@1m_new": 0.10585521132085123, "HITS@3m_new": 0.1919261209287797, "HITS@10m_new": 0.31614261250747366}