{"MRRm_new": 0.6878858419224498, "MRm_new": 206.6372224443704, "HITS@1m_new": 0.6282184845620759, "HITS@3m_new": 0.7201304265017825, "HITS@10m_new": 0.7977877006467097}