{"MRRm_new": 0.1050305767376587, "MRm_new": 3586.7411022028446, "HITS@1m_new": 0.05977666702708229, "HITS@3m_new": 0.11127014213120565, "HITS@10m_new": 0.19895430951868184}