{"MRRm_new": 0.42737781557482324, "MRm_new": 225.63669223222138, "HITS@1m_new": 0.3198857177536447, "HITS@3m_new": 0.4773970880787383, "HITS@10m_new": 0.6476457820970972}