{"MRRm_new": 0.293809094625115, "MRm_new": 284.3801958660781, "HITS@1m_new": 0.21168654719566257, "HITS@3m_new": 0.3246893983290356, "HITS@10m_new": 0.4506923488337488}