{"MRRm_new": 0.2301491285754557, "MRm_new": 430.58708728232386, "HITS@1m_new": 0.15459603603967698, "HITS@3m_new": 0.246620841218438, "HITS@10m_new": 0.3839353042278439}