{"MRRm_new": 0.16562987131331466, "MRm_new": 248.59698925030233, "HITS@1m_new": 0.09471671023704112, "HITS@3m_new": 0.1760436090725474, "HITS@10m_new": 0.31205812004143374}