{"MRRm_new": 0.11313583013189928, "MRm_new": 503.81874304118156, "HITS@1m_new": 0.06160061381959822, "HITS@3m_new": 0.11655836461848812, "HITS@10m_new": 0.21313135426333174}