{"MRRm_new": 0.6717006049916227, "MRm_new": 189.46387601131946, "HITS@1m_new": 0.6160272749428659, "HITS@3m_new": 0.7011287870203378, "HITS@10m_new": 0.777315874787324}