{"MRRm_new": 0.43598229816893036, "MRm_new": 247.74857030747086, "HITS@1m_new": 0.34160494520063, "HITS@3m_new": 0.48006051848036807, "HITS@10m_new": 0.6165460328469126}