{"MRRm_new": 0.18588674415022832, "MRm_new": 349.96098058092593, "HITS@1m_new": 0.12105670478803222, "HITS@3m_new": 0.1947264075693558, "HITS@10m_new": 0.31782732437467204}