{"MRRm_new": 0.21569038695676318, "MRm_new": 1333.0239447888137, "HITS@1m_new": 0.14690600673871812, "HITS@3m_new": 0.22885232222784543, "HITS@10m_new": 0.34929097360541345}