{"MRRm_new": 0.2763750224241476, "MRm_new": 492.2272677449882, "HITS@1m_new": 0.2173939153059546, "HITS@3m_new": 0.2937201354739045, "HITS@10m_new": 0.38648284865450844}