{"MRRm_new": 0.2953647042305952, "MRm_new": 2165.896652503133, "HITS@1m_new": 0.2181379302117275, "HITS@3m_new": 0.31960697181650904, "HITS@10m_new": 0.45483557336172087}