{"MRRm_new": 0.08705356971767615, "MRm_new": 745.3047844485283, "HITS@1m_new": 0.0462141475886805, "HITS@3m_new": 0.0882687100174604, "HITS@10m_new": 0.16592075992365135}