{"MRRm_new": 0.6777932421561154, "MRm_new": 176.38128335131705, "HITS@1m_new": 0.6256775032167389, "HITS@3m_new": 0.7040790583041889, "HITS@10m_new": 0.7737788629174538}