{"MRRm_new": 0.24090194829641404, "MRm_new": 332.03654061608313, "HITS@1m_new": 0.16455812012772075, "HITS@3m_new": 0.26151802243934946, "HITS@10m_new": 0.39812612565672023}