{"MRRm_new": 0.6046268902954416, "MRm_new": 201.44074825899304, "HITS@1m_new": 0.5312451096260192, "HITS@3m_new": 0.6428005941913579, "HITS@10m_new": 0.7461577355962363}