{"MRRm_new": 0.6008833797009238, "MRm_new": 78.32567516629398, "HITS@1m_new": 0.5326917867310694, "HITS@3m_new": 0.6379034597999417, "HITS@10m_new": 0.7242114740854595}