{"MRRm_new": 0.24727053545204689, "MRm_new": 173.13921179106237, "HITS@1m_new": 0.1430758054278791, "HITS@3m_new": 0.2812314211079851, "HITS@10m_new": 0.4638799269711599}