{"MRRm_new": 0.09195732817266399, "MRm_new": 529.8335905465126, "HITS@1m_new": 0.04282346867757151, "HITS@3m_new": 0.09702866251289378, "HITS@10m_new": 0.18449812762476503}