{"MRRm_new": 0.48156394462308616, "MRm_new": 180.2554092695564, "HITS@1m_new": 0.3767222438058416, "HITS@3m_new": 0.5326029210471024, "HITS@10m_new": 0.6944354177583592}