{"MRRm_new": 0.11816402356397884, "MRm_new": 3706.178327923155, "HITS@1m_new": 0.07536829632380977, "HITS@3m_new": 0.12368488527312875, "HITS@10m_new": 0.20533136573862285}