{"MRRm_new": 0.18367352552091762, "MRm_new": 339.1012005229473, "HITS@1m_new": 0.11184747758607846, "HITS@3m_new": 0.19582730100112966, "HITS@10m_new": 0.31896310636877895}