{"MRRm_new": 0.1948235930752082, "MRm_new": 402.35000503206254, "HITS@1m_new": 0.13141265941509045, "HITS@3m_new": 0.20571789016849362, "HITS@10m_new": 0.3202412494351156}