{"MRRm_new": 0.4726923103157001, "MRm_new": 1240.6932263320089, "HITS@1m_new": 0.3635797053081915, "HITS@3m_new": 0.5249296579491347, "HITS@10m_new": 0.6869304572101682}