{"MRRm_new": 0.28869303437107735, "MRm_new": 325.97677226521074, "HITS@1m_new": 0.2044338391895726, "HITS@3m_new": 0.3223821276087983, "HITS@10m_new": 0.4511130510874791}