{"MRRm_new": 0.2630552608895068, "MRm_new": 2303.7246915452183, "HITS@1m_new": 0.19518621657662152, "HITS@3m_new": 0.2847080574080028, "HITS@10m_new": 0.3905232173720433}