{"MRRm_new": 0.14664867033021256, "MRm_new": 4274.98345692122, "HITS@1m_new": 0.09702061058822437, "HITS@3m_new": 0.15379766598062997, "HITS@10m_new": 0.24351615419564768}