{"MRRm_new": 0.30452703187965746, "MRm_new": 2166.2294558092954, "HITS@1m_new": 0.2252222481055651, "HITS@3m_new": 0.32999981502571607, "HITS@10m_new": 0.46610527486016506}