{"MRRm_new": 0.08639430879104475, "MRm_new": 626.317080367279, "HITS@1m_new": 0.046145655514998364, "HITS@3m_new": 0.08511907202071743, "HITS@10m_new": 0.1637024844792206}