{"MRRm_new": 0.3007761597762383, "MRm_new": 232.74791784189642, "HITS@1m_new": 0.2187587518485816, "HITS@3m_new": 0.33065147352531493, "HITS@10m_new": 0.4581930089534435}