{"MRRm_new": 0.2859888414623165, "MRm_new": 289.1833596560508, "HITS@1m_new": 0.2050879514460321, "HITS@3m_new": 0.3157636145116121, "HITS@10m_new": 0.4407168863878905}