{"MRRm_new": 0.45721181927437465, "MRm_new": 835.3041889303922, "HITS@1m_new": 0.3403058414948173, "HITS@3m_new": 0.5274294382310473, "HITS@10m_new": 0.6806350214590784}