{"MRRm_new": 0.2645778283759873, "MRm_new": 689.9691110995412, "HITS@1m_new": 0.2063773638433522, "HITS@3m_new": 0.2814547667700899, "HITS@10m_new": 0.3773365702330921}