{"MRRm_new": 0.08947338274887007, "MRm_new": 659.289265860343, "HITS@1m_new": 0.04774734019843163, "HITS@3m_new": 0.09056044797786744, "HITS@10m_new": 0.1644562718713889}