{"MRRm_new": 0.4047128131974805, "MRm_new": 154.44626936122776, "HITS@1m_new": 0.3022546600123969, "HITS@3m_new": 0.4478428559948079, "HITS@10m_new": 0.6052206993236905}