{"MRRm_new": 0.09363633215841692, "MRm_new": 596.8627430098534, "HITS@1m_new": 0.050380227905116044, "HITS@3m_new": 0.09721946363229071, "HITS@10m_new": 0.17027789970576995}