{"MRRm_new": 0.2575299042190367, "MRm_new": 344.6488734809637, "HITS@1m_new": 0.1815505958606489, "HITS@3m_new": 0.27399442952275277, "HITS@10m_new": 0.4132534582160413}