{"MRRm_new": 0.6801220260533928, "MRm_new": 174.58952497981488, "HITS@1m_new": 0.6281867183884206, "HITS@3m_new": 0.7064672785024668, "HITS@10m_new": 0.7752325815804143}