{"MRRm_new": 0.3257123438179624, "MRm_new": 525.6111583360508, "HITS@1m_new": 0.2626415003111142, "HITS@3m_new": 0.34805033291801374, "HITS@10m_new": 0.44272527808600354}