{"MRRm_new": 0.3125704105967125, "MRm_new": 443.88283706218004, "HITS@1m_new": 0.2065079662107164, "HITS@3m_new": 0.3502055445153965, "HITS@10m_new": 0.5308650722019375}