{"MRRm_new": 0.2925131988712983, "MRm_new": 247.51301342968642, "HITS@1m_new": 0.21136409482483579, "HITS@3m_new": 0.3219608605129615, "HITS@10m_new": 0.44866870376456064}