{"MRRm_new": 0.6550540510420296, "MRm_new": 179.28387545776368, "HITS@1m_new": 0.6022027703593048, "HITS@3m_new": 0.680503755878126, "HITS@10m_new": 0.754465107957396}