{"MRRm_new": 0.7208719441843942, "MRm_new": 133.177116841197, "HITS@1m_new": 0.6647932637838967, "HITS@3m_new": 0.7516910560678589, "HITS@10m_new": 0.8264766107515897}