{"MRRm_new": 0.5984231111862055, "MRm_new": 209.38653918503226, "HITS@1m_new": 0.5289018209390488, "HITS@3m_new": 0.630784464374643, "HITS@10m_new": 0.7330960065188993}