{"MRRm_new": 0.24739610121863734, "MRm_new": 385.56466747787596, "HITS@1m_new": 0.1671638462026458, "HITS@3m_new": 0.2798964086961205, "HITS@10m_new": 0.39767286955117015}