{"MRRm_new": 0.20203095090655115, "MRm_new": 405.95059498364924, "HITS@1m_new": 0.13708897894161054, "HITS@3m_new": 0.21563285772695673, "HITS@10m_new": 0.33077401461591943}