{"MRRm_new": 0.39232812969389486, "MRm_new": 111.05587319119275, "HITS@1m_new": 0.2889660240855883, "HITS@3m_new": 0.4422095631579869, "HITS@10m_new": 0.5943283775298623}