{"MRRm_new": 0.0805513799575463, "MRm_new": 679.4066140976906, "HITS@1m_new": 0.04000466499582399, "HITS@3m_new": 0.07867917746553431, "HITS@10m_new": 0.16172793940867997}