{"MRRm_new": 0.12416078780082608, "MRm_new": 316.0498188685656, "HITS@1m_new": 0.06399221213913989, "HITS@3m_new": 0.13022228691554627, "HITS@10m_new": 0.24130002489108593}