{"MRRm_new": 0.24548214529459803, "MRm_new": 356.3433910793066, "HITS@1m_new": 0.16695201940838014, "HITS@3m_new": 0.2679660104271956, "HITS@10m_new": 0.40156554031530395}