{"MRRm_new": 0.23824472059826513, "MRm_new": 401.16878201568124, "HITS@1m_new": 0.16152800232090522, "HITS@3m_new": 0.2559646578548476, "HITS@10m_new": 0.39318259880309925}