{"MRRm_new": 0.23001579854411558, "MRm_new": 1373.4128303278983, "HITS@1m_new": 0.16137447710003472, "HITS@3m_new": 0.2454156809853448, "HITS@10m_new": 0.358671323187853}