{"MRRm_new": 0.23290318018110429, "MRm_new": 3020.120629122436, "HITS@1m_new": 0.17098829165758797, "HITS@3m_new": 0.2598074230700659, "HITS@10m_new": 0.35706154850289024}