{"MRRm_new": 0.6680023133507138, "MRm_new": 200.3965861599073, "HITS@1m_new": 0.6124918489464471, "HITS@3m_new": 0.6974517287514754, "HITS@10m_new": 0.773839312112621}