{"MRRm_new": 0.087099045150858, "MRm_new": 754.3078325991869, "HITS@1m_new": 0.046122016843059103, "HITS@3m_new": 0.08873453963681822, "HITS@10m_new": 0.16543448548632442}