{"MRRm_new": 0.29651528058124405, "MRm_new": 376.89950414222477, "HITS@1m_new": 0.21113678446795894, "HITS@3m_new": 0.325783823240592, "HITS@10m_new": 0.46754389540872215}