{"MRRm_new": 0.21262759081615804, "MRm_new": 314.11419098644257, "HITS@1m_new": 0.13304585640145233, "HITS@3m_new": 0.22956934840347384, "HITS@10m_new": 0.37250374946371884}