{"MRRm_new": 0.34620814458520455, "MRm_new": 397.6711536116675, "HITS@1m_new": 0.2796177624660413, "HITS@3m_new": 0.3725314449611142, "HITS@10m_new": 0.46421190209871566}