{"MRRm_new": 0.18445799513091043, "MRm_new": 495.3217178790808, "HITS@1m_new": 0.12277583320737467, "HITS@3m_new": 0.19515094164370095, "HITS@10m_new": 0.30601842957383485}