{"MRRm_new": 0.08028228054778447, "MRm_new": 661.4976931422949, "HITS@1m_new": 0.03946189261721447, "HITS@3m_new": 0.07873410809213528, "HITS@10m_new": 0.16114383869664745}