{"MRRm_new": 0.19775105810532403, "MRm_new": 338.46690318000316, "HITS@1m_new": 0.11933149807287846, "HITS@3m_new": 0.21542458024679217, "HITS@10m_new": 0.35946809936966745}