{"MRRm_new": 0.429696209181343, "MRm_new": 219.43960983730852, "HITS@1m_new": 0.32107768605297676, "HITS@3m_new": 0.4811872050746606, "HITS@10m_new": 0.651231538476859}