{"MRRm_new": 0.22879494527425595, "MRm_new": 3162.3483531368224, "HITS@1m_new": 0.1683745118771476, "HITS@3m_new": 0.2527931764265959, "HITS@10m_new": 0.35051353817521885}