{"MRRm_new": 0.2906003156252109, "MRm_new": 323.2031205125004, "HITS@1m_new": 0.206261792518766, "HITS@3m_new": 0.32424378689670996, "HITS@10m_new": 0.45245292994315967}