{"MRRm_new": 0.2405326513207139, "MRm_new": 208.54153964653014, "HITS@1m_new": 0.1538464992135996, "HITS@3m_new": 0.25784149868730455, "HITS@10m_new": 0.41966412629578265}