{"MRRm_new": 0.17692831993002764, "MRm_new": 380.26039120094777, "HITS@1m_new": 0.11249928133627982, "HITS@3m_new": 0.18653057182554622, "HITS@10m_new": 0.30690981560584624}