{"MRRm_new": 0.2252228641814727, "MRm_new": 1628.1047871938647, "HITS@1m_new": 0.15214839722617762, "HITS@3m_new": 0.24352999393185018, "HITS@10m_new": 0.36512280856320284}