{"MRRm_new": 0.12194011065388623, "MRm_new": 621.8442470165968, "HITS@1m_new": 0.07362689556689002, "HITS@3m_new": 0.12735432136491873, "HITS@10m_new": 0.211574689446704}