{"MRRm_new": 0.12030096097978822, "MRm_new": 450.7340287584305, "HITS@1m_new": 0.06553484505984233, "HITS@3m_new": 0.12749661435082088, "HITS@10m_new": 0.22711847696406767}