{"MRRm_new": 0.09691257717559056, "MRm_new": 658.9172797780275, "HITS@1m_new": 0.051706489404186144, "HITS@3m_new": 0.10105595369598014, "HITS@10m_new": 0.17657200130966957}