{"MRRm_new": 0.16956605873773878, "MRm_new": 608.6680256543532, "HITS@1m_new": 0.10430057501829287, "HITS@3m_new": 0.18464381484324985, "HITS@10m_new": 0.30073622375823833}