{"MRRm_new": 0.07606051169878338, "MRm_new": 745.9667555056334, "HITS@1m_new": 0.03578557585586677, "HITS@3m_new": 0.07531504627782852, "HITS@10m_new": 0.15335246646238956}