{"MRRm_new": 0.08970896777779562, "MRm_new": 686.0227963044882, "HITS@1m_new": 0.04757100083251717, "HITS@3m_new": 0.09068628539414494, "HITS@10m_new": 0.16601467866739258}