{"MRRm_new": 0.46705709276563173, "MRm_new": 244.81517733144761, "HITS@1m_new": 0.36542568133765596, "HITS@3m_new": 0.5196034835997598, "HITS@10m_new": 0.6702542445685358}