{"MRRm_new": 0.11844879257722787, "MRm_new": 593.5546193449497, "HITS@1m_new": 0.07129505048644497, "HITS@3m_new": 0.12152771011717269, "HITS@10m_new": 0.20908131916581188}