{"MRRm_new": 0.2584992124010794, "MRm_new": 357.2047267121315, "HITS@1m_new": 0.18043031954686156, "HITS@3m_new": 0.2759202494366094, "HITS@10m_new": 0.4190782799158245}