{"MRRm_new": 0.22305527612709994, "MRm_new": 349.9050085423231, "HITS@1m_new": 0.1452146286794916, "HITS@3m_new": 0.24435487865561153, "HITS@10m_new": 0.3774252095603035}