{"MRRm_new": 0.2872897695875367, "MRm_new": 2102.34989171952, "HITS@1m_new": 0.20972659268870483, "HITS@3m_new": 0.31181279325752986, "HITS@10m_new": 0.4427369925333187}