{"MRRm_new": 0.19219594777334423, "MRm_new": 272.5886032643795, "HITS@1m_new": 0.11313804272863781, "HITS@3m_new": 0.20866366947907955, "HITS@10m_new": 0.34799375228961}