{"MRRm_new": 0.7311759713790233, "MRm_new": 127.63640365146101, "HITS@1m_new": 0.6748310194428632, "HITS@3m_new": 0.7634032266108334, "HITS@10m_new": 0.8360242034280673}