{"MRRm_new": 0.13583199921050482, "MRm_new": 4208.026856431455, "HITS@1m_new": 0.08719322869456664, "HITS@3m_new": 0.1416618614015897, "HITS@10m_new": 0.22666868788386638}