{"MRRm_new": 0.2898464944818352, "MRm_new": 2605.1536838501393, "HITS@1m_new": 0.21363865570898632, "HITS@3m_new": 0.31365010132291354, "HITS@10m_new": 0.444108723080717}