{"MRRm_new": 0.19453164832836772, "MRm_new": 403.8822984420776, "HITS@1m_new": 0.13088908939906396, "HITS@3m_new": 0.2060182863013353, "HITS@10m_new": 0.3203934748816304}