{"MRRm_new": 0.24902326743207667, "MRm_new": 347.9840777028084, "HITS@1m_new": 0.1735420527257491, "HITS@3m_new": 0.2680986541450955, "HITS@10m_new": 0.40364843212682755}