{"MRRm_new": 0.12572849333981576, "MRm_new": 315.5708959476232, "HITS@1m_new": 0.06553798116750549, "HITS@3m_new": 0.13194507456528953, "HITS@10m_new": 0.24269295200891794}