{"MRRm_new": 0.28108189867067723, "MRm_new": 2424.439275666237, "HITS@1m_new": 0.20849913106331952, "HITS@3m_new": 0.30380655862257117, "HITS@10m_new": 0.42484683940629475}