{"MRRm_new": 0.17795083589668792, "MRm_new": 326.3178712937355, "HITS@1m_new": 0.10653732573455782, "HITS@3m_new": 0.19287780311285752, "HITS@10m_new": 0.3158018388199154}