{"MRRm_new": 0.45299805648554503, "MRm_new": 214.1273724439442, "HITS@1m_new": 0.38455154485235105, "HITS@3m_new": 0.4828061483261408, "HITS@10m_new": 0.5766184899780201}