{"MRRm_new": 0.303976686524597, "MRm_new": 1745.1901254124343, "HITS@1m_new": 0.22931254583259578, "HITS@3m_new": 0.3260343035941478, "HITS@10m_new": 0.45539001313084737}