{"MRRm_new": 0.11696667716553784, "MRm_new": 3908.6726230924846, "HITS@1m_new": 0.07507474448136053, "HITS@3m_new": 0.1226613857577555, "HITS@10m_new": 0.200053052446153}