{"MRRm_new": 0.556855495429596, "MRm_new": 188.3897143068537, "HITS@1m_new": 0.48597369723959494, "HITS@3m_new": 0.5921496359463782, "HITS@10m_new": 0.6886487170029723}