{"MRRm_new": 0.1941368447049157, "MRm_new": 436.72152301340105, "HITS@1m_new": 0.13331936621429633, "HITS@3m_new": 0.20276803538100793, "HITS@10m_new": 0.31628524005301295}