{"MRRm_new": 0.1937087170365694, "MRm_new": 513.6747103903517, "HITS@1m_new": 0.12774618888072292, "HITS@3m_new": 0.20939926253219893, "HITS@10m_new": 0.323846384789671}