{"MRRm_new": 0.2722401664433692, "MRm_new": 540.0265262206196, "HITS@1m_new": 0.21381741455683367, "HITS@3m_new": 0.2895795318192941, "HITS@10m_new": 0.38097371377090533}