{"MRRm_new": 0.46617689336127843, "MRm_new": 138.1470761127919, "HITS@1m_new": 0.39748748423022334, "HITS@3m_new": 0.49671670805235046, "HITS@10m_new": 0.590446568239684}