{"MRRm_new": 0.30455187122656796, "MRm_new": 2012.1880580005645, "HITS@1m_new": 0.2229351583782118, "HITS@3m_new": 0.33824623153638095, "HITS@10m_new": 0.47711434566485694}