{"MRRm_new": 0.603933208043647, "MRm_new": 52.06332871159911, "HITS@1m_new": 0.45293003298880646, "HITS@3m_new": 0.7193723973017186, "HITS@10m_new": 0.8675682713589631}