{"MRRm_new": 0.46299466716571713, "MRm_new": 207.22632173715533, "HITS@1m_new": 0.394606012229342, "HITS@3m_new": 0.49354173276314395, "HITS@10m_new": 0.5867482115795428}