{"MRRm_new": 0.4583922983050197, "MRm_new": 164.23234075660258, "HITS@1m_new": 0.38848788745985074, "HITS@3m_new": 0.4915775608223921, "HITS@10m_new": 0.585039170280259}