{"MRRm_new": 0.2447233749375082, "MRm_new": 368.6510014549971, "HITS@1m_new": 0.16635653465505457, "HITS@3m_new": 0.26584918508669364, "HITS@10m_new": 0.4007596265704371}