{"MRRm_new": 0.27371009147549286, "MRm_new": 2398.4239990626575, "HITS@1m_new": 0.20138995306793367, "HITS@3m_new": 0.2969197591040866, "HITS@10m_new": 0.4138399959666131}