{"MRRm_new": 0.504151749572562, "MRm_new": 264.7269476949349, "HITS@1m_new": 0.43677860677856367, "HITS@3m_new": 0.5316504310845339, "HITS@10m_new": 0.6320397301903504}