{"MRRm_new": 0.10277887855524313, "MRm_new": 3647.2287845269443, "HITS@1m_new": 0.059689610828924926, "HITS@3m_new": 0.10726374437101185, "HITS@10m_new": 0.1942314299279824}