{"MRRm_new": 0.25467693506903333, "MRm_new": 743.183041838646, "HITS@1m_new": 0.1460436536319321, "HITS@3m_new": 0.29337874737509995, "HITS@10m_new": 0.4734618043671362}