{"MRRm_new": 0.17781496178522066, "MRm_new": 324.3118643417835, "HITS@1m_new": 0.1064021852436068, "HITS@3m_new": 0.19338601693963864, "HITS@10m_new": 0.31527067081048155}