{"MRRm_new": 0.22850166185218268, "MRm_new": 1388.5556159329713, "HITS@1m_new": 0.16032058602554025, "HITS@3m_new": 0.2434226568293816, "HITS@10m_new": 0.3566824433558795}