{"MRRm_new": 0.2771656166505909, "MRm_new": 567.6946424590051, "HITS@1m_new": 0.21738709887008736, "HITS@3m_new": 0.29509908456258566, "HITS@10m_new": 0.3907054166394737}