{"MRRm_new": 0.6827712146597987, "MRm_new": 174.3020384042859, "HITS@1m_new": 0.6307418001070219, "HITS@3m_new": 0.7096666104907563, "HITS@10m_new": 0.7776761315325348}