{"MRRm_new": 0.2381065602595395, "MRm_new": 3175.298565960616, "HITS@1m_new": 0.16491426464536926, "HITS@3m_new": 0.25012737606425073, "HITS@10m_new": 0.388880800304818}