{"MRRm_new": 0.1990290060994652, "MRm_new": 308.1627136213303, "HITS@1m_new": 0.12035252132464666, "HITS@3m_new": 0.2164131039370084, "HITS@10m_new": 0.363010570348287}