{"MRRm_new": 0.09196423443025997, "MRm_new": 529.8335379019737, "HITS@1m_new": 0.04282346867757151, "HITS@3m_new": 0.09702866251289378, "HITS@10m_new": 0.18449812762476503}