{"MRRm_new": 0.2616538323729314, "MRm_new": 326.4981932420969, "HITS@1m_new": 0.18455123769063503, "HITS@3m_new": 0.27875301253502255, "HITS@10m_new": 0.42100000208318233}