{"MRRm_new": 0.20844242379846764, "MRm_new": 2289.1447478736786, "HITS@1m_new": 0.13999710998254886, "HITS@3m_new": 0.23783231991658976, "HITS@10m_new": 0.3459110680196609}