{"MRRm_new": 0.6833945899428608, "MRm_new": 152.1456040608883, "HITS@1m_new": 0.6267650671189622, "HITS@3m_new": 0.7132613445344977, "HITS@10m_new": 0.7895706386805977}