{"MRRm_new": 0.09437324190255021, "MRm_new": 632.2805103908539, "HITS@1m_new": 0.05191981461993419, "HITS@3m_new": 0.09503209506666171, "HITS@10m_new": 0.17473800657773392}