{"MRRm_new": 0.19670238366279955, "MRm_new": 314.32679684979917, "HITS@1m_new": 0.1310038710943074, "HITS@3m_new": 0.20519571125834482, "HITS@10m_new": 0.32693875217729945}