{"MRRm_new": 0.28973816511961925, "MRm_new": 2391.461113462031, "HITS@1m_new": 0.21165684710274218, "HITS@3m_new": 0.32176640367973597, "HITS@10m_new": 0.44455125551810487}