{"MRRm_new": 0.24909880522763705, "MRm_new": 833.576561538443, "HITS@1m_new": 0.19230166963561715, "HITS@3m_new": 0.2661688240151416, "HITS@10m_new": 0.3585573132844402}