{"MRRm_new": 0.19300116891284705, "MRm_new": 389.53681208958625, "HITS@1m_new": 0.12902784658638994, "HITS@3m_new": 0.2038023495916743, "HITS@10m_new": 0.3213799865939887}