{"MRRm_new": 0.6307863587713837, "MRm_new": 207.92796701013296, "HITS@1m_new": 0.5745582818847179, "HITS@3m_new": 0.657982648230216, "HITS@10m_new": 0.738079687356505}