{"MRRm_new": 0.1758638016508732, "MRm_new": 432.520897549057, "HITS@1m_new": 0.11236841123796185, "HITS@3m_new": 0.18449793871308212, "HITS@10m_new": 0.30355913685599806}