{"MRRm_new": 0.08712395156729909, "MRm_new": 759.9021912634134, "HITS@1m_new": 0.04639824192861561, "HITS@3m_new": 0.08876109501789324, "HITS@10m_new": 0.16578281462712913}