{"MRRm_new": 0.40593902459838227, "MRm_new": 267.3211591433212, "HITS@1m_new": 0.3371113815715798, "HITS@3m_new": 0.43648000109202983, "HITS@10m_new": 0.5310601870104292}