{"MRRm_new": 0.6930215879421585, "MRm_new": 173.91398800741882, "HITS@1m_new": 0.6364165415874704, "HITS@3m_new": 0.724799877392652, "HITS@10m_new": 0.7989848675763788}