{"MRRm_new": 0.31619923019664337, "MRm_new": 1507.2323560543061, "HITS@1m_new": 0.23259971970750484, "HITS@3m_new": 0.3430555068054236, "HITS@10m_new": 0.4887649398429785}