{"MRRm_new": 0.5778106522427215, "MRm_new": 157.46273061816393, "HITS@1m_new": 0.5047516546698498, "HITS@3m_new": 0.6152191616451601, "HITS@10m_new": 0.7127354373196721}