{"MRRm_new": 0.24034865607952816, "MRm_new": 425.50822206196784, "HITS@1m_new": 0.16581590577203315, "HITS@3m_new": 0.25541983413128183, "HITS@10m_new": 0.3909415042272769}