{"MRRm_new": 0.5028823802133766, "MRm_new": 196.99755461892485, "HITS@1m_new": 0.39601686376460205, "HITS@3m_new": 0.5623983086230837, "HITS@10m_new": 0.7095668764878865}