{"MRRm_new": 0.18349969106218778, "MRm_new": 337.1213729033947, "HITS@1m_new": 0.10771848244894063, "HITS@3m_new": 0.1975107343835756, "HITS@10m_new": 0.3367834887321573}