{"MRRm_new": 0.12251944640977745, "MRm_new": 577.0550861809254, "HITS@1m_new": 0.07450996410588268, "HITS@3m_new": 0.12627107377401553, "HITS@10m_new": 0.21236274596868315}