{"MRRm_new": 0.29184432745429695, "MRm_new": 1987.0782948918938, "HITS@1m_new": 0.2143243611039361, "HITS@3m_new": 0.315941714727669, "HITS@10m_new": 0.4473754805973731}