{"MRRm_new": 0.3679495818608366, "MRm_new": 416.2326652437672, "HITS@1m_new": 0.28499871320143577, "HITS@3m_new": 0.4018457200894081, "HITS@10m_new": 0.5269000894711134}