{"MRRm_new": 0.20171060736137314, "MRm_new": 424.46013145243376, "HITS@1m_new": 0.13017739723535487, "HITS@3m_new": 0.21721635402078027, "HITS@10m_new": 0.34396569261956755}