{"MRRm_new": 0.32792633200852694, "MRm_new": 1625.4729882695972, "HITS@1m_new": 0.24863933120074216, "HITS@3m_new": 0.35698335549677723, "HITS@10m_new": 0.48187470528203996}