{"MRRm_new": 0.2368914404030351, "MRm_new": 409.8673893113375, "HITS@1m_new": 0.16037042157680262, "HITS@3m_new": 0.25502232824806126, "HITS@10m_new": 0.3926151809736155}