{"MRRm_new": 0.5133297547605898, "MRm_new": 272.5175238979384, "HITS@1m_new": 0.43591628788801606, "HITS@3m_new": 0.5470810831610724, "HITS@10m_new": 0.6597809049187927}