{"MRRm_new": 0.19715369986475853, "MRm_new": 315.26203603317737, "HITS@1m_new": 0.131212205081305, "HITS@3m_new": 0.20546967041852185, "HITS@10m_new": 0.3276396325759939}