{"MRRm_new": 0.1926844867769294, "MRm_new": 426.06805700440407, "HITS@1m_new": 0.1275506984307547, "HITS@3m_new": 0.2085128734097816, "HITS@10m_new": 0.31799422083047685}