{"MRRm_new": 0.31263082404631815, "MRm_new": 2086.203026729405, "HITS@1m_new": 0.23366134649398737, "HITS@3m_new": 0.3410519678122364, "HITS@10m_new": 0.4760301342933089}