{"MRRm_new": 0.5044224516669911, "MRm_new": 205.77212992562355, "HITS@1m_new": 0.39830454221865513, "HITS@3m_new": 0.5614656637313711, "HITS@10m_new": 0.7120866839569062}