{"MRRm_new": 0.1216663422812635, "MRm_new": 341.58754176285265, "HITS@1m_new": 0.060743304872862065, "HITS@3m_new": 0.13167475821739064, "HITS@10m_new": 0.2385971303333994}