{"MRRm_new": 0.1045137988379458, "MRm_new": 552.8441085083008, "HITS@1m_new": 0.06026057397632394, "HITS@3m_new": 0.10578463850305415, "HITS@10m_new": 0.18547789788448718}