{"MRRm_new": 0.29200543979189936, "MRm_new": 2414.394092656553, "HITS@1m_new": 0.21334008566313423, "HITS@3m_new": 0.3139904065435985, "HITS@10m_new": 0.45668908893922344}