{"MRRm_new": 0.14228184264392757, "MRm_new": 3422.815731169552, "HITS@1m_new": 0.09523867708734178, "HITS@3m_new": 0.1428344827961555, "HITS@10m_new": 0.23570035098632797}