{"MRRm_new": 0.1315307283102602, "MRm_new": 14991.81154204461, "HITS@1m_new": 0.08967539029452018, "HITS@3m_new": 0.1457833006301662, "HITS@10m_new": 0.21458554721972906}