{"MRRm_new": 0.3299277664271276, "MRm_new": 2942.936916071057, "HITS@1m_new": 0.2914627070229908, "HITS@3m_new": 0.34712427833870607, "HITS@10m_new": 0.4004590321770229}