{"MRRm_new": 0.22025162663801165, "MRm_new": 294.5198800203562, "HITS@1m_new": 0.1366788495069719, "HITS@3m_new": 0.2395642985857441, "HITS@10m_new": 0.38708942603413016}