{"MRRm_new": 0.24032549735209613, "MRm_new": 422.601585992527, "HITS@1m_new": 0.16588194673440884, "HITS@3m_new": 0.25461523742051795, "HITS@10m_new": 0.39201880499171093}