{"MRRm_new": 0.46078686222646775, "MRm_new": 232.44586809001862, "HITS@1m_new": 0.36090417144452297, "HITS@3m_new": 0.5077766325655685, "HITS@10m_new": 0.6625153487136703}