{"MRRm_new": 0.7332191214464201, "MRm_new": 126.37805077435077, "HITS@1m_new": 0.6771664215243509, "HITS@3m_new": 0.7651291253132294, "HITS@10m_new": 0.8375047637913376}