{"MRRm_new": 0.21982215280908568, "MRm_new": 294.20564341566563, "HITS@1m_new": 0.13596968640337, "HITS@3m_new": 0.23301352106160483, "HITS@10m_new": 0.4033023275850806}