{"MRRm_new": 0.304513890578623, "MRm_new": 2012.1872177239359, "HITS@1m_new": 0.2228518250498455, "HITS@3m_new": 0.33824623153638095, "HITS@10m_new": 0.47711434566485694}