{"MRRm_new": 0.49557763358401735, "MRm_new": 213.1297816850543, "HITS@1m_new": 0.3876218377523473, "HITS@3m_new": 0.5531126303534584, "HITS@10m_new": 0.7112910466786234}