{"MRRm_new": 0.4329589848031819, "MRm_new": 207.46340180368722, "HITS@1m_new": 0.3233584634327308, "HITS@3m_new": 0.48343741135725576, "HITS@10m_new": 0.6577424632954353}