{"MRRm_new": 0.43515404021623183, "MRm_new": 78.52306670449674, "HITS@1m_new": 0.337523087771202, "HITS@3m_new": 0.48220983416601665, "HITS@10m_new": 0.6198384418889764}