{"MRRm_new": 0.2083818143040853, "MRm_new": 2289.140737299651, "HITS@1m_new": 0.14009767854180244, "HITS@3m_new": 0.23742227893661766, "HITS@10m_new": 0.34516106121850315}