{"MRRm_new": 0.22810034244603958, "MRm_new": 1026.0408225359918, "HITS@1m_new": 0.15405302647192728, "HITS@3m_new": 0.24450151950371218, "HITS@10m_new": 0.372421145614353}