{"MRRm_new": 0.24903971839608174, "MRm_new": 2267.059635938704, "HITS@1m_new": 0.17222982802346815, "HITS@3m_new": 0.263646803875803, "HITS@10m_new": 0.4052291769889416}