{"MRRm_new": 0.3232180015990743, "MRm_new": 1688.1299246124624, "HITS@1m_new": 0.24107037600991316, "HITS@3m_new": 0.35558714272629005, "HITS@10m_new": 0.48623341469676234}