{"MRRm_new": 0.6967677368077148, "MRm_new": 169.815814576596, "HITS@1m_new": 0.6353761674010456, "HITS@3m_new": 0.7312051421336473, "HITS@10m_new": 0.8120739546716504}