{"MRRm_new": 0.2974934322643562, "MRm_new": 713.0318178580105, "HITS@1m_new": 0.19430130518693478, "HITS@3m_new": 0.3398866450721398, "HITS@10m_new": 0.5029479262707754}