{"MRRm_new": 0.08921885886099917, "MRm_new": 664.3452565810442, "HITS@1m_new": 0.047263462579308545, "HITS@3m_new": 0.09005734024060075, "HITS@10m_new": 0.16559181914955842}