{"MRRm_new": 0.19378344295413352, "MRm_new": 1947.1951969224513, "HITS@1m_new": 0.12752292454900452, "HITS@3m_new": 0.20447010669461452, "HITS@10m_new": 0.3244282798421336}