{"MRRm_new": 0.18277134468979495, "MRm_new": 327.84333419818876, "HITS@1m_new": 0.11106334192829673, "HITS@3m_new": 0.19371678703483194, "HITS@10m_new": 0.31904336570004815}