{"MRRm_new": 0.2975031757464635, "MRm_new": 713.0313470262587, "HITS@1m_new": 0.19431916232872753, "HITS@3m_new": 0.33989827296976, "HITS@10m_new": 0.5029479262707754}