{"MRRm_new": 0.1741606808421511, "MRm_new": 544.5989612990096, "HITS@1m_new": 0.10723878556155977, "HITS@3m_new": 0.1888168048561565, "HITS@10m_new": 0.30896849559141265}