{"MRRm_new": 0.6627799887859682, "MRm_new": 200.46967739389092, "HITS@1m_new": 0.6070215295815288, "HITS@3m_new": 0.6919684785781719, "HITS@10m_new": 0.7696806219443315}