{"MRRm_new": 0.2998276775682566, "MRm_new": 2364.3003952258528, "HITS@1m_new": 0.22633684733766132, "HITS@3m_new": 0.32744037183374164, "HITS@10m_new": 0.4486903899433091}