{"MRRm_new": 0.29092194112257314, "MRm_new": 246.12492305375636, "HITS@1m_new": 0.20984153375855386, "HITS@3m_new": 0.32069638666949324, "HITS@10m_new": 0.44630910811715147}