{"MRRm_new": 0.23595729587538425, "MRm_new": 3007.532711449608, "HITS@1m_new": 0.17303457297736896, "HITS@3m_new": 0.262630023851867, "HITS@10m_new": 0.3622665916142796}