{"MRRm_new": 0.3383996352573877, "MRm_new": 363.56631859201195, "HITS@1m_new": 0.2336022819587961, "HITS@3m_new": 0.3779952283320017, "HITS@10m_new": 0.547816133453045}