{"MRRm_new": 0.13179087272377454, "MRm_new": 15762.89730233425, "HITS@1m_new": 0.0872815516430419, "HITS@3m_new": 0.14577002764190547, "HITS@10m_new": 0.21970350839640013}