{"MRRm_new": 0.5336114516586413, "MRm_new": 231.7432308152169, "HITS@1m_new": 0.4696730743697335, "HITS@3m_new": 0.5587759553081524, "HITS@10m_new": 0.6575151003470237}