{"MRRm_new": 0.46685970533854015, "MRm_new": 244.81462306283413, "HITS@1m_new": 0.365025094377168, "HITS@3m_new": 0.5198646662491119, "HITS@10m_new": 0.6702842276736738}