{"MRRm_new": 0.12836011447665804, "MRm_new": 419.2227834508419, "HITS@1m_new": 0.07231432438578922, "HITS@3m_new": 0.13445087019479834, "HITS@10m_new": 0.23676939568166855}