{"MRRm_new": 0.6889571153821371, "MRm_new": 205.38579688481985, "HITS@1m_new": 0.6290188351405778, "HITS@3m_new": 0.7214299468462559, "HITS@10m_new": 0.7995723241041196}