{"MRRm_new": 0.39908298154662225, "MRm_new": 301.17018676579744, "HITS@1m_new": 0.3108984857329342, "HITS@3m_new": 0.43697854094811556, "HITS@10m_new": 0.5698438180496305}