{"MRRm_new": 0.6993785533687215, "MRm_new": 185.33294005940854, "HITS@1m_new": 0.6425963880350828, "HITS@3m_new": 0.7296985247015219, "HITS@10m_new": 0.8067097005705873}