{"MRRm_new": 0.48927027387767885, "MRm_new": 218.34109967926145, "HITS@1m_new": 0.38284276183339533, "HITS@3m_new": 0.5457752653727402, "HITS@10m_new": 0.7018869873709737}