{"MRRm_new": 0.30372714409298396, "MRm_new": 2036.9341097365023, "HITS@1m_new": 0.2217640225517098, "HITS@3m_new": 0.3382601910810918, "HITS@10m_new": 0.46781800264352935}