{"MRRm_new": 0.23025346711798775, "MRm_new": 430.31377385249135, "HITS@1m_new": 0.15471763200127753, "HITS@3m_new": 0.24711096156453713, "HITS@10m_new": 0.38388487343378364}