{"MRRm_new": 0.09490085657527525, "MRm_new": 713.0910290111542, "HITS@1m_new": 0.052227844509872376, "HITS@3m_new": 0.09539589836677187, "HITS@10m_new": 0.17737341254635247}