{"MRRm_new": 0.5611469892999476, "MRm_new": 163.85945416300743, "HITS@1m_new": 0.48607387652044415, "HITS@3m_new": 0.5956820409501815, "HITS@10m_new": 0.701331528168812}