{"MRRm_new": 0.22887553487509377, "MRm_new": 807.3764931905567, "HITS@1m_new": 0.15760553848801645, "HITS@3m_new": 0.24545532722727512, "HITS@10m_new": 0.36954368071627686}