{"MRRm_new": 0.1345913787769964, "MRm_new": 14777.634012555063, "HITS@1m_new": 0.09277554637892171, "HITS@3m_new": 0.14907727149245328, "HITS@10m_new": 0.2187968513049418}