{"MRRm_new": 0.515995145632256, "MRm_new": 186.47384573705494, "HITS@1m_new": 0.40710378331390895, "HITS@3m_new": 0.5777777380529479, "HITS@10m_new": 0.726321373234634}