{"MRRm_new": 0.5194180448865664, "MRm_new": 149.085913975358, "HITS@1m_new": 0.40704704826281884, "HITS@3m_new": 0.5809117651751184, "HITS@10m_new": 0.7413447361117869}