{"MRRm_new": 0.2504233265212315, "MRm_new": 312.1412436169863, "HITS@1m_new": 0.1731927345046308, "HITS@3m_new": 0.27192519415197897, "HITS@10m_new": 0.40622341455705463}