{"MRRm_new": 0.44315251423597146, "MRm_new": 103.33982356512547, "HITS@1m_new": 0.3364218757097842, "HITS@3m_new": 0.4921885687880858, "HITS@10m_new": 0.6536022034086927}