{"MRRm_new": 0.41146746202100437, "MRm_new": 98.46793741157651, "HITS@1m_new": 0.3176861694876279, "HITS@3m_new": 0.4538705841432384, "HITS@10m_new": 0.5913465863141464}