{"MRRm_new": 0.3262913343822529, "MRm_new": 2926.072468087733, "HITS@1m_new": 0.2878324069912196, "HITS@3m_new": 0.34366031008040593, "HITS@10m_new": 0.39601426381335475}