{"MRRm_new": 0.09742535845869861, "MRm_new": 687.7348628923654, "HITS@1m_new": 0.05388176947621396, "HITS@3m_new": 0.09798526094352128, "HITS@10m_new": 0.18140857725101522}