{"MRRm_new": 0.520719027431529, "MRm_new": 157.0080970042944, "HITS@1m_new": 0.40871328862852535, "HITS@3m_new": 0.5810935763414055, "HITS@10m_new": 0.7411402822801756}