{"MRRm_new": 0.2794339285116721, "MRm_new": 537.3621369215995, "HITS@1m_new": 0.21910692813852076, "HITS@3m_new": 0.2971097532454114, "HITS@10m_new": 0.39377116423493863}