{"MRRm_new": 0.23066086190471832, "MRm_new": 267.60475623004436, "HITS@1m_new": 0.14291294006050448, "HITS@3m_new": 0.2436883292125247, "HITS@10m_new": 0.4248575067353901}