{"MRRm_new": 0.514410503684263, "MRm_new": 162.04130909904836, "HITS@1m_new": 0.40361037711802417, "HITS@3m_new": 0.5744709053644946, "HITS@10m_new": 0.7322428101153636}