{"MRRm_new": 0.5563064522680042, "MRm_new": 207.07370168235897, "HITS@1m_new": 0.48965081691737944, "HITS@3m_new": 0.5854961742298183, "HITS@10m_new": 0.6825619834029057}