{"MRRm_new": 0.24570692020447132, "MRm_new": 389.47323039856553, "HITS@1m_new": 0.1658293528714421, "HITS@3m_new": 0.2777807554156025, "HITS@10m_new": 0.3960724559849477}