{"MRRm_new": 0.35332207392085, "MRm_new": 134.07492998670043, "HITS@1m_new": 0.2641209785293031, "HITS@3m_new": 0.39015504347447133, "HITS@10m_new": 0.5238555076548946}