{"MRRm_new": 0.11692722624147718, "MRm_new": 325.11631391448975, "HITS@1m_new": 0.05941998268587049, "HITS@3m_new": 0.12380931758889928, "HITS@10m_new": 0.22587474995139056}