{"MRRm_new": 0.18458594049608365, "MRm_new": 405.98334564579727, "HITS@1m_new": 0.12061156308344216, "HITS@3m_new": 0.19289569524944528, "HITS@10m_new": 0.3121426997190807}