{"MRRm_new": 0.5038668202353738, "MRm_new": 197.2571619670987, "HITS@1m_new": 0.39676742690090394, "HITS@3m_new": 0.5636194584600999, "HITS@10m_new": 0.7113740934637244}