{"MRRm_new": 0.32215507668665394, "MRm_new": 1647.6127457734644, "HITS@1m_new": 0.24082286989392016, "HITS@3m_new": 0.35144965276750734, "HITS@10m_new": 0.4822595052041579}