{"MRRm_new": 0.30308656270945855, "MRm_new": 2189.182555658758, "HITS@1m_new": 0.22321392909553833, "HITS@3m_new": 0.32929236552806107, "HITS@10m_new": 0.46561367891763805}