{"MRRm_new": 0.6053456002091198, "MRm_new": 200.056855653733, "HITS@1m_new": 0.5354045086583501, "HITS@3m_new": 0.637915893855381, "HITS@10m_new": 0.7403331910919806}