{"MRRm_new": 0.2941172575823839, "MRm_new": 2208.987789250791, "HITS@1m_new": 0.21756725997349713, "HITS@3m_new": 0.31873811907728666, "HITS@10m_new": 0.4513506223587319}