{"MRRm_new": 0.31508756267448323, "MRm_new": 1820.2380423883797, "HITS@1m_new": 0.2386251082890667, "HITS@3m_new": 0.3384712795387022, "HITS@10m_new": 0.46986845389194787}