{"MRRm_new": 0.4205078329449034, "MRm_new": 246.1625097032115, "HITS@1m_new": 0.3518605681471963, "HITS@3m_new": 0.45173341815503953, "HITS@10m_new": 0.544542749654458}