{"MRRm_new": 0.3276609215892895, "MRm_new": 2970.729514942482, "HITS@1m_new": 0.2894543154643325, "HITS@3m_new": 0.3442482480289691, "HITS@10m_new": 0.39777641904876143}