{"MRRm_new": 0.20299853861278971, "MRm_new": 158.2369794154644, "HITS@1m_new": 0.11756625820267945, "HITS@3m_new": 0.22167549458164723, "HITS@10m_new": 0.38174129486232994}