{"MRRm_new": 0.20214130865379557, "MRm_new": 404.6293449851513, "HITS@1m_new": 0.1372367728954763, "HITS@3m_new": 0.21565821705728302, "HITS@10m_new": 0.33039344356236977}