{"MRRm_new": 0.18545127219975402, "MRm_new": 434.7439058391333, "HITS@1m_new": 0.12221893176842132, "HITS@3m_new": 0.19847556015336887, "HITS@10m_new": 0.3077162646316225}