{"MRRm_new": 0.15856689286887848, "MRm_new": 273.9333319231033, "HITS@1m_new": 0.095471621659823, "HITS@3m_new": 0.16497421597280773, "HITS@10m_new": 0.28517312798203204}