{"MRRm_new": 0.5050157889774491, "MRm_new": 264.14728836233166, "HITS@1m_new": 0.4402213914453823, "HITS@3m_new": 0.5301285875908361, "HITS@10m_new": 0.6303685441502602}