{"MRRm_new": 0.20873168229889416, "MRm_new": 360.54475913085935, "HITS@1m_new": 0.13303770525045694, "HITS@3m_new": 0.22459125445706304, "HITS@10m_new": 0.3599613621670811}