{"MRRm_new": 0.18637472281785886, "MRm_new": 296.0829733112574, "HITS@1m_new": 0.1090209157182253, "HITS@3m_new": 0.20159199251851534, "HITS@10m_new": 0.340525215454353}