{"MRRm_new": 0.19490152884282433, "MRm_new": 418.58982974965573, "HITS@1m_new": 0.131289126341464, "HITS@3m_new": 0.20622950283191166, "HITS@10m_new": 0.31964173267511653}