{"MRRm_new": 0.308808239948773, "MRm_new": 223.62322540807725, "HITS@1m_new": 0.2259373953873728, "HITS@3m_new": 0.3391208920468489, "HITS@10m_new": 0.46704452831824894}