{"MRRm_new": 0.1962230719236424, "MRm_new": 294.50071508531573, "HITS@1m_new": 0.1281217408811499, "HITS@3m_new": 0.2042310944615514, "HITS@10m_new": 0.33898312146865645}