{"MRRm_new": 0.6758713813333416, "MRm_new": 176.73272260257602, "HITS@1m_new": 0.623813112760039, "HITS@3m_new": 0.7022339826110038, "HITS@10m_new": 0.7718689095932132}