{"MRRm_new": 0.11642032444447395, "MRm_new": 3602.2248893656492, "HITS@1m_new": 0.07384847365897149, "HITS@3m_new": 0.12299396678288467, "HITS@10m_new": 0.2047310784642119}