{"MRRm_new": 0.5236920348463836, "MRm_new": 141.15963607691228, "HITS@1m_new": 0.4096423909758778, "HITS@3m_new": 0.586762298661346, "HITS@10m_new": 0.7491277245622768}