{"MRRm_new": 0.6190009895257135, "MRm_new": 178.94398645979166, "HITS@1m_new": 0.5449241867277742, "HITS@3m_new": 0.6571587101195473, "HITS@10m_new": 0.7630752317837906}