{"MRRm_new": 0.2915183951435074, "MRm_new": 576.004711029455, "HITS@1m_new": 0.22590035193373842, "HITS@3m_new": 0.3116698070683997, "HITS@10m_new": 0.41940535068041207}