{"MRRm_new": 0.1898195734134142, "MRm_new": 2034.7056460645497, "HITS@1m_new": 0.12495189510803903, "HITS@3m_new": 0.19969626053079265, "HITS@10m_new": 0.3165642857576022}