{"MRRm_new": 0.22164978164135682, "MRm_new": 260.2060746854544, "HITS@1m_new": 0.1370295518935309, "HITS@3m_new": 0.23315556062622927, "HITS@10m_new": 0.40801893042824233}