{"MRRm_new": 0.6684212383422846, "MRm_new": 220.56529184599222, "HITS@1m_new": 0.6100268249345645, "HITS@3m_new": 0.6989487683389307, "HITS@10m_new": 0.7765493058131324}