{"MRRm_new": 0.3126544870488615, "MRm_new": 2061.4344169453384, "HITS@1m_new": 0.23356655482179486, "HITS@3m_new": 0.34096342614805325, "HITS@10m_new": 0.47573565483751007}