{"MRRm_new": 0.6777921333119475, "MRm_new": 176.38088435810803, "HITS@1m_new": 0.6256758798395349, "HITS@3m_new": 0.7040776694116575, "HITS@10m_new": 0.7737806204588924}