{"MRRm_new": 0.5180585640098934, "MRm_new": 271.4229934085831, "HITS@1m_new": 0.4445572913079559, "HITS@3m_new": 0.5531570688453649, "HITS@10m_new": 0.6568035934649379}