{"MRRm_new": 0.2329974043779701, "MRm_new": 258.3569951960325, "HITS@1m_new": 0.15020364629910327, "HITS@3m_new": 0.24987979712514208, "HITS@10m_new": 0.3934567880666349}