{"MRRm_new": 0.08705061213064182, "MRm_new": 745.3064137475013, "HITS@1m_new": 0.046213823964516634, "HITS@3m_new": 0.0882687100174604, "HITS@10m_new": 0.16594575992365135}