{"MRRm_new": 0.19284156764519866, "MRm_new": 292.76222820944787, "HITS@1m_new": 0.12381194986343035, "HITS@3m_new": 0.1986945794311643, "HITS@10m_new": 0.337634225750342}