{"MRRm_new": 0.141745559356792, "MRm_new": 4237.1252248481815, "HITS@1m_new": 0.09380148369984817, "HITS@3m_new": 0.14740630979299021, "HITS@10m_new": 0.2312029534401081}