{"MRRm_new": 0.23969011104624077, "MRm_new": 213.82272492494585, "HITS@1m_new": 0.15393739873638843, "HITS@3m_new": 0.2570161530647427, "HITS@10m_new": 0.41694777352940293}