{"MRRm_new": 0.4354828331085309, "MRm_new": 238.5718187771514, "HITS@1m_new": 0.3476028509956814, "HITS@3m_new": 0.4728460983240475, "HITS@10m_new": 0.6059951565927331}