{"MRRm_new": 0.3222868647807518, "MRm_new": 1455.306685386896, "HITS@1m_new": 0.24131565321824747, "HITS@3m_new": 0.35142594230431135, "HITS@10m_new": 0.4804031048717443}