{"MRRm_new": 0.23936703324894915, "MRm_new": 355.8360161463976, "HITS@1m_new": 0.16422355419131926, "HITS@3m_new": 0.2587313218499534, "HITS@10m_new": 0.3945456067261286}