{"MRRm_new": 0.26825925896201763, "MRm_new": 3550.5240595656633, "HITS@1m_new": 0.18695628453615062, "HITS@3m_new": 0.29124057284851734, "HITS@10m_new": 0.43176103450806114}