{"MRRm_new": 0.15409752951765676, "MRm_new": 3947.538019865394, "HITS@1m_new": 0.10241102935737581, "HITS@3m_new": 0.16165059799476875, "HITS@10m_new": 0.2547343598062871}