{"MRRm_new": 0.0923154633601007, "MRm_new": 638.768603350091, "HITS@1m_new": 0.04928833756807726, "HITS@3m_new": 0.09549313392651966, "HITS@10m_new": 0.16860368302542483}