{"MRRm_new": 0.20032823920278225, "MRm_new": 2309.44270618999, "HITS@1m_new": 0.1339252779677481, "HITS@3m_new": 0.2273625923461077, "HITS@10m_new": 0.3327183572030044}