{"MRRm_new": 0.257315080781148, "MRm_new": 372.52310023112597, "HITS@1m_new": 0.1815151868507746, "HITS@3m_new": 0.2824551903461543, "HITS@10m_new": 0.4031510432819487}