{"MRRm_new": 0.1848670508300769, "MRm_new": 436.67177253365514, "HITS@1m_new": 0.12189867259828024, "HITS@3m_new": 0.1974043350312626, "HITS@10m_new": 0.30787509857837575}