{"MRRm_new": 0.2249820524741648, "MRm_new": 246.46353507568836, "HITS@1m_new": 0.14212127496335888, "HITS@3m_new": 0.239999799504783, "HITS@10m_new": 0.3868420290731359}