{"MRRm_new": 0.2213856447455284, "MRm_new": 270.4421011136055, "HITS@1m_new": 0.1404245505995117, "HITS@3m_new": 0.23440827858438715, "HITS@10m_new": 0.38405734939286484}