{"MRRm_new": 0.6860591548716666, "MRm_new": 197.03745670951903, "HITS@1m_new": 0.6297522409086596, "HITS@3m_new": 0.7156477757809298, "HITS@10m_new": 0.7924556293537899}