{"MRRm_new": 0.6285595031978819, "MRm_new": 49.49784517374635, "HITS@1m_new": 0.4787646956196695, "HITS@3m_new": 0.7449603856877366, "HITS@10m_new": 0.8844796953520272}