{"MRRm_new": 0.5076173510563303, "MRm_new": 201.45905293408038, "HITS@1m_new": 0.4007304906879726, "HITS@3m_new": 0.5654717748293587, "HITS@10m_new": 0.716303289360716}