{"MRRm_new": 0.2428944667484946, "MRm_new": 350.09344072930816, "HITS@1m_new": 0.16611248807616066, "HITS@3m_new": 0.25821117292298, "HITS@10m_new": 0.397692045181524}