{"MRRm_new": 0.5339296001919592, "MRm_new": 242.12971637535094, "HITS@1m_new": 0.4686212404712896, "HITS@3m_new": 0.5613385335041384, "HITS@10m_new": 0.6597949125351151}