{"MRRm_new": 0.5171307062058459, "MRm_new": 238.2840791213289, "HITS@1m_new": 0.45394405684950473, "HITS@3m_new": 0.5435335246909235, "HITS@10m_new": 0.6377486987805205}