{"MRRm_new": 0.22090490056857962, "MRm_new": 278.9558579609394, "HITS@1m_new": 0.1400935901160352, "HITS@3m_new": 0.2338559619720094, "HITS@10m_new": 0.3833675238710828}