{"MRRm_new": 0.5177284399751725, "MRm_new": 159.3422872249782, "HITS@1m_new": 0.40648276653003995, "HITS@3m_new": 0.5772223788488227, "HITS@10m_new": 0.7369747883257369}