{"MRRm_new": 0.7050061294297512, "MRm_new": 162.6933794441968, "HITS@1m_new": 0.6440732527382934, "HITS@3m_new": 0.7396607970345176, "HITS@10m_new": 0.8192334834070935}