{"MRRm_new": 0.11569203894242673, "MRm_new": 3657.4406577820064, "HITS@1m_new": 0.07314105637408792, "HITS@3m_new": 0.12333573852409609, "HITS@10m_new": 0.2025803812013939}