{"MRRm_new": 0.11645277857710754, "MRm_new": 352.3204430835485, "HITS@1m_new": 0.057376602469407956, "HITS@3m_new": 0.1252680352577474, "HITS@10m_new": 0.2304577799791936}