{"MRRm_new": 0.1950393249160852, "MRm_new": 506.6643267000541, "HITS@1m_new": 0.12797280771288205, "HITS@3m_new": 0.20985273360955398, "HITS@10m_new": 0.3288277001763418}