{"MRRm_new": 0.4229616220831904, "MRm_new": 241.88822861466556, "HITS@1m_new": 0.35426061810752435, "HITS@3m_new": 0.45462720765928677, "HITS@10m_new": 0.5476627316093509}