{"MRRm_new": 0.23906841574978172, "MRm_new": 230.61709078321456, "HITS@1m_new": 0.15425586792400572, "HITS@3m_new": 0.2550205869253725, "HITS@10m_new": 0.41378559484137223}