{"MRRm_new": 0.43102201127534545, "MRm_new": 849.5753671995998, "HITS@1m_new": 0.29858019938878716, "HITS@3m_new": 0.5056873253562953, "HITS@10m_new": 0.6938714489124249}