{"MRRm_new": 0.5040201383758431, "MRm_new": 198.49040346713363, "HITS@1m_new": 0.39548562615755145, "HITS@3m_new": 0.5616401758537358, "HITS@10m_new": 0.7196717679480207}