{"MRRm_new": 0.22942815266090794, "MRm_new": 799.5058801270127, "HITS@1m_new": 0.15866281911003172, "HITS@3m_new": 0.24436819208750968, "HITS@10m_new": 0.37137909242580647}