{"MRRm_new": 0.1925853168156711, "MRm_new": 429.4209792960882, "HITS@1m_new": 0.1279076363796019, "HITS@3m_new": 0.20802154185343533, "HITS@10m_new": 0.31639399654173755}