{"MRRm_new": 0.40332730491902113, "MRm_new": 254.4930682449788, "HITS@1m_new": 0.31277969103032227, "HITS@3m_new": 0.4408044596092659, "HITS@10m_new": 0.5828604913630843}