{"MRRm_new": 0.20006636445331097, "MRm_new": 418.1010434341431, "HITS@1m_new": 0.13442324705570935, "HITS@3m_new": 0.21141835474758408, "HITS@10m_new": 0.3314882747772499}