{"MRRm_new": 0.40931309643579245, "MRm_new": 303.92808281487225, "HITS@1m_new": 0.3242434497078284, "HITS@3m_new": 0.4445734592323461, "HITS@10m_new": 0.5749648962675928}