{"MRRm_new": 0.5232625510042153, "MRm_new": 141.8749798798114, "HITS@1m_new": 0.4093597124006228, "HITS@3m_new": 0.5864014538372321, "HITS@10m_new": 0.7481395451412245}