{"MRRm_new": 0.7358674857018077, "MRm_new": 70.44634633722902, "HITS@1m_new": 0.6754883043151931, "HITS@3m_new": 0.773069385298877, "HITS@10m_new": 0.8447797235432081}