{"MRRm_new": 0.2934738880231862, "MRm_new": 2213.6503193129897, "HITS@1m_new": 0.24694886360860255, "HITS@3m_new": 0.3115676621208004, "HITS@10m_new": 0.3843187366100865}