{"MRRm_new": 0.19674650428650148, "MRm_new": 484.8298603624925, "HITS@1m_new": 0.12872479514568114, "HITS@3m_new": 0.212215024824367, "HITS@10m_new": 0.33188881218262395}