{"MRRm_new": 0.13725614339272987, "MRm_new": 4490.403624005317, "HITS@1m_new": 0.09054802825456136, "HITS@3m_new": 0.1417135323854891, "HITS@10m_new": 0.22513311183333282}