{"MRRm_new": 0.3867733465373094, "MRm_new": 350.5785159275681, "HITS@1m_new": 0.3173183610671476, "HITS@3m_new": 0.41087407689832617, "HITS@10m_new": 0.5212412097549968}