{"MRRm_new": 0.2336404542735414, "MRm_new": 241.9124195708513, "HITS@1m_new": 0.14999468262777663, "HITS@3m_new": 0.25075068971300496, "HITS@10m_new": 0.39710085301254877}