{"MRRm_new": 0.1364848925758215, "MRm_new": 680.798195193626, "HITS@1m_new": 0.07598849725041146, "HITS@3m_new": 0.14551739858221846, "HITS@10m_new": 0.2589177955194609}