{"MRRm_new": 0.09919015056407807, "MRm_new": 477.64121335651873, "HITS@1m_new": 0.047531432400469205, "HITS@3m_new": 0.10388417763407343, "HITS@10m_new": 0.19830257557136938}