{"MRRm_new": 0.5012954174843508, "MRm_new": 200.56261581994593, "HITS@1m_new": 0.3918032840960077, "HITS@3m_new": 0.5595280851162715, "HITS@10m_new": 0.7213669380888569}