{"MRRm_new": 0.29961906694945445, "MRm_new": 582.4280412308723, "HITS@1m_new": 0.24211945936754273, "HITS@3m_new": 0.3167119587700545, "HITS@10m_new": 0.40914420710656485}