{"MRRm_new": 0.24278984286249033, "MRm_new": 362.8213912878275, "HITS@1m_new": 0.16614873414754402, "HITS@3m_new": 0.25772333469120784, "HITS@10m_new": 0.3977595438162796}