{"MRRm_new": 0.5443910202430716, "MRm_new": 249.78915286391972, "HITS@1m_new": 0.46988182085532754, "HITS@3m_new": 0.5792644987720341, "HITS@10m_new": 0.688250842393696}