{"MRRm_new": 0.19980220360693057, "MRm_new": 293.79908872828486, "HITS@1m_new": 0.1317739126014756, "HITS@3m_new": 0.20297520721193868, "HITS@10m_new": 0.33399658633571816}