{"MRRm_new": 0.19647029992201623, "MRm_new": 547.3397828039303, "HITS@1m_new": 0.12845999024558113, "HITS@3m_new": 0.2129394592337594, "HITS@10m_new": 0.33275156914985926}