{"MRRm_new": 0.13115842642532516, "MRm_new": 280.07257565271857, "HITS@1m_new": 0.06849099714134355, "HITS@3m_new": 0.14034834096743726, "HITS@10m_new": 0.24970103847687133}