{"MRRm_new": 0.22120643465825124, "MRm_new": 270.8693982126474, "HITS@1m_new": 0.13700795870408183, "HITS@3m_new": 0.24148579556060723, "HITS@10m_new": 0.3891505103994161}