{"MRRm_new": 0.17840631998947537, "MRm_new": 498.53153604378554, "HITS@1m_new": 0.11193673473745003, "HITS@3m_new": 0.1914238932283588, "HITS@10m_new": 0.3136286696817042}