{"MRRm_new": 0.5201768756535649, "MRm_new": 248.66352306244522, "HITS@1m_new": 0.45673789593217223, "HITS@3m_new": 0.5444646689110632, "HITS@10m_new": 0.6441862161894751}