{"MRRm_new": 0.2550013595493169, "MRm_new": 4961.357883865207, "HITS@1m_new": 0.17565470698043645, "HITS@3m_new": 0.2787474486031715, "HITS@10m_new": 0.41469028553945825}