{"MRRm_new": 0.10805502025358438, "MRm_new": 3591.273689834213, "HITS@1m_new": 0.0629915143864695, "HITS@3m_new": 0.11225315049779601, "HITS@10m_new": 0.20330755344787613}