{"MRRm_new": 0.14311500565563712, "MRm_new": 4012.5786521244945, "HITS@1m_new": 0.09538588511777925, "HITS@3m_new": 0.14754258188663516, "HITS@10m_new": 0.23314987609251694}