{"MRRm_new": 0.6778299015057119, "MRm_new": 212.93259137265383, "HITS@1m_new": 0.6194652055671431, "HITS@3m_new": 0.7088395949550177, "HITS@10m_new": 0.7856070086528562}