{"MRRm_new": 0.09798628492090065, "MRm_new": 480.6465411599398, "HITS@1m_new": 0.046408153614599726, "HITS@3m_new": 0.10310137489307672, "HITS@10m_new": 0.19887251732493752}