{"MRRm_new": 0.407136501017555, "MRm_new": 1100.6146127904653, "HITS@1m_new": 0.29184185139345936, "HITS@3m_new": 0.46512574491743, "HITS@10m_new": 0.6382351190051995}