{"MRRm_new": 0.2990612848747842, "MRm_new": 493.8508729316816, "HITS@1m_new": 0.24193996583662375, "HITS@3m_new": 0.3158566754212188, "HITS@10m_new": 0.4054452066104168}