{"MRRm_new": 0.3941446889139488, "MRm_new": 92.28522082069516, "HITS@1m_new": 0.287748415665963, "HITS@3m_new": 0.4426366895326064, "HITS@10m_new": 0.5984641263431404}