{"MRRm_new": 0.317767333119014, "MRm_new": 1722.8622886364758, "HITS@1m_new": 0.23585718071856537, "HITS@3m_new": 0.34813082068628864, "HITS@10m_new": 0.47725784278591166}