{"MRRm_new": 0.4931860543180337, "MRm_new": 215.37203727935255, "HITS@1m_new": 0.38566885402117623, "HITS@3m_new": 0.5505591601905507, "HITS@10m_new": 0.7078870490345398}