{"MRRm_new": 0.12279120910606289, "MRm_new": 3649.9318840975284, "HITS@1m_new": 0.07768509154813365, "HITS@3m_new": 0.12961120426477865, "HITS@10m_new": 0.21272173760836013}