{"MRRm_new": 0.10464554144145513, "MRm_new": 493.51473614406586, "HITS@1m_new": 0.05027191358866403, "HITS@3m_new": 0.11086742428471334, "HITS@10m_new": 0.21132093411069364}