{"MRRm_new": 0.24775265495036292, "MRm_new": 432.5131354254246, "HITS@1m_new": 0.1723018599864794, "HITS@3m_new": 0.26608774804265706, "HITS@10m_new": 0.4003092533465009}