{"MRRm_new": 0.1920400708850202, "MRm_new": 594.7159273742512, "HITS@1m_new": 0.12595469994001907, "HITS@3m_new": 0.20841533516329583, "HITS@10m_new": 0.32373714612550614}