{"MRRm_new": 0.6735603889413624, "MRm_new": 211.3881780859828, "HITS@1m_new": 0.6169069212696704, "HITS@3m_new": 0.7030242723154333, "HITS@10m_new": 0.7806076684696309}