{"MRRm_new": 0.2292084209647699, "MRm_new": 232.0936926696539, "HITS@1m_new": 0.13082245585247873, "HITS@3m_new": 0.25415653674714267, "HITS@10m_new": 0.44086175016500057}