{"MRRm_new": 0.11122937606156628, "MRm_new": 432.2487873458147, "HITS@1m_new": 0.05736941565172747, "HITS@3m_new": 0.11738167490554043, "HITS@10m_new": 0.21572068894049154}