{"MRRm_new": 0.10464205431208393, "MRm_new": 3734.7705056827785, "HITS@1m_new": 0.060786578313354406, "HITS@3m_new": 0.11002009853157214, "HITS@10m_new": 0.1955485396281816}