{"MRRm_new": 0.19392694056222826, "MRm_new": 311.0474507352829, "HITS@1m_new": 0.11462791005520849, "HITS@3m_new": 0.21133284716933268, "HITS@10m_new": 0.35187004964188673}