{"MRRm_new": 0.23072512065503833, "MRm_new": 274.50464934215546, "HITS@1m_new": 0.14393750787691098, "HITS@3m_new": 0.24321987605222384, "HITS@10m_new": 0.4222277167014312}