{"MRRm_new": 0.2314630406567827, "MRm_new": 237.94585322244168, "HITS@1m_new": 0.1431027496191382, "HITS@3m_new": 0.24459931855375763, "HITS@10m_new": 0.4283949930086266}