{"MRRm_new": 0.15024644321940606, "MRm_new": 3959.7155205467047, "HITS@1m_new": 0.0980185092693573, "HITS@3m_new": 0.1592998072715709, "HITS@10m_new": 0.25278301979755635}