{"MRRm_new": 0.11960207718595048, "MRm_new": 3658.3739546229363, "HITS@1m_new": 0.07651134129343555, "HITS@3m_new": 0.12545156859196724, "HITS@10m_new": 0.20682338860281743}