{"MRRm_new": 0.35846705654572997, "MRm_new": 415.2997037100121, "HITS@1m_new": 0.2937641169401977, "HITS@3m_new": 0.3837979279299616, "HITS@10m_new": 0.4802220211847598}