{"MRRm_new": 0.38315990996921756, "MRm_new": 127.00576877203584, "HITS@1m_new": 0.26907916220650074, "HITS@3m_new": 0.4360398962087929, "HITS@10m_new": 0.6123598145246506}