{"MRRm_new": 0.1801185035485105, "MRm_new": 180.82628535976409, "HITS@1m_new": 0.10835062063010409, "HITS@3m_new": 0.19014356145281344, "HITS@10m_new": 0.3240162147073075}