{"MRRm_new": 0.7329051754715101, "MRm_new": 129.24198426792026, "HITS@1m_new": 0.6712819077954774, "HITS@3m_new": 0.7695709971209981, "HITS@10m_new": 0.8468393898055947}