{"MRRm_new": 0.512808524575652, "MRm_new": 42.809539143249395, "HITS@1m_new": 0.4124055942801351, "HITS@3m_new": 0.5658125405164028, "HITS@10m_new": 0.7022020035976311}