{"MRRm_new": 0.199874890558056, "MRm_new": 2354.334193985358, "HITS@1m_new": 0.13432305209363404, "HITS@3m_new": 0.2278679833906499, "HITS@10m_new": 0.32934058291383556}