{"MRRm_new": 0.38973032842731525, "MRm_new": 1117.776536078155, "HITS@1m_new": 0.26454897260852156, "HITS@3m_new": 0.44972360611334444, "HITS@10m_new": 0.6506564892926253}