{"MRRm_new": 0.6734188604681949, "MRm_new": 214.56538071602583, "HITS@1m_new": 0.615381794492434, "HITS@3m_new": 0.704174218635555, "HITS@10m_new": 0.7810457078263644}