{"MRRm_new": 0.3196057514568447, "MRm_new": 1693.180161840111, "HITS@1m_new": 0.23763956375722772, "HITS@3m_new": 0.350974388686358, "HITS@10m_new": 0.4830844800134655}