{"MRRm_new": 0.6339367623067265, "MRm_new": 39.24070669163019, "HITS@1m_new": 0.5566479131655069, "HITS@3m_new": 0.673862429684028, "HITS@10m_new": 0.7805506312284851}