{"MRRm_new": 0.09814882875436742, "MRm_new": 687.6973433085203, "HITS@1m_new": 0.056521709540334995, "HITS@3m_new": 0.09840036261760397, "HITS@10m_new": 0.17951231625332148}