{"MRRm_new": 0.21987735187109503, "MRm_new": 288.3316752440691, "HITS@1m_new": 0.1358984490270377, "HITS@3m_new": 0.23291394625990652, "HITS@10m_new": 0.40522191604436375}