{"MRRm_new": 0.38838205791080693, "MRm_new": 359.73806392624977, "HITS@1m_new": 0.3073448734412523, "HITS@3m_new": 0.4198687250081675, "HITS@10m_new": 0.5467208972755762}