{"MRRm_new": 0.3112346616675909, "MRm_new": 2068.3522578526736, "HITS@1m_new": 0.23551020205253737, "HITS@3m_new": 0.33458711692295035, "HITS@10m_new": 0.4645258680076804}