{"MRRm_new": 0.6749038642630021, "MRm_new": 214.2346553632766, "HITS@1m_new": 0.6166688173680559, "HITS@3m_new": 0.7056590894593828, "HITS@10m_new": 0.7825867784028596}