{"MRRm_new": 0.2409063947046321, "MRm_new": 328.00626425747873, "HITS@1m_new": 0.16458312012772075, "HITS@3m_new": 0.26154302243934946, "HITS@10m_new": 0.3980130304149352}