{"MRRm_new": 0.08008172566270223, "MRm_new": 663.1581685981989, "HITS@1m_new": 0.03944496503660921, "HITS@3m_new": 0.0782708610136644, "HITS@10m_new": 0.1599071711460594}