{"MRRm_new": 0.3969774754739074, "MRm_new": 166.43053927323223, "HITS@1m_new": 0.29532643368253775, "HITS@3m_new": 0.4416341595495178, "HITS@10m_new": 0.5940541686638026}