{"MRRm_new": 0.2132630244169006, "MRm_new": 303.45053971557616, "HITS@1m_new": 0.13336067269494525, "HITS@3m_new": 0.2303175616860739, "HITS@10m_new": 0.37512191168341086}