{"MRRm_new": 0.30887365845091697, "MRm_new": 223.6236438651979, "HITS@1m_new": 0.22603765741460666, "HITS@3m_new": 0.33908769138705974, "HITS@10m_new": 0.46703999139289953}