{"MRRm_new": 0.4320509866260072, "MRm_new": 155.7341827423647, "HITS@1m_new": 0.3636036360459839, "HITS@3m_new": 0.460524054839203, "HITS@10m_new": 0.5562594787814306}