{"MRRm_new": 0.09969363870957168, "MRm_new": 3651.9601557772876, "HITS@1m_new": 0.058175180091056974, "HITS@3m_new": 0.10429433414591477, "HITS@10m_new": 0.19031369481971488}