{"MRRm_new": 0.1774044809715415, "MRm_new": 482.3977950549796, "HITS@1m_new": 0.11055795167822725, "HITS@3m_new": 0.191461902121242, "HITS@10m_new": 0.3104465190571864}