{"MRRm_new": 0.325137019911645, "MRm_new": 1617.724644287467, "HITS@1m_new": 0.24510716993757523, "HITS@3m_new": 0.3555243392947596, "HITS@10m_new": 0.4820793127848301}