{"MRRm_new": 0.19408698888971093, "MRm_new": 1935.0666845037342, "HITS@1m_new": 0.12748862399772043, "HITS@3m_new": 0.20475197422807104, "HITS@10m_new": 0.324413082398125}