{"MRRm_new": 0.33507198315433473, "MRm_new": 521.6137907988801, "HITS@1m_new": 0.2708723884693609, "HITS@3m_new": 0.3574363844456457, "HITS@10m_new": 0.4578937884967818}