{"MRRm_new": 0.4293981793869807, "MRm_new": 107.09615852093697, "HITS@1m_new": 0.3260394518700341, "HITS@3m_new": 0.47709952633035574, "HITS@10m_new": 0.6329157180348121}