{"MRRm_new": 0.3929145140384862, "MRm_new": 320.10718771260974, "HITS@1m_new": 0.3255496963506848, "HITS@3m_new": 0.4232788465803169, "HITS@10m_new": 0.5119188250518928}