{"MRRm_new": 0.23358415883056297, "MRm_new": 111.62408348970413, "HITS@1m_new": 0.14457337735332548, "HITS@3m_new": 0.2567736297705211, "HITS@10m_new": 0.41624742349348964}