{"MRRm_new": 0.12409663572351419, "MRm_new": 343.583630221653, "HITS@1m_new": 0.0620381727369735, "HITS@3m_new": 0.1338336600356968, "HITS@10m_new": 0.2428686610966455}