{"MRRm_new": 0.4617419483515446, "MRm_new": 838.1790776068568, "HITS@1m_new": 0.34494238867494276, "HITS@3m_new": 0.5306757849887945, "HITS@10m_new": 0.6814419298702851}