{"MRRm_new": 0.3362411714755326, "MRm_new": 2883.6963729540707, "HITS@1m_new": 0.2974896319575782, "HITS@3m_new": 0.35410089000229344, "HITS@10m_new": 0.40704699070208883}