{"MRRm_new": 0.6803481608764023, "MRm_new": 184.78053457527608, "HITS@1m_new": 0.6249355104151436, "HITS@3m_new": 0.710088778974663, "HITS@10m_new": 0.784428839635264}