{"MRRm_new": 0.14712316481069956, "MRm_new": 634.392494061254, "HITS@1m_new": 0.08644861290477639, "HITS@3m_new": 0.1562521346089634, "HITS@10m_new": 0.2699362921610082}