{"MRRm_new": 0.12029334441423707, "MRm_new": 450.734157569313, "HITS@1m_new": 0.06555302687856601, "HITS@3m_new": 0.1273099476833595, "HITS@10m_new": 0.22711847696406767}