{"MRRm_new": 0.5173158149121455, "MRm_new": 162.12168494811655, "HITS@1m_new": 0.4057355528952357, "HITS@3m_new": 0.5774312844742708, "HITS@10m_new": 0.7368047549578041}