{"MRRm_new": 0.23474398277432773, "MRm_new": 216.5642651084423, "HITS@1m_new": 0.1468168372050859, "HITS@3m_new": 0.24845234766472132, "HITS@10m_new": 0.4312509572331328}