{"MRRm_new": 0.23215819304875912, "MRm_new": 238.50409676966666, "HITS@1m_new": 0.147843077826791, "HITS@3m_new": 0.24469137417715975, "HITS@10m_new": 0.3997576877397485}