{"MRRm_new": 0.11896769199621195, "MRm_new": 446.26808666906356, "HITS@1m_new": 0.06532604017453268, "HITS@3m_new": 0.12399862148590036, "HITS@10m_new": 0.22587895067154895}