{"MRRm_new": 0.1200815101670465, "MRm_new": 3609.8211771924257, "HITS@1m_new": 0.07766906253607013, "HITS@3m_new": 0.12701888608420267, "HITS@10m_new": 0.2086469981136266}