{"MRRm_new": 0.2746222271557012, "MRm_new": 2122.5044906994403, "HITS@1m_new": 0.20653976302493537, "HITS@3m_new": 0.2971156751668168, "HITS@10m_new": 0.4038617029867019}