{"MRRm_new": 0.17882753881555546, "MRm_new": 271.3567683313131, "HITS@1m_new": 0.10155751166675472, "HITS@3m_new": 0.19543204612135887, "HITS@10m_new": 0.3330356179072056}