{"MRRm_new": 0.31931150607144443, "MRm_new": 1698.762100045979, "HITS@1m_new": 0.2373628113034647, "HITS@3m_new": 0.3510720705244457, "HITS@10m_new": 0.4829147219879087}