{"MRRm_new": 0.4186968229316899, "MRm_new": 96.96188158035278, "HITS@1m_new": 0.31097608514432795, "HITS@3m_new": 0.4740016134136822, "HITS@10m_new": 0.6238931502278429}