{"MRRm_new": 0.5210616045844799, "MRm_new": 157.193002685681, "HITS@1m_new": 0.409156712780361, "HITS@3m_new": 0.582016635824697, "HITS@10m_new": 0.7409537087320496}