{"MRRm_new": 0.6619153011192138, "MRm_new": 176.35909357664735, "HITS@1m_new": 0.6018955505370978, "HITS@3m_new": 0.6940277997707017, "HITS@10m_new": 0.7727910578110313}