{"MRRm_new": 0.2987962482314169, "MRm_new": 368.8501561131179, "HITS@1m_new": 0.21272837381573845, "HITS@3m_new": 0.3277776614916074, "HITS@10m_new": 0.4710090141967594}