{"MRRm_new": 0.25338084997377336, "MRm_new": 1938.7736699290574, "HITS@1m_new": 0.1757762708394439, "HITS@3m_new": 0.2684281484695966, "HITS@10m_new": 0.411806071567582}