{"MRRm_new": 0.1274389452137053, "MRm_new": 431.85347823207377, "HITS@1m_new": 0.07283848296406213, "HITS@3m_new": 0.1322368598627858, "HITS@10m_new": 0.2339081900865771}