{"MRRm_new": 0.5131255661661817, "MRm_new": 163.45734545098244, "HITS@1m_new": 0.4024211981419685, "HITS@3m_new": 0.5730544567001089, "HITS@10m_new": 0.7308468827937322}