{"MRRm_new": 0.10301596440778812, "MRm_new": 587.742163822341, "HITS@1m_new": 0.06123104486267548, "HITS@3m_new": 0.10310211011946667, "HITS@10m_new": 0.18143250984065235}