{"MRRm_new": 0.09128341370781418, "MRm_new": 530.3914463324547, "HITS@1m_new": 0.04236135583926225, "HITS@3m_new": 0.09583004313183482, "HITS@10m_new": 0.1837598477791995}