{"MRRm_new": 0.21107223167990596, "MRm_new": 342.1299533629656, "HITS@1m_new": 0.1318490617260686, "HITS@3m_new": 0.22840110939036823, "HITS@10m_new": 0.3707862977559795}