{"MRRm_new": 0.22169758728133684, "MRm_new": 1195.9490391673744, "HITS@1m_new": 0.1510257681554649, "HITS@3m_new": 0.2349997396975232, "HITS@10m_new": 0.3593229283267283}