{"MRRm_new": 0.3882811930264015, "MRm_new": 74.95266460496187, "HITS@1m_new": 0.2699082635609666, "HITS@3m_new": 0.4408503289774526, "HITS@10m_new": 0.6249427340989933}