{"MRRm_new": 0.10582116961964057, "MRm_new": 543.885451095128, "HITS@1m_new": 0.05758053446640843, "HITS@3m_new": 0.10853249617309775, "HITS@10m_new": 0.19876466329460962}