{"MRRm_new": 0.13599258162116312, "MRm_new": 277.7666147434235, "HITS@1m_new": 0.07210650334687671, "HITS@3m_new": 0.14586911864792929, "HITS@10m_new": 0.2576926933976356}