{"MRRm_new": 0.2797085596486459, "MRm_new": 537.3685995633751, "HITS@1m_new": 0.21952018078782568, "HITS@3m_new": 0.29731653458044094, "HITS@10m_new": 0.39397850751590885}