{"MRRm_new": 0.25205715360441033, "MRm_new": 2402.473083573848, "HITS@1m_new": 0.18512253885006066, "HITS@3m_new": 0.2726781506893458, "HITS@10m_new": 0.3793409113181988}