{"MRRm_new": 0.4960065126625159, "MRm_new": 184.93379441657663, "HITS@1m_new": 0.4255489003288385, "HITS@3m_new": 0.5308309648184076, "HITS@10m_new": 0.6221276040366501}