{"MRRm_new": 0.36973638545611176, "MRm_new": 141.8236240225792, "HITS@1m_new": 0.26312360555375924, "HITS@3m_new": 0.41454646495645864, "HITS@10m_new": 0.5846019033741205}