{"MRRm_new": 0.3317596812649044, "MRm_new": 3135.006260662474, "HITS@1m_new": 0.29253788168594475, "HITS@3m_new": 0.3488107604663528, "HITS@10m_new": 0.4066517475085602}