{"MRRm_new": 0.1662394516988119, "MRm_new": 242.44237094359397, "HITS@1m_new": 0.09522383841127158, "HITS@3m_new": 0.17912530435407534, "HITS@10m_new": 0.3093179659116082}