{"MRRm_new": 0.515688906776897, "MRm_new": 184.46696106979252, "HITS@1m_new": 0.40822673627671974, "HITS@3m_new": 0.5747513106487641, "HITS@10m_new": 0.725511404376899}