{"MRRm_new": 0.5063433161990861, "MRm_new": 195.26452514109016, "HITS@1m_new": 0.4012222394967284, "HITS@3m_new": 0.5634351094871708, "HITS@10m_new": 0.7125296695647557}