{"MRRm_new": 0.10670667828005244, "MRm_new": 722.0681120562554, "HITS@1m_new": 0.06386689222442218, "HITS@3m_new": 0.1098861698907218, "HITS@10m_new": 0.1888324852211983}