{"MRRm_new": 0.2602768699077831, "MRm_new": 347.30905776233675, "HITS@1m_new": 0.18101666787127033, "HITS@3m_new": 0.2810436375942547, "HITS@10m_new": 0.4200598994177766}