{"MRRm_new": 0.0758371292768381, "MRm_new": 740.2847198746205, "HITS@1m_new": 0.0357261097590148, "HITS@3m_new": 0.0755393292311579, "HITS@10m_new": 0.15279728621609975}