{"MRRm_new": 0.11437752882089844, "MRm_new": 3590.3095096685647, "HITS@1m_new": 0.07340580425933003, "HITS@3m_new": 0.1196488330878783, "HITS@10m_new": 0.2000665590096265}