{"MRRm_new": 0.3425688412621853, "MRm_new": 363.008868499279, "HITS@1m_new": 0.23471135460259393, "HITS@3m_new": 0.3864753290242515, "HITS@10m_new": 0.5586223280262202}