{"MRRm_new": 0.48249254244882833, "MRm_new": 302.6318399996534, "HITS@1m_new": 0.4170104939473385, "HITS@3m_new": 0.5081596409177, "HITS@10m_new": 0.6069303575052473}