{"MRRm_new": 0.3030493149933836, "MRm_new": 230.8931006194949, "HITS@1m_new": 0.22085253956231463, "HITS@3m_new": 0.33311951599449097, "HITS@10m_new": 0.46086166550105556}