{"MRRm_new": 0.11819517340345047, "MRm_new": 606.9732780437946, "HITS@1m_new": 0.07135637284306577, "HITS@3m_new": 0.1213953027316893, "HITS@10m_new": 0.2078385599539848}