{"MRRm_new": 0.36067673380275983, "MRm_new": 155.1966412254572, "HITS@1m_new": 0.24940069738589227, "HITS@3m_new": 0.40548954290500844, "HITS@10m_new": 0.5887767480949405}