{"MRRm_new": 0.5597191171244085, "MRm_new": 185.195726745449, "HITS@1m_new": 0.48874704122203183, "HITS@3m_new": 0.5955575535514508, "HITS@10m_new": 0.6914152126924309}