{"MRRm_new": 0.6225219311391065, "MRm_new": 34.622920707136394, "HITS@1m_new": 0.47453044676897116, "HITS@3m_new": 0.7373579456516308, "HITS@10m_new": 0.8792394283374014}