{"MRRm_new": 0.27149856229100844, "MRm_new": 153.0346301493883, "HITS@1m_new": 0.16395101963169872, "HITS@3m_new": 0.3066852326140739, "HITS@10m_new": 0.4952965597135946}