{"MRRm_new": 0.14201601388907875, "MRm_new": 4190.73830041632, "HITS@1m_new": 0.09402576068323105, "HITS@3m_new": 0.14782831485917267, "HITS@10m_new": 0.23153271472666528}