{"MRRm_new": 0.2892957026862132, "MRm_new": 601.9092646439523, "HITS@1m_new": 0.2245120911389422, "HITS@3m_new": 0.3101327118996014, "HITS@10m_new": 0.41287941983153}