{"MRRm_new": 0.5781446695455825, "MRm_new": 199.7171679468155, "HITS@1m_new": 0.49800751852786923, "HITS@3m_new": 0.6180697735513022, "HITS@10m_new": 0.7325258971495787}