{"MRRm_new": 0.19386826871878585, "MRm_new": 425.04332570860385, "HITS@1m_new": 0.12899939977002794, "HITS@3m_new": 0.20751436951081267, "HITS@10m_new": 0.31910752058592623}