{"MRRm_new": 0.19559795623435203, "MRm_new": 406.87917172420026, "HITS@1m_new": 0.1298962972839945, "HITS@3m_new": 0.21087745336997324, "HITS@10m_new": 0.32055535741173663}