{"MRRm_new": 0.08607173604126583, "MRm_new": 637.7552164019346, "HITS@1m_new": 0.044680467771476835, "HITS@3m_new": 0.08493136112584034, "HITS@10m_new": 0.16595965603534132}