{"MRRm_new": 0.19413368627535238, "MRm_new": 325.2281810237646, "HITS@1m_new": 0.12586741906122187, "HITS@3m_new": 0.20688462329314788, "HITS@10m_new": 0.3284996903304942}