{"MRRm_new": 0.15520614648077607, "MRm_new": 309.7392785359144, "HITS@1m_new": 0.09137616758638178, "HITS@3m_new": 0.16652660601120442, "HITS@10m_new": 0.2805316857155878}