{"MRRm_new": 0.2849818196052356, "MRm_new": 331.5618519267887, "HITS@1m_new": 0.20116868926577444, "HITS@3m_new": 0.31861652123065143, "HITS@10m_new": 0.44525409434281754}