{"MRRm_new": 0.12507380681697394, "MRm_new": 463.6163624954939, "HITS@1m_new": 0.06717404401971726, "HITS@3m_new": 0.1338894754125504, "HITS@10m_new": 0.2375588094129227}