{"MRRm_new": 0.10451747820603632, "MRm_new": 3616.833761144495, "HITS@1m_new": 0.059336308500077574, "HITS@3m_new": 0.11032133264658041, "HITS@10m_new": 0.19820976138478144}