{"MRRm_new": 0.25342825320630075, "MRm_new": 367.8614694623232, "HITS@1m_new": 0.17711849468076835, "HITS@3m_new": 0.2725032448418904, "HITS@10m_new": 0.4099764206803404}