{"MRRm_new": 0.2560021535519394, "MRm_new": 87.99367812943458, "HITS@1m_new": 0.1579567965021357, "HITS@3m_new": 0.28488909576465377, "HITS@10m_new": 0.4597969135284424}