{"MRRm_new": 0.5109424213698394, "MRm_new": 79.9215649344176, "HITS@1m_new": 0.3713111117428343, "HITS@3m_new": 0.5997614725181193, "HITS@10m_new": 0.7680157386590727}