{"MRRm_new": 0.3426399931617084, "MRm_new": 363.0081104849577, "HITS@1m_new": 0.23481457500578837, "HITS@3m_new": 0.38651210462814195, "HITS@10m_new": 0.5586101329047233}