{"MRRm_new": 0.30009422144800235, "MRm_new": 2003.058097829908, "HITS@1m_new": 0.22605185057769994, "HITS@3m_new": 0.32130963748763314, "HITS@10m_new": 0.45087704933434725}