{"MRRm_new": 0.1877813782830315, "MRm_new": 538.8018528711796, "HITS@1m_new": 0.12611664095143788, "HITS@3m_new": 0.19812248728033155, "HITS@10m_new": 0.31130108704622833}