{"MRRm_new": 0.11076985253098101, "MRm_new": 3985.5686871707676, "HITS@1m_new": 0.06652794589158148, "HITS@3m_new": 0.11634900631965138, "HITS@10m_new": 0.20040144708072766}