{"MRRm_new": 0.23922764940873167, "MRm_new": 356.8486156908274, "HITS@1m_new": 0.16393239009953103, "HITS@3m_new": 0.25892122875368223, "HITS@10m_new": 0.39519391788849606}