{"MRRm_new": 0.42247915196828306, "MRm_new": 262.315174943313, "HITS@1m_new": 0.3341693291134652, "HITS@3m_new": 0.4596631454791823, "HITS@10m_new": 0.5954143518287673}