{"MRRm_new": 0.3034348866156583, "MRm_new": 1853.4589894230664, "HITS@1m_new": 0.22821591106592679, "HITS@3m_new": 0.33305181826185437, "HITS@10m_new": 0.45645100719854237}