{"MRRm_new": 0.11356314271086448, "MRm_new": 477.8818604315996, "HITS@1m_new": 0.06214928767419187, "HITS@3m_new": 0.11730375705574406, "HITS@10m_new": 0.215739628660935}