{"MRRm_new": 0.32282560035523966, "MRm_new": 3170.3230771025865, "HITS@1m_new": 0.2840509860933671, "HITS@3m_new": 0.33935663274469696, "HITS@10m_new": 0.39551200019633687}