{"MRRm_new": 0.12796193969401357, "MRm_new": 429.2762361706257, "HITS@1m_new": 0.07240065022336785, "HITS@3m_new": 0.13355764195933006, "HITS@10m_new": 0.2355998762969044}