{"MRRm_new": 0.20178290917303093, "MRm_new": 403.1632302222013, "HITS@1m_new": 0.1364704129351885, "HITS@3m_new": 0.21558561168357265, "HITS@10m_new": 0.33003450124440714}