{"MRRm_new": 0.31508024967699294, "MRm_new": 1672.6227893812656, "HITS@1m_new": 0.23086598067637534, "HITS@3m_new": 0.34723968963965307, "HITS@10m_new": 0.4819427821284626}