{"MRRm_new": 0.11479242064151476, "MRm_new": 3547.741969293499, "HITS@1m_new": 0.07318892284072935, "HITS@3m_new": 0.12037039885572158, "HITS@10m_new": 0.2001448706852272}