{"MRRm_new": 0.29924027157101546, "MRm_new": 2093.5480013480783, "HITS@1m_new": 0.22533136970491613, "HITS@3m_new": 0.32089133840124123, "HITS@10m_new": 0.4492044201283716}