{"MRRm_new": 0.1848493952034056, "MRm_new": 437.3733200932264, "HITS@1m_new": 0.12209789314005175, "HITS@3m_new": 0.19740538375349714, "HITS@10m_new": 0.3069624752712669}