{"MRRm_new": 0.07981710376295233, "MRm_new": 663.0967124513388, "HITS@1m_new": 0.03915663060899824, "HITS@3m_new": 0.07822355081281858, "HITS@10m_new": 0.16002355893109926}