{"MRRm_new": 0.17776899070836516, "MRm_new": 328.2570597413778, "HITS@1m_new": 0.10643806993840844, "HITS@3m_new": 0.1922540232622181, "HITS@10m_new": 0.31554841728904287}