{"MRRm_new": 0.10829397435870924, "MRm_new": 436.3280348387003, "HITS@1m_new": 0.055396156873414294, "HITS@3m_new": 0.1133764763722662, "HITS@10m_new": 0.21053916821279564}