{"MRRm_new": 0.3024670780286019, "MRm_new": 2173.3621035277247, "HITS@1m_new": 0.22237680503283627, "HITS@3m_new": 0.32923098307976034, "HITS@10m_new": 0.4650009596127784}