{"MRRm_new": 0.2852714766139106, "MRm_new": 2617.21277171278, "HITS@1m_new": 0.21124219460043242, "HITS@3m_new": 0.31178375148860504, "HITS@10m_new": 0.4298087103734142}