{"MRRm_new": 0.21322490876991287, "MRm_new": 870.3582127352357, "HITS@1m_new": 0.14626423968182645, "HITS@3m_new": 0.22417170035769232, "HITS@10m_new": 0.3455812487807125}