{"MRRm_new": 0.18486033512048453, "MRm_new": 437.3724167864561, "HITS@1m_new": 0.12212011536243954, "HITS@3m_new": 0.19740545624354855, "HITS@10m_new": 0.307028301603836}