{"MRRm_new": 0.2392451875920495, "MRm_new": 360.1989609303236, "HITS@1m_new": 0.16421871284744702, "HITS@3m_new": 0.25810433367742225, "HITS@10m_new": 0.3943486526074819}