{"MRRm_new": 0.20328535718156346, "MRm_new": 425.2841131045103, "HITS@1m_new": 0.14232543745179427, "HITS@3m_new": 0.21040438408723566, "HITS@10m_new": 0.3285144678640878}