{"MRRm_new": 0.3292675633590393, "MRm_new": 1565.38396761778, "HITS@1m_new": 0.25113714851264374, "HITS@3m_new": 0.35761691980273463, "HITS@10m_new": 0.48223673361353575}