{"MRRm_new": 0.09924540115036798, "MRm_new": 3702.0720763881445, "HITS@1m_new": 0.05775344570865855, "HITS@3m_new": 0.10547525533372536, "HITS@10m_new": 0.1881549154196866}