{"MRRm_new": 0.09776747146572744, "MRm_new": 468.75194021954536, "HITS@1m_new": 0.04755873736923095, "HITS@3m_new": 0.09985349201685749, "HITS@10m_new": 0.19338947735019027}