{"MRRm_new": 0.27706382168391974, "MRm_new": 486.7415290398002, "HITS@1m_new": 0.2180557553697654, "HITS@3m_new": 0.29445805466032104, "HITS@10m_new": 0.3874373987454528}