{"MRRm_new": 0.1984513152702575, "MRm_new": 525.7910773434713, "HITS@1m_new": 0.12998466375248244, "HITS@3m_new": 0.2150991303664814, "HITS@10m_new": 0.33500705457381263}