{"MRRm_new": 0.11636392219922854, "MRm_new": 498.70700244464877, "HITS@1m_new": 0.06368757016398012, "HITS@3m_new": 0.11964808467556723, "HITS@10m_new": 0.2170743124050554}