{"MRRm_new": 0.349213698777673, "MRm_new": 419.40951288760454, "HITS@1m_new": 0.28130949066651373, "HITS@3m_new": 0.37722381022176704, "HITS@10m_new": 0.4744913983687438}