{"MRRm_new": 0.13597622813445487, "MRm_new": 315.0396640777588, "HITS@1m_new": 0.07175989351982716, "HITS@3m_new": 0.1447749560253229, "HITS@10m_new": 0.26276720113242047}