{"MRRm_new": 0.17213949222141528, "MRm_new": 374.123962328434, "HITS@1m_new": 0.10166080860668444, "HITS@3m_new": 0.18304565399278655, "HITS@10m_new": 0.30964625702946214}