{"MRRm_new": 0.2306431331701224, "MRm_new": 3102.4236975289136, "HITS@1m_new": 0.16987822349491763, "HITS@3m_new": 0.2562496352862363, "HITS@10m_new": 0.35236790494265735}