{"MRRm_new": 0.13178494988428294, "MRm_new": 4498.350052527726, "HITS@1m_new": 0.08447471786693496, "HITS@3m_new": 0.1358289113505016, "HITS@10m_new": 0.22169753401329217}