{"MRRm_new": 0.08615329431837454, "MRm_new": 622.4640476280928, "HITS@1m_new": 0.045289418412023226, "HITS@3m_new": 0.08559684080325533, "HITS@10m_new": 0.16392624809064438}