{"MRRm_new": 0.245198307234433, "MRm_new": 363.96410232696536, "HITS@1m_new": 0.1668424549803487, "HITS@3m_new": 0.26653114333590494, "HITS@10m_new": 0.40069562533395364}