{"MRRm_new": 0.09609515013590716, "MRm_new": 512.6600898426055, "HITS@1m_new": 0.044251530182093844, "HITS@3m_new": 0.10356212232604158, "HITS@10m_new": 0.19587666220027022}