{"MRRm_new": 0.43459499293232146, "MRm_new": 82.07184597289562, "HITS@1m_new": 0.33912369483002114, "HITS@3m_new": 0.47932909332297274, "HITS@10m_new": 0.6173763090964057}