{"MRRm_new": 0.2131154178099241, "MRm_new": 303.20320900564195, "HITS@1m_new": 0.13339083586459746, "HITS@3m_new": 0.23003812445331132, "HITS@10m_new": 0.37486146594687597}