{"MRRm_new": 0.11633173330929276, "MRm_new": 683.0629969386339, "HITS@1m_new": 0.07003638364721555, "HITS@3m_new": 0.11970383713787887, "HITS@10m_new": 0.20415598213301273}