{"MRRm_new": 0.11477938368520844, "MRm_new": 3696.024569938111, "HITS@1m_new": 0.07275541519275866, "HITS@3m_new": 0.12217128843306564, "HITS@10m_new": 0.20128142158156262}