{"MRRm_new": 0.1826981558294341, "MRm_new": 321.8105158269644, "HITS@1m_new": 0.11044445777344518, "HITS@3m_new": 0.19358287732033058, "HITS@10m_new": 0.3199583510129887}