{"MRRm_new": 0.4453238537437483, "MRm_new": 219.38737951875478, "HITS@1m_new": 0.3762397658511618, "HITS@3m_new": 0.47754496141291747, "HITS@10m_new": 0.569511669982472}