{"MRRm_new": 0.18445573295933138, "MRm_new": 495.3202616319418, "HITS@1m_new": 0.12277583320737467, "HITS@3m_new": 0.1951521010900149, "HITS@10m_new": 0.30601842957383485}