{"MRRm_new": 0.15189584199525707, "MRm_new": 308.8130746865273, "HITS@1m_new": 0.08845623646241146, "HITS@3m_new": 0.16270556053523905, "HITS@10m_new": 0.2756247473963187}