{"MRRm_new": 0.19990738029507046, "MRm_new": 433.28010783088206, "HITS@1m_new": 0.13514445554715349, "HITS@3m_new": 0.21101313785983947, "HITS@10m_new": 0.33192638762807475}