{"MRRm_new": 0.3010870584506852, "MRm_new": 2387.2317389207483, "HITS@1m_new": 0.23200587361160432, "HITS@3m_new": 0.32194405642541823, "HITS@10m_new": 0.441594632918539}