{"MRRm_new": 0.45376445673208216, "MRm_new": 333.64012103221563, "HITS@1m_new": 0.3916152909219964, "HITS@3m_new": 0.4784860603594134, "HITS@10m_new": 0.5703117714363507}