{"MRRm_new": 0.10961113972576277, "MRm_new": 3765.2713533074616, "HITS@1m_new": 0.06369589692200534, "HITS@3m_new": 0.11468426287588664, "HITS@10m_new": 0.20279159264620394}