{"MRRm_new": 0.08421419971882715, "MRm_new": 561.9164796320915, "HITS@1m_new": 0.03800673717098543, "HITS@3m_new": 0.08825742012299598, "HITS@10m_new": 0.16968835182283074}