{"MRRm_new": 0.14289165641208457, "MRm_new": 3998.825402901858, "HITS@1m_new": 0.09384848817663442, "HITS@3m_new": 0.14632088023361575, "HITS@10m_new": 0.23631451729258696}