{"MRRm_new": 0.6073791990517456, "MRm_new": 112.4334248412475, "HITS@1m_new": 0.5360383844027274, "HITS@3m_new": 0.645591324089939, "HITS@10m_new": 0.7378881480875716}