{"MRRm_new": 0.25771469590111246, "MRm_new": 373.7218628346622, "HITS@1m_new": 0.17926983703793667, "HITS@3m_new": 0.2884009570697526, "HITS@10m_new": 0.405378203479544}