{"MRRm_new": 0.2510008418765516, "MRm_new": 341.79058049895764, "HITS@1m_new": 0.17533911375725875, "HITS@3m_new": 0.2682635631469544, "HITS@10m_new": 0.4076232894252054}