{"MRRm_new": 0.6093972976877349, "MRm_new": 193.3016185798943, "HITS@1m_new": 0.5350676714396541, "HITS@3m_new": 0.648452542649, "HITS@10m_new": 0.7524230877680821}