{"MRRm_new": 0.18770985351230193, "MRm_new": 456.54150118646623, "HITS@1m_new": 0.12413014168367954, "HITS@3m_new": 0.1973158272564644, "HITS@10m_new": 0.31330907776323147}