{"MRRm_new": 0.5689109839080666, "MRm_new": 212.22238659398258, "HITS@1m_new": 0.4902036553121434, "HITS@3m_new": 0.6069322597213249, "HITS@10m_new": 0.7223060482704313}