{"MRRm_new": 0.2511800719991501, "MRm_new": 356.47756190788743, "HITS@1m_new": 0.17127789293497336, "HITS@3m_new": 0.27213312126910316, "HITS@10m_new": 0.40938947687707844}