{"MRRm_new": 0.5563516090636503, "MRm_new": 187.20646865592153, "HITS@1m_new": 0.49128804130967185, "HITS@3m_new": 0.5852323974938772, "HITS@10m_new": 0.6817810498268809}