{"MRRm_new": 0.3000924388999292, "MRm_new": 2355.4531048379245, "HITS@1m_new": 0.22632271043746732, "HITS@3m_new": 0.3281965812537819, "HITS@10m_new": 0.4500586603367701}