{"MRRm_new": 0.41356040401454536, "MRm_new": 295.11681123530866, "HITS@1m_new": 0.34576345312328705, "HITS@3m_new": 0.4453713869498606, "HITS@10m_new": 0.5336778165325086}