{"MRRm_new": 0.5013427830233095, "MRm_new": 197.1335619981289, "HITS@1m_new": 0.3945920064564452, "HITS@3m_new": 0.5607462338931182, "HITS@10m_new": 0.7078064087699968}