{"MRRm_new": 0.4377057634862567, "MRm_new": 193.94871162702142, "HITS@1m_new": 0.32668561521833545, "HITS@3m_new": 0.4890107243920938, "HITS@10m_new": 0.6657162004995334}