{"MRRm_new": 0.10441568598799494, "MRm_new": 556.0989343422413, "HITS@1m_new": 0.06012001922002528, "HITS@3m_new": 0.10609208500538952, "HITS@10m_new": 0.18597454213912132}