{"MRRm_new": 0.0971608413776572, "MRm_new": 672.82168280437, "HITS@1m_new": 0.05341578809332568, "HITS@3m_new": 0.09861018239107798, "HITS@10m_new": 0.17718435833253898}