{"MRRm_new": 0.5142979286728351, "MRm_new": 161.05756854721903, "HITS@1m_new": 0.4037541717796994, "HITS@3m_new": 0.5731902190227447, "HITS@10m_new": 0.7328464980031276}