{"MRRm_new": 0.26154865382720016, "MRm_new": 85.08890837483406, "HITS@1m_new": 0.16170870665609838, "HITS@3m_new": 0.29152822641734966, "HITS@10m_new": 0.46761986878234896}