{"MRRm_new": 0.5275621462645076, "MRm_new": 140.87704172149301, "HITS@1m_new": 0.41332000787297146, "HITS@3m_new": 0.5900274557916019, "HITS@10m_new": 0.7525835624638858}