{"MRRm_new": 0.24698004537355608, "MRm_new": 703.7237610472739, "HITS@1m_new": 0.14028987414517904, "HITS@3m_new": 0.28257642177690284, "HITS@10m_new": 0.4652735803835094}