{"MRRm_new": 0.19237140318508755, "MRm_new": 429.2141179092884, "HITS@1m_new": 0.12718758110945347, "HITS@3m_new": 0.20801425363700837, "HITS@10m_new": 0.31768521880188494}