{"MRRm_new": 0.32325099031507354, "MRm_new": 1643.0057427028419, "HITS@1m_new": 0.24105215918575412, "HITS@3m_new": 0.35562589547119566, "HITS@10m_new": 0.4874918680361006}