{"MRRm_new": 0.33257541929020407, "MRm_new": 2875.13044195731, "HITS@1m_new": 0.29374914747156433, "HITS@3m_new": 0.3509726592449806, "HITS@10m_new": 0.40328165861226445}