{"MRRm_new": 0.43176300428148534, "MRm_new": 255.64598365464062, "HITS@1m_new": 0.3384684441392492, "HITS@3m_new": 0.4745136245778958, "HITS@10m_new": 0.6104144137323019}