{"MRRm_new": 0.30855046993349744, "MRm_new": 1901.3633469330669, "HITS@1m_new": 0.22696314126183278, "HITS@3m_new": 0.34172061195829884, "HITS@10m_new": 0.4783572810899932}