{"MRRm_new": 0.3408347666665077, "MRm_new": 320.4271892981231, "HITS@1m_new": 0.25121677760899913, "HITS@3m_new": 0.3728495480097772, "HITS@10m_new": 0.5178249972292251}