{"MRRm_new": 0.2200305523462899, "MRm_new": 288.33849108083245, "HITS@1m_new": 0.13637748303733532, "HITS@3m_new": 0.239038554266782, "HITS@10m_new": 0.38664241227749735}