{"MRRm_new": 0.17945006133100924, "MRm_new": 485.3078327711299, "HITS@1m_new": 0.11262058217125014, "HITS@3m_new": 0.19193522701448457, "HITS@10m_new": 0.31601239344655185}