{"MRRm_new": 0.48571989944817234, "MRm_new": 224.72214302065967, "HITS@1m_new": 0.38031005121493944, "HITS@3m_new": 0.5413651676874469, "HITS@10m_new": 0.6974715991840458}