{"MRRm_new": 0.23925277485521218, "MRm_new": 360.1986094317198, "HITS@1m_new": 0.16421858877795747, "HITS@3m_new": 0.25810433367742225, "HITS@10m_new": 0.3943486526074819}