{"MRRm_new": 0.38352173340197077, "MRm_new": 93.36643156269193, "HITS@1m_new": 0.2672764863028424, "HITS@3m_new": 0.43335340558865576, "HITS@10m_new": 0.6176037237709389}