{"MRRm_new": 0.14553926307249504, "MRm_new": 4313.8421360226275, "HITS@1m_new": 0.09634393434216326, "HITS@3m_new": 0.15341969533727387, "HITS@10m_new": 0.24057476464220964}