{"MRRm_new": 0.4908710035260301, "MRm_new": 216.0810697571486, "HITS@1m_new": 0.3843919102497748, "HITS@3m_new": 0.5471163857318206, "HITS@10m_new": 0.7041211844313184}