{"MRRm_new": 0.3028762457569296, "MRm_new": 2365.4374889256655, "HITS@1m_new": 0.22390174504753668, "HITS@3m_new": 0.32430503445421344, "HITS@10m_new": 0.47294106143590764}