{"MRRm_new": 0.3816238675669283, "MRm_new": 405.3962937591672, "HITS@1m_new": 0.30029056851823405, "HITS@3m_new": 0.41458383314274033, "HITS@10m_new": 0.539037852044974}