{"MRRm_new": 0.10927653679338836, "MRm_new": 432.7534277523756, "HITS@1m_new": 0.056232501315930855, "HITS@3m_new": 0.11478387179588899, "HITS@10m_new": 0.21079087097798474}