{"MRRm_new": 0.24096175105033618, "MRm_new": 345.352618724966, "HITS@1m_new": 0.16474790584002622, "HITS@3m_new": 0.26198266529077663, "HITS@10m_new": 0.39726227711355316}