{"MRRm_new": 0.48814599600700603, "MRm_new": 183.14067823721467, "HITS@1m_new": 0.38243145813350565, "HITS@3m_new": 0.5426165464591504, "HITS@10m_new": 0.6963923296226567}