{"MRRm_new": 0.23112811918168735, "MRm_new": 419.2205508533001, "HITS@1m_new": 0.1553185906570521, "HITS@3m_new": 0.24790063501149415, "HITS@10m_new": 0.3840714819926769}