{"MRRm_new": 0.23528517002082117, "MRm_new": 781.9740852543414, "HITS@1m_new": 0.16166494432766923, "HITS@3m_new": 0.254791872207541, "HITS@10m_new": 0.37998985833101323}