{"MRRm_new": 0.3982061464093158, "MRm_new": 342.49531890183687, "HITS@1m_new": 0.31133918215150336, "HITS@3m_new": 0.4338965583902391, "HITS@10m_new": 0.567807649561626}