{"MRRm_new": 0.30099173063124635, "MRm_new": 1976.8382053644955, "HITS@1m_new": 0.22673977075039875, "HITS@3m_new": 0.3222582547327038, "HITS@10m_new": 0.45301548810862}