{"MRRm_new": 0.4601727967572542, "MRm_new": 205.6904577647075, "HITS@1m_new": 0.3905048620520829, "HITS@3m_new": 0.4939087962312042, "HITS@10m_new": 0.5868276849518151}