{"MRRm_new": 0.3092245523897841, "MRm_new": 2128.7224223994313, "HITS@1m_new": 0.23329106370476074, "HITS@3m_new": 0.3303425989178941, "HITS@10m_new": 0.4671647836030461}