{"MRRm_new": 0.2718135459629084, "MRm_new": 2280.1041043564082, "HITS@1m_new": 0.22304492690626648, "HITS@3m_new": 0.2911382658940311, "HITS@10m_new": 0.3663505547038221}