{"MRRm_new": 0.308434271391141, "MRm_new": 223.47192547170818, "HITS@1m_new": 0.22562070389523434, "HITS@3m_new": 0.33958392715555236, "HITS@10m_new": 0.46875985423626115}