{"MRRm_new": 0.49529132152559757, "MRm_new": 201.55282482020556, "HITS@1m_new": 0.39031019109137194, "HITS@3m_new": 0.5531509197809755, "HITS@10m_new": 0.6993198093280298}