{"MRRm_new": 0.3835217334606441, "MRm_new": 93.36642929103971, "HITS@1m_new": 0.2672764863028424, "HITS@3m_new": 0.43335340558865576, "HITS@10m_new": 0.6176037237709389}