{"MRRm_new": 0.17158744302177456, "MRm_new": 579.5483052764014, "HITS@1m_new": 0.1057889279586525, "HITS@3m_new": 0.18645067446566826, "HITS@10m_new": 0.304289895314676}