{"MRRm_new": 0.23287481573675178, "MRm_new": 236.21120980939864, "HITS@1m_new": 0.15432367913159542, "HITS@3m_new": 0.24848842272995972, "HITS@10m_new": 0.38882937661390754}