{"MRRm_new": 0.2124571576080183, "MRm_new": 311.4218440003395, "HITS@1m_new": 0.13281050840703537, "HITS@3m_new": 0.2295741925802431, "HITS@10m_new": 0.3731781432966818}