{"MRRm_new": 0.6100094789486393, "MRm_new": 191.97734762144088, "HITS@1m_new": 0.5358266839232965, "HITS@3m_new": 0.648442112981109, "HITS@10m_new": 0.7532607184557127}