{"MRRm_new": 0.3117244712377278, "MRm_new": 2077.711875549078, "HITS@1m_new": 0.23581645205290988, "HITS@3m_new": 0.33524999576504344, "HITS@10m_new": 0.46527388846478424}