{"MRRm_new": 0.6899617070740997, "MRm_new": 164.81630504558981, "HITS@1m_new": 0.6384795701182884, "HITS@3m_new": 0.7168817882746152, "HITS@10m_new": 0.785841638215381}