{"MRRm_new": 0.40672680745877915, "MRm_new": 246.30991427373885, "HITS@1m_new": 0.314370003063661, "HITS@3m_new": 0.4458260517095332, "HITS@10m_new": 0.5890934397028322}