{"MRRm_new": 0.5031361006657753, "MRm_new": 284.22836676167697, "HITS@1m_new": 0.4405441234932296, "HITS@3m_new": 0.5262185975174616, "HITS@10m_new": 0.6241177133195597}