{"MRRm_new": 0.266015419942245, "MRm_new": 338.54702924612167, "HITS@1m_new": 0.18091156202660932, "HITS@3m_new": 0.30189982709316243, "HITS@10m_new": 0.42760432508948726}