{"MRRm_new": 0.38121016713229167, "MRm_new": 1083.4765079827905, "HITS@1m_new": 0.25437689340766517, "HITS@3m_new": 0.43948463679268024, "HITS@10m_new": 0.644440196715761}