{"MRRm_new": 0.6878742526694596, "MRm_new": 165.47014732372762, "HITS@1m_new": 0.6363533573175518, "HITS@3m_new": 0.7149668158636996, "HITS@10m_new": 0.783847601046582}