{"MRRm_new": 0.09316121223150112, "MRm_new": 798.7763930149317, "HITS@1m_new": 0.05156643909735722, "HITS@3m_new": 0.0954039604083402, "HITS@10m_new": 0.17240708976115565}