{"MRRm_new": 0.2892406865942139, "MRm_new": 2405.5334472102227, "HITS@1m_new": 0.2120035497948411, "HITS@3m_new": 0.32043268378730866, "HITS@10m_new": 0.4424094062796794}