{"MRRm_new": 0.2606442486283377, "MRm_new": 2694.3740650680065, "HITS@1m_new": 0.1927243248709856, "HITS@3m_new": 0.28353364554235305, "HITS@10m_new": 0.3878615848363552}