{"MRRm_new": 0.6829013721127958, "MRm_new": 183.82192235026508, "HITS@1m_new": 0.6262217436764768, "HITS@3m_new": 0.7144993393871119, "HITS@10m_new": 0.7906269738639167}