{"MRRm_new": 0.7539207111981941, "MRm_new": 33.0867255680263, "HITS@1m_new": 0.6691342001768061, "HITS@3m_new": 0.8164752263452101, "HITS@10m_new": 0.8959208707138314}