{"MRRm_new": 0.11466632894866052, "MRm_new": 3532.8384950510504, "HITS@1m_new": 0.07291324870735406, "HITS@3m_new": 0.12078438339955173, "HITS@10m_new": 0.19998289987724274}