{"MRRm_new": 0.2561424980194788, "MRm_new": 381.81188076223435, "HITS@1m_new": 0.17795370468996408, "HITS@3m_new": 0.28662670768950194, "HITS@10m_new": 0.4028314733047737}