{"MRRm_new": 0.08723345430801273, "MRm_new": 746.6174598301411, "HITS@1m_new": 0.046450808746938126, "HITS@3m_new": 0.08851207696164493, "HITS@10m_new": 0.16623486883816077}