{"MRRm_new": 0.07666969450137112, "MRm_new": 752.2041531820297, "HITS@1m_new": 0.03641461374654318, "HITS@3m_new": 0.07630286106746643, "HITS@10m_new": 0.15345449136826209}