{"MRRm_new": 0.24243129359046817, "MRm_new": 3192.1450058298706, "HITS@1m_new": 0.17953691785872797, "HITS@3m_new": 0.27137428136978997, "HITS@10m_new": 0.36459288748577817}