{"MRRm_new": 0.09843524866221123, "MRm_new": 479.9285757503748, "HITS@1m_new": 0.04678259906006278, "HITS@3m_new": 0.10319835549462586, "HITS@10m_new": 0.19834037399892696}