{"MRRm_new": 0.1475401157701617, "MRm_new": 620.9451863781735, "HITS@1m_new": 0.08665169057665116, "HITS@3m_new": 0.1568321006567421, "HITS@10m_new": 0.2707013370384011}