{"MRRm_new": 0.4324168883921575, "MRm_new": 269.76752048164605, "HITS@1m_new": 0.36382144359647284, "HITS@3m_new": 0.46444078203040406, "HITS@10m_new": 0.554280312906587}