{"MRRm_new": 0.22568485009830055, "MRm_new": 1471.6063423481285, "HITS@1m_new": 0.1547124097706692, "HITS@3m_new": 0.24480336806693231, "HITS@10m_new": 0.36619119713566034}