{"MRRm_new": 0.21255564836942212, "MRm_new": 334.37422015759944, "HITS@1m_new": 0.13671740058674478, "HITS@3m_new": 0.2295786534785293, "HITS@10m_new": 0.3644950177809282}