{"MRRm_new": 0.49971413044740076, "MRm_new": 198.2152208854109, "HITS@1m_new": 0.39334711908047393, "HITS@3m_new": 0.5587008858605077, "HITS@10m_new": 0.7052671921093352}