{"MRRm_new": 0.17709157369744571, "MRm_new": 519.364559144713, "HITS@1m_new": 0.1112585641220503, "HITS@3m_new": 0.1897481665016785, "HITS@10m_new": 0.31133523812477504}