{"MRRm_new": 0.7105036827604244, "MRm_new": 153.98761939580737, "HITS@1m_new": 0.6580712491565355, "HITS@3m_new": 0.7402893303075616, "HITS@10m_new": 0.8066139191487746}