{"MRRm_new": 0.17808343526756798, "MRm_new": 323.11949805977343, "HITS@1m_new": 0.10648777498123818, "HITS@3m_new": 0.1941134966062964, "HITS@10m_new": 0.315508067909535}