{"MRRm_new": 0.08028395520302001, "MRm_new": 657.6422394275188, "HITS@1m_new": 0.039556579071097074, "HITS@3m_new": 0.078477189175284, "HITS@10m_new": 0.16068916908563113}