{"MRRm_new": 0.18976538363331202, "MRm_new": 345.2657705149889, "HITS@1m_new": 0.1210638198391418, "HITS@3m_new": 0.19821528809634037, "HITS@10m_new": 0.33656703000636773}