{"MRRm_new": 0.18794212590569806, "MRm_new": 368.7187143463135, "HITS@1m_new": 0.11011979989231331, "HITS@3m_new": 0.2045781539623742, "HITS@10m_new": 0.3423066832918208}