{"MRRm_new": 0.09293130526693567, "MRm_new": 636.9941011408806, "HITS@1m_new": 0.04932732571361121, "HITS@3m_new": 0.09631054271999746, "HITS@10m_new": 0.1720326216217014}