{"MRRm_new": 0.3125441620009187, "MRm_new": 443.8823776001334, "HITS@1m_new": 0.2064454662107164, "HITS@3m_new": 0.35023679451539647, "HITS@10m_new": 0.5308969870917499}