{"MRRm_new": 0.19539406117644395, "MRm_new": 399.3695603524685, "HITS@1m_new": 0.13186200587400235, "HITS@3m_new": 0.20627482084776275, "HITS@10m_new": 0.3218940588688478}