{"MRRm_new": 0.1465101195031498, "MRm_new": 4323.457544932961, "HITS@1m_new": 0.0970331266248977, "HITS@3m_new": 0.1544121093658905, "HITS@10m_new": 0.24282071847350745}