{"MRRm_new": 0.08050033606637007, "MRm_new": 679.4065631020546, "HITS@1m_new": 0.039904664995823985, "HITS@3m_new": 0.07867917746553431, "HITS@10m_new": 0.161728076114913}