{"MRRm_new": 0.2015009940751319, "MRm_new": 435.3876119292259, "HITS@1m_new": 0.13853320949131157, "HITS@3m_new": 0.21152865230080206, "HITS@10m_new": 0.32798075204202903}