{"MRRm_new": 0.29759288025288333, "MRm_new": 379.21295886927845, "HITS@1m_new": 0.21289648655771087, "HITS@3m_new": 0.32614182025527405, "HITS@10m_new": 0.4676755864680381}