{"MRRm_new": 0.6558386978599438, "MRm_new": 201.68480517793446, "HITS@1m_new": 0.5995756641150365, "HITS@3m_new": 0.6844090192402073, "HITS@10m_new": 0.7637669521882999}