{"MRRm_new": 0.23418960066668368, "MRm_new": 230.41948147702217, "HITS@1m_new": 0.14656520391767844, "HITS@3m_new": 0.24794304826613517, "HITS@10m_new": 0.43017123356456866}