{"MRRm_new": 0.4937101941569936, "MRm_new": 265.58671199768037, "HITS@1m_new": 0.43100947742671997, "HITS@3m_new": 0.5183508114859869, "HITS@10m_new": 0.6139584901274684}