{"MRRm_new": 0.19490304537158082, "MRm_new": 395.78841689755916, "HITS@1m_new": 0.12912229332939024, "HITS@3m_new": 0.20981872330917978, "HITS@10m_new": 0.32089957250081935}