{"MRRm_new": 0.22514543657975156, "MRm_new": 249.78098009479046, "HITS@1m_new": 0.1420031061682501, "HITS@3m_new": 0.24030011672144755, "HITS@10m_new": 0.38851705473479814}