{"MRRm_new": 0.2931913096463677, "MRm_new": 2300.320166568309, "HITS@1m_new": 0.21433820024435407, "HITS@3m_new": 0.3161925698114792, "HITS@10m_new": 0.453064560955856}