{"MRRm_new": 0.4616193208847653, "MRm_new": 160.37523200055213, "HITS@1m_new": 0.3912723752201273, "HITS@3m_new": 0.49553074647916945, "HITS@10m_new": 0.5886483729091997}