{"MRRm_new": 0.23359252945074988, "MRm_new": 241.22013935387133, "HITS@1m_new": 0.1502280159621034, "HITS@3m_new": 0.2508540230431594, "HITS@10m_new": 0.3969695526563097}