{"MRRm_new": 0.20056546152791543, "MRm_new": 2321.884038764253, "HITS@1m_new": 0.13442314436104788, "HITS@3m_new": 0.22803159295736986, "HITS@10m_new": 0.3317100181994028}