{"MRRm_new": 0.08623830281567789, "MRm_new": 608.2961934091092, "HITS@1m_new": 0.045958163491031157, "HITS@3m_new": 0.08471335519851418, "HITS@10m_new": 0.16331702010259033}