{"MRRm_new": 0.17604752579659544, "MRm_new": 178.96263248577117, "HITS@1m_new": 0.10409951413287781, "HITS@3m_new": 0.18663234890550376, "HITS@10m_new": 0.3216681935966015}