{"MRRm_new": 0.20308803315120258, "MRm_new": 416.71327337928864, "HITS@1m_new": 0.13122352341678925, "HITS@3m_new": 0.21806272841782992, "HITS@10m_new": 0.34664766962565047}