{"MRRm_new": 0.3106375251129448, "MRm_new": 511.35138472770154, "HITS@1m_new": 0.2518749412413963, "HITS@3m_new": 0.32804793359651374, "HITS@10m_new": 0.42096736530120327}