{"MRRm_new": 0.23294811993081965, "MRm_new": 492.9932238517523, "HITS@1m_new": 0.1589589370650472, "HITS@3m_new": 0.24913390051862225, "HITS@10m_new": 0.38385536197824405}