{"MRRm_new": 0.2201411281871624, "MRm_new": 300.93750870010854, "HITS@1m_new": 0.13982675088648686, "HITS@3m_new": 0.23380000788606703, "HITS@10m_new": 0.3801260482929647}