{"MRRm_new": 0.37690417222762607, "MRm_new": 125.4049995418638, "HITS@1m_new": 0.2766080013998144, "HITS@3m_new": 0.42478255778053425, "HITS@10m_new": 0.5713539807403577}