{"MRRm_new": 0.2579028623792865, "MRm_new": 648.0881007411033, "HITS@1m_new": 0.19795196380631386, "HITS@3m_new": 0.2747551795066938, "HITS@10m_new": 0.3729425466942812}