{"MRRm_new": 0.21268295730634273, "MRm_new": 309.0168346874714, "HITS@1m_new": 0.13314540896577529, "HITS@3m_new": 0.2287474832568667, "HITS@10m_new": 0.37394736295390174}