{"MRRm_new": 0.23958071060437505, "MRm_new": 223.79751992614268, "HITS@1m_new": 0.15422209646126722, "HITS@3m_new": 0.2569954295611009, "HITS@10m_new": 0.4149954728527926}