{"MRRm_new": 0.4774471531737936, "MRm_new": 64.46221048505605, "HITS@1m_new": 0.37829584113130116, "HITS@3m_new": 0.5275364534070832, "HITS@10m_new": 0.6628440496124094}