{"MRRm_new": 0.3245490098360701, "MRm_new": 381.42537270385026, "HITS@1m_new": 0.21969894183811267, "HITS@3m_new": 0.3595522806334775, "HITS@10m_new": 0.541117082238663}