{"MRRm_new": 0.19210688882429258, "MRm_new": 1791.556205069691, "HITS@1m_new": 0.12407543248854927, "HITS@3m_new": 0.20440206042397768, "HITS@10m_new": 0.3262690490348032}