{"MRRm_new": 0.2450092878506577, "MRm_new": 227.67695142557622, "HITS@1m_new": 0.16469012485202403, "HITS@3m_new": 0.2630328737763688, "HITS@10m_new": 0.402990483191004}