{"MRRm_new": 0.4858195829829228, "MRm_new": 169.85003647346795, "HITS@1m_new": 0.37973050743267595, "HITS@3m_new": 0.5382662697363121, "HITS@10m_new": 0.7006393051003688}