{"MRRm_new": 0.11033266894819826, "MRm_new": 515.363524755454, "HITS@1m_new": 0.060065616311860505, "HITS@3m_new": 0.11298500143648126, "HITS@10m_new": 0.20747621997068635}