{"MRRm_new": 0.11831441145537101, "MRm_new": 606.160513705349, "HITS@1m_new": 0.07145095803308067, "HITS@3m_new": 0.1214873065183463, "HITS@10m_new": 0.20842596682498699}