{"MRRm_new": 0.2575077329763976, "MRm_new": 3230.854070892155, "HITS@1m_new": 0.1795520859775279, "HITS@3m_new": 0.2797887633996288, "HITS@10m_new": 0.41018761431408346}