{"MRRm_new": 0.5111663736499131, "MRm_new": 255.70538634418696, "HITS@1m_new": 0.4433060923119483, "HITS@3m_new": 0.5396793648635066, "HITS@10m_new": 0.6400071838424847}