{"MRRm_new": 0.2304869133799788, "MRm_new": 432.57110422472954, "HITS@1m_new": 0.15512400642373833, "HITS@3m_new": 0.2469843544258736, "HITS@10m_new": 0.38381823070123794}