{"MRRm_new": 0.596362743474754, "MRm_new": 211.8024291703105, "HITS@1m_new": 0.5272273931985401, "HITS@3m_new": 0.628649087296093, "HITS@10m_new": 0.7307777134741191}