{"MRRm_new": 0.3765268786556453, "MRm_new": 374.23336051280796, "HITS@1m_new": 0.2941585102694662, "HITS@3m_new": 0.40958874886210833, "HITS@10m_new": 0.5356967343211799}