{"MRRm_new": 0.3400798100273005, "MRm_new": 139.54135665002465, "HITS@1m_new": 0.2518056016861956, "HITS@3m_new": 0.37562538421186037, "HITS@10m_new": 0.5080581259116589}