{"MRRm_new": 0.4023655639358794, "MRm_new": 305.05851956909896, "HITS@1m_new": 0.3349424313358431, "HITS@3m_new": 0.43214805692866504, "HITS@10m_new": 0.5226804701168439}