{"MRRm_new": 0.3241453314891014, "MRm_new": 1605.2506938422323, "HITS@1m_new": 0.24410860416502692, "HITS@3m_new": 0.3546869137536269, "HITS@10m_new": 0.48148581207194363}