{"MRRm_new": 0.2750510736322758, "MRm_new": 336.00715819476545, "HITS@1m_new": 0.1922330173629016, "HITS@3m_new": 0.30850145209809127, "HITS@10m_new": 0.43187954684108265}