{"MRRm_new": 0.42430685327704215, "MRm_new": 260.89177543115613, "HITS@1m_new": 0.33566749239173804, "HITS@3m_new": 0.46201964799136114, "HITS@10m_new": 0.5988418485262009}