{"MRRm_new": 0.511037638956389, "MRm_new": 174.4295283345431, "HITS@1m_new": 0.40178311254723303, "HITS@3m_new": 0.5731381151590867, "HITS@10m_new": 0.7217836510425768}