{"MRRm_new": 0.28358780884865475, "MRm_new": 2520.2094292179345, "HITS@1m_new": 0.2066996559781255, "HITS@3m_new": 0.30822642549767626, "HITS@10m_new": 0.4370174694545567}