{"MRRm_new": 0.32749121536744225, "MRm_new": 1617.9815146383048, "HITS@1m_new": 0.2482551498018438, "HITS@3m_new": 0.35631260815891436, "HITS@10m_new": 0.4813110934989527}