{"MRRm_new": 0.08595272276997566, "MRm_new": 630.8518555409431, "HITS@1m_new": 0.04562450374062173, "HITS@3m_new": 0.0849028727429104, "HITS@10m_new": 0.16314653047267347}