{"MRRm_new": 0.2912498853908037, "MRm_new": 2234.169910827801, "HITS@1m_new": 0.2450625922586478, "HITS@3m_new": 0.30935889602531463, "HITS@10m_new": 0.3809410466788795}