{"MRRm_new": 0.2929103216447493, "MRm_new": 269.1314581589699, "HITS@1m_new": 0.21226919910809375, "HITS@3m_new": 0.3208396472932218, "HITS@10m_new": 0.44550980256113687}