{"MRRm_new": 0.6900935522178488, "MRm_new": 177.56518351422994, "HITS@1m_new": 0.6337542053832694, "HITS@3m_new": 0.7217598831693758, "HITS@10m_new": 0.7954004960324237}