{"MRRm_new": 0.19480433353464613, "MRm_new": 402.1713795593977, "HITS@1m_new": 0.13119529910185374, "HITS@3m_new": 0.20612397199976257, "HITS@10m_new": 0.32084663041634487}