{"MRRm_new": 0.11846821473957535, "MRm_new": 601.7132758023739, "HITS@1m_new": 0.07159814268987393, "HITS@3m_new": 0.12176817290229373, "HITS@10m_new": 0.20868333073200193}