{"MRRm_new": 0.19582617159911114, "MRm_new": 551.2098257078603, "HITS@1m_new": 0.1282584769401583, "HITS@3m_new": 0.21234477170525862, "HITS@10m_new": 0.3313359966118769}