{"MRRm_new": 0.4915673855149107, "MRm_new": 126.60307933947443, "HITS@1m_new": 0.4227827886147279, "HITS@3m_new": 0.5231318337660632, "HITS@10m_new": 0.6156977852769197}