{"MRRm_new": 0.28783195518741467, "MRm_new": 2116.076878271967, "HITS@1m_new": 0.2105118430609582, "HITS@3m_new": 0.3113265103533631, "HITS@10m_new": 0.44308428905252367}