{"MRRm_new": 0.27755273819620924, "MRm_new": 792.1688281611354, "HITS@1m_new": 0.21720153978796225, "HITS@3m_new": 0.29730561897098595, "HITS@10m_new": 0.3946078487250743}