{"MRRm_new": 0.32685343930474303, "MRm_new": 3115.0210676153897, "HITS@1m_new": 0.28801759194934856, "HITS@3m_new": 0.34372845199636504, "HITS@10m_new": 0.3994427687171701}