{"MRRm_new": 0.13719842570373147, "MRm_new": 348.97564584922793, "HITS@1m_new": 0.07570351860618685, "HITS@3m_new": 0.146451835981739, "HITS@10m_new": 0.2543256337446626}