{"MRRm_new": 0.2924421245732974, "MRm_new": 247.5127413200289, "HITS@1m_new": 0.21126383279760194, "HITS@3m_new": 0.3219523224586592, "HITS@10m_new": 0.44867427374783436}