{"MRRm_new": 0.11726715124252224, "MRm_new": 510.8257839520931, "HITS@1m_new": 0.06432070101569407, "HITS@3m_new": 0.12049497982873582, "HITS@10m_new": 0.22044502169787883}