{"MRRm_new": 0.6984513548656242, "MRm_new": 161.5545158560574, "HITS@1m_new": 0.6469592655483138, "HITS@3m_new": 0.7265834883438583, "HITS@10m_new": 0.7935742156101915}