{"MRRm_new": 0.07781796115120232, "MRm_new": 808.8034695575237, "HITS@1m_new": 0.036897122292040146, "HITS@3m_new": 0.07928370702227112, "HITS@10m_new": 0.15410964389590082}