{"MRRm_new": 0.31549429083787256, "MRm_new": 1595.1948521934153, "HITS@1m_new": 0.2310654985969886, "HITS@3m_new": 0.34795250280655454, "HITS@10m_new": 0.4821974905098323}