{"MRRm_new": 0.10441924739515816, "MRm_new": 446.5214550387382, "HITS@1m_new": 0.05202445199578069, "HITS@3m_new": 0.10857942694118246, "HITS@10m_new": 0.20495976929022}