{"MRRm_new": 0.5052946493932559, "MRm_new": 248.15110607986898, "HITS@1m_new": 0.4419012013453612, "HITS@3m_new": 0.5306784095925104, "HITS@10m_new": 0.6262314787022806}