{"MRRm_new": 0.4826508369495277, "MRm_new": 302.6318224747553, "HITS@1m_new": 0.41728334111280857, "HITS@3m_new": 0.508290478447656, "HITS@10m_new": 0.6068089337180427}