{"MRRm_new": 0.7230118486441534, "MRm_new": 132.28326907029748, "HITS@1m_new": 0.6668160484592518, "HITS@3m_new": 0.7541188588691657, "HITS@10m_new": 0.8285616561435163}