{"MRRm_new": 0.23038300662233815, "MRm_new": 437.09573273453714, "HITS@1m_new": 0.155113561382622, "HITS@3m_new": 0.24731057775719092, "HITS@10m_new": 0.38398737139049915}