{"MRRm_new": 0.15090085029223702, "MRm_new": 233.0164048710108, "HITS@1m_new": 0.08631338079497218, "HITS@3m_new": 0.16183214311087504, "HITS@10m_new": 0.2745977282160893}