{"MRRm_new": 0.6083495634272512, "MRm_new": 195.00088198992609, "HITS@1m_new": 0.534403521611981, "HITS@3m_new": 0.646811771671637, "HITS@10m_new": 0.7515220436378731}