{"MRRm_new": 0.30214065728232664, "MRm_new": 2435.091622611642, "HITS@1m_new": 0.22117409444996156, "HITS@3m_new": 0.33587136248126626, "HITS@10m_new": 0.4657697264109738}