{"MRRm_new": 0.3122899325739454, "MRm_new": 2052.5916556316615, "HITS@1m_new": 0.23287621391913854, "HITS@3m_new": 0.3410401101089083, "HITS@10m_new": 0.4754262527740211}