{"MRRm_new": 0.3031576859035267, "MRm_new": 1973.246252690226, "HITS@1m_new": 0.22905003978393507, "HITS@3m_new": 0.324701920296764, "HITS@10m_new": 0.45433502511680124}