{"MRRm_new": 0.23271052343082266, "MRm_new": 251.7304839049816, "HITS@1m_new": 0.1543726751218084, "HITS@3m_new": 0.24748598609580658, "HITS@10m_new": 0.38834464230621235}