{"MRRm_new": 0.11813441959670745, "MRm_new": 344.8844937011957, "HITS@1m_new": 0.05813242653508205, "HITS@3m_new": 0.12738613349916414, "HITS@10m_new": 0.2324566405242309}