{"MRRm_new": 0.2508084787424887, "MRm_new": 351.59058708684444, "HITS@1m_new": 0.17463076837012778, "HITS@3m_new": 0.2682466687363107, "HITS@10m_new": 0.40610328865228223}