{"MRRm_new": 0.10177433473936108, "MRm_new": 597.7942902368069, "HITS@1m_new": 0.05818057434353977, "HITS@3m_new": 0.10258412215281278, "HITS@10m_new": 0.18496877223607153}