{"MRRm_new": 0.30303898033877247, "MRm_new": 1977.2407917925418, "HITS@1m_new": 0.22799829973070881, "HITS@3m_new": 0.33258668668195607, "HITS@10m_new": 0.4550638468358666}