{"MRRm_new": 0.19743246334619471, "MRm_new": 301.85477752285004, "HITS@1m_new": 0.130647973618994, "HITS@3m_new": 0.206611352672067, "HITS@10m_new": 0.3283936832104693}