{"MRRm_new": 0.6014497960669505, "MRm_new": 205.95877469037472, "HITS@1m_new": 0.5322513154029294, "HITS@3m_new": 0.632988207616254, "HITS@10m_new": 0.7360522297699644}