{"MRRm_new": 0.4028133101646836, "MRm_new": 289.95021353940666, "HITS@1m_new": 0.3139872990201402, "HITS@3m_new": 0.4409746543895926, "HITS@10m_new": 0.5756875108218955}