{"MRRm_new": 0.12694124275503127, "MRm_new": 428.68308665447233, "HITS@1m_new": 0.07165159788744059, "HITS@3m_new": 0.13298159336242824, "HITS@10m_new": 0.23413428546801443}