{"MRRm_new": 0.11828407371685025, "MRm_new": 595.7905100254536, "HITS@1m_new": 0.0712890851222328, "HITS@3m_new": 0.12146813791739405, "HITS@10m_new": 0.2086385201249039}