{"MRRm_new": 0.24398250872265453, "MRm_new": 2742.246873415202, "HITS@1m_new": 0.16881008054333507, "HITS@3m_new": 0.2572636441320065, "HITS@10m_new": 0.398722778334748}