{"MRRm_new": 0.13616598661577245, "MRm_new": 4252.411193957716, "HITS@1m_new": 0.08770332440892525, "HITS@3m_new": 0.1412519855096907, "HITS@10m_new": 0.22730404241861835}