{"MRRm_new": 0.32082425671306375, "MRm_new": 3035.697599050596, "HITS@1m_new": 0.2831740419015696, "HITS@3m_new": 0.33635652592777476, "HITS@10m_new": 0.39111549887383806}