{"MRRm_new": 0.5104259967536582, "MRm_new": 195.31989040441812, "HITS@1m_new": 0.40276056348110434, "HITS@3m_new": 0.5691181123771639, "HITS@10m_new": 0.7205859839359764}