{"MRRm_new": 0.5150156943618885, "MRm_new": 254.40755655842275, "HITS@1m_new": 0.4497144858136489, "HITS@3m_new": 0.5411819560305267, "HITS@10m_new": 0.6414710267598858}