{"MRRm_new": 0.1927074430208202, "MRm_new": 403.43677301516533, "HITS@1m_new": 0.12965758045068942, "HITS@3m_new": 0.20242434152746572, "HITS@10m_new": 0.32095722635465207}