{"MRRm_new": 0.4077931008001351, "MRm_new": 273.7190051795989, "HITS@1m_new": 0.31697571776522093, "HITS@3m_new": 0.44575443546666427, "HITS@10m_new": 0.586556960977643}