{"MRRm_new": 0.2588113001264501, "MRm_new": 331.4483549111605, "HITS@1m_new": 0.1824539103323594, "HITS@3m_new": 0.2745672538474202, "HITS@10m_new": 0.416652324831672}