{"MRRm_new": 0.21171459423984634, "MRm_new": 165.8221757091999, "HITS@1m_new": 0.10267236898788251, "HITS@3m_new": 0.24496741243023426, "HITS@10m_new": 0.4462038620752282}