{"MRRm_new": 0.42630231938602264, "MRm_new": 113.7779563767463, "HITS@1m_new": 0.32057024073614593, "HITS@3m_new": 0.47489548337810267, "HITS@10m_new": 0.6320589934849995}