{"MRRm_new": 0.4255070897292035, "MRm_new": 257.21738960181176, "HITS@1m_new": 0.33652440147948803, "HITS@3m_new": 0.46364923343541525, "HITS@10m_new": 0.6008084903811904}