{"MRRm_new": 0.33250719454577027, "MRm_new": 2875.1306927768737, "HITS@1m_new": 0.2936152188969427, "HITS@3m_new": 0.35097875680572904, "HITS@10m_new": 0.40328165861226445}