{"MRRm_new": 0.28662548139687943, "MRm_new": 2516.6813830515744, "HITS@1m_new": 0.21848284636286552, "HITS@3m_new": 0.30713181200710826, "HITS@10m_new": 0.4191630850218353}