{"MRRm_new": 0.6835340133132631, "MRm_new": 158.82314589431883, "HITS@1m_new": 0.62712370476262, "HITS@3m_new": 0.7135911563896224, "HITS@10m_new": 0.7899431585358979}