{"MRRm_new": 0.2518751980336194, "MRm_new": 352.0574202023268, "HITS@1m_new": 0.17207605939402712, "HITS@3m_new": 0.2730661196618341, "HITS@10m_new": 0.4096283935859799}