{"MRRm_new": 0.1811490548122063, "MRm_new": 332.3975294405937, "HITS@1m_new": 0.11598025380160543, "HITS@3m_new": 0.18736902049174534, "HITS@10m_new": 0.32391060659610665}