{"MRRm_new": 0.1297884758541827, "MRm_new": 14630.521948539674, "HITS@1m_new": 0.08540977898868732, "HITS@3m_new": 0.14340671744407155, "HITS@10m_new": 0.21865708233648912}