{"MRRm_new": 0.11337719422936497, "MRm_new": 501.4547022444725, "HITS@1m_new": 0.06194420447114389, "HITS@3m_new": 0.11653890476071974, "HITS@10m_new": 0.21350426576687023}