{"MRRm_new": 0.31830930329436613, "MRm_new": 222.99708731992544, "HITS@1m_new": 0.23382970393422875, "HITS@3m_new": 0.3500327107060584, "HITS@10m_new": 0.47896346906866527}