{"MRRm_new": 0.13798854524574125, "MRm_new": 348.020156792593, "HITS@1m_new": 0.07629264731945004, "HITS@3m_new": 0.146960903948365, "HITS@10m_new": 0.2567017554156482}