{"MRRm_new": 0.4557836958602975, "MRm_new": 212.65237030909955, "HITS@1m_new": 0.38726840635729604, "HITS@3m_new": 0.4859620807990141, "HITS@10m_new": 0.5793733775853761}