{"MRRm_new": 0.18372277404192572, "MRm_new": 328.2333142797947, "HITS@1m_new": 0.11171547772644554, "HITS@3m_new": 0.195977697747387, "HITS@10m_new": 0.32121338911514613}