{"MRRm_new": 0.23177897637087153, "MRm_new": 3075.797758537486, "HITS@1m_new": 0.17075754097645404, "HITS@3m_new": 0.2578760780295852, "HITS@10m_new": 0.3538879837409768}