{"MRRm_new": 0.23906920485523878, "MRm_new": 433.96304575378895, "HITS@1m_new": 0.1642736886549741, "HITS@3m_new": 0.25934849960217254, "HITS@10m_new": 0.3896473417731933}