{"MRRm_new": 0.10193388996454741, "MRm_new": 611.7502594537497, "HITS@1m_new": 0.0603020150112221, "HITS@3m_new": 0.1021466163263307, "HITS@10m_new": 0.17983835531020304}