{"MRRm_new": 0.080077353686688, "MRm_new": 663.1587152172327, "HITS@1m_new": 0.03944496503660921, "HITS@3m_new": 0.07820419434501091, "HITS@10m_new": 0.15990703443982637}