{"MRRm_new": 0.5288289812129651, "MRm_new": 139.34222563113272, "HITS@1m_new": 0.414185786763177, "HITS@3m_new": 0.5918030288701448, "HITS@10m_new": 0.7546788211882959}