{"MRRm_new": 0.25762854222447734, "MRm_new": 654.0782875939459, "HITS@1m_new": 0.19807579651174456, "HITS@3m_new": 0.2745748110997338, "HITS@10m_new": 0.37207307704797493}