{"MRRm_new": 0.12128535599924653, "MRm_new": 3912.1275734557153, "HITS@1m_new": 0.07855708659021184, "HITS@3m_new": 0.12836926907426677, "HITS@10m_new": 0.21016889166184702}