{"MRRm_new": 0.19289184188860817, "MRm_new": 397.38703832001687, "HITS@1m_new": 0.12969556526858358, "HITS@3m_new": 0.20286124175032602, "HITS@10m_new": 0.3205903135334374}