{"MRRm_new": 0.21172919416424657, "MRm_new": 2124.947942278922, "HITS@1m_new": 0.1451010642903566, "HITS@3m_new": 0.227757275431999, "HITS@10m_new": 0.34020339549166967}