{"MRRm_new": 0.31708895404509213, "MRm_new": 2000.6895296671987, "HITS@1m_new": 0.2340097108958289, "HITS@3m_new": 0.35046940684318545, "HITS@10m_new": 0.49159222894674165}