{"MRRm_new": 0.5262292402931334, "MRm_new": 240.48222921209782, "HITS@1m_new": 0.46021505545286345, "HITS@3m_new": 0.5532823032732049, "HITS@10m_new": 0.6531103523255443}