{"MRRm_new": 0.49891797778901126, "MRm_new": 202.63832929427923, "HITS@1m_new": 0.3901860479129828, "HITS@3m_new": 0.5561574325216098, "HITS@10m_new": 0.7176841655451098}