{"MRRm_new": 0.38261921155984147, "MRm_new": 207.28757568241656, "HITS@1m_new": 0.28343119538716566, "HITS@3m_new": 0.42405492161845904, "HITS@10m_new": 0.5763683783010929}