{"MRRm_new": 0.10900531638072862, "MRm_new": 633.3449233694315, "HITS@1m_new": 0.06507953078668798, "HITS@3m_new": 0.11204090616229223, "HITS@10m_new": 0.1928727435440058}