{"MRRm_new": 0.20613326993067022, "MRm_new": 359.39918627853393, "HITS@1m_new": 0.13813288928447873, "HITS@3m_new": 0.2185742356583709, "HITS@10m_new": 0.3408080442690058}