{"MRRm_new": 0.18309209024315787, "MRm_new": 338.16326700749397, "HITS@1m_new": 0.10738357530169887, "HITS@3m_new": 0.19744008528557605, "HITS@10m_new": 0.3359353636949789}