{"MRRm_new": 0.1920418324697507, "MRm_new": 1688.2584842221438, "HITS@1m_new": 0.12571860430989182, "HITS@3m_new": 0.20361410250223708, "HITS@10m_new": 0.3246661221360555}