{"MRRm_new": 0.07778368639500986, "MRm_new": 808.8059564408779, "HITS@1m_new": 0.036897122292040146, "HITS@3m_new": 0.07928193711002823, "HITS@10m_new": 0.15410964389590082}