{"MRRm_new": 0.31354570367115003, "MRm_new": 1652.3670948265194, "HITS@1m_new": 0.22907329725939782, "HITS@3m_new": 0.3458787346862955, "HITS@10m_new": 0.4817610461192671}