{"MRRm_new": 0.21489479201618222, "MRm_new": 1331.8105303747357, "HITS@1m_new": 0.14638524067093386, "HITS@3m_new": 0.22810716734739253, "HITS@10m_new": 0.34899967494799056}