{"MRRm_new": 0.4982233226079943, "MRm_new": 200.27475874423982, "HITS@1m_new": 0.39195267726887323, "HITS@3m_new": 0.5569817424189787, "HITS@10m_new": 0.7037246276485603}