{"MRRm_new": 0.3787001094672105, "MRm_new": 345.51465813305975, "HITS@1m_new": 0.2931539464882844, "HITS@3m_new": 0.41355727844623835, "HITS@10m_new": 0.5424996223098424}