{"MRRm_new": 0.10259966026046313, "MRm_new": 591.0841230481625, "HITS@1m_new": 0.05846336471757386, "HITS@3m_new": 0.1039662847685162, "HITS@10m_new": 0.18826092829853297}