{"MRRm_new": 0.5159346405497781, "MRm_new": 160.4992598813772, "HITS@1m_new": 0.4051187321158068, "HITS@3m_new": 0.5751421947332019, "HITS@10m_new": 0.7345379196364811}