{"MRRm_new": 0.08951689800025779, "MRm_new": 659.2882090655088, "HITS@1m_new": 0.04779721612894209, "HITS@3m_new": 0.09061044797786744, "HITS@10m_new": 0.1644562718713889}