{"MRRm_new": 0.23949665117131372, "MRm_new": 222.32828815586566, "HITS@1m_new": 0.15410118015187327, "HITS@3m_new": 0.2570637369932607, "HITS@10m_new": 0.4149988838897087}