{"MRRm_new": 0.24391689603259875, "MRm_new": 235.04320855629445, "HITS@1m_new": 0.16443790750298648, "HITS@3m_new": 0.2616775326842442, "HITS@10m_new": 0.39921550932307726}