{"MRRm_new": 0.5070675659763446, "MRm_new": 262.1295954868272, "HITS@1m_new": 0.43943572097524886, "HITS@3m_new": 0.5350047396578884, "HITS@10m_new": 0.634775701411636}