{"MRRm_new": 0.3662744612559127, "MRm_new": 181.11442073194684, "HITS@1m_new": 0.2731284027256188, "HITS@3m_new": 0.4080394715317816, "HITS@10m_new": 0.543706392036067}