{"MRRm_new": 0.13567572911611933, "MRm_new": 4208.0254397437275, "HITS@1m_new": 0.08694302837453143, "HITS@3m_new": 0.1416629757476767, "HITS@10m_new": 0.22693327025148027}