{"MRRm_new": 0.2743519742851545, "MRm_new": 2441.2512491404714, "HITS@1m_new": 0.205657213023238, "HITS@3m_new": 0.29606592232170803, "HITS@10m_new": 0.4042035263972939}