{"MRRm_new": 0.43340900293628876, "MRm_new": 107.65807512156665, "HITS@1m_new": 0.3280049844882669, "HITS@3m_new": 0.4839381750107786, "HITS@10m_new": 0.6377495184184808}