{"MRRm_new": 0.2941333053126086, "MRm_new": 726.7478593465388, "HITS@1m_new": 0.19326799753447996, "HITS@3m_new": 0.329509016092401, "HITS@10m_new": 0.4961974236667156}