{"MRRm_new": 0.19676728803154256, "MRm_new": 320.5634063385725, "HITS@1m_new": 0.13134119015835458, "HITS@3m_new": 0.20461631839961048, "HITS@10m_new": 0.32795569290606075}