{"MRRm_new": 0.1774596725622556, "MRm_new": 337.2474049856186, "HITS@1m_new": 0.10580521132085123, "HITS@3m_new": 0.1919335283362423, "HITS@10m_new": 0.31614261250747366}