{"MRRm_new": 0.17393809804654575, "MRm_new": 544.609108260043, "HITS@1m_new": 0.10684383084279397, "HITS@3m_new": 0.1886715968090939, "HITS@10m_new": 0.30881421395183134}