{"MRRm_new": 0.4933004410676185, "MRm_new": 215.37677486354113, "HITS@1m_new": 0.38591726715763797, "HITS@3m_new": 0.5504185623269623, "HITS@10m_new": 0.7078558234952615}