{"MRRm_new": 0.44718478024866637, "MRm_new": 84.80640447756647, "HITS@1m_new": 0.3398591083057327, "HITS@3m_new": 0.49845424519751397, "HITS@10m_new": 0.6556767978719436}