{"MRRm_new": 0.19077061720522853, "MRm_new": 2674.8354802068175, "HITS@1m_new": 0.13062060724117328, "HITS@3m_new": 0.2155568408446561, "HITS@10m_new": 0.31134441065802093}