{"MRRm_new": 0.25308009136497367, "MRm_new": 2257.7268896588685, "HITS@1m_new": 0.1859000306786038, "HITS@3m_new": 0.27367706784827167, "HITS@10m_new": 0.3798963986588642}