{"MRRm_new": 0.1287418565736857, "MRm_new": 15110.834965788305, "HITS@1m_new": 0.08513819177332334, "HITS@3m_new": 0.14161198193510063, "HITS@10m_new": 0.21649482597666792}