{"MRRm_new": 0.49737001694072386, "MRm_new": 211.73062634769082, "HITS@1m_new": 0.39259032724672577, "HITS@3m_new": 0.553739948248065, "HITS@10m_new": 0.7021227858028142}