{"MRRm_new": 0.30619979708283246, "MRm_new": 2176.615907565504, "HITS@1m_new": 0.22483840828487883, "HITS@3m_new": 0.33689712338952815, "HITS@10m_new": 0.4705115231667296}