{"MRRm_new": 0.3383837918499039, "MRm_new": 363.5673926395774, "HITS@1m_new": 0.2336022819587961, "HITS@3m_new": 0.3779952283320017, "HITS@10m_new": 0.5477661334523}