{"MRRm_new": 0.23438600944257923, "MRm_new": 230.51419378399848, "HITS@1m_new": 0.14669399211173878, "HITS@3m_new": 0.2481105480087921, "HITS@10m_new": 0.43013005440304986}