{"MRRm_new": 0.3387632162630362, "MRm_new": 159.1813578621149, "HITS@1m_new": 0.25116510410282356, "HITS@3m_new": 0.374935279095851, "HITS@10m_new": 0.506732369347912}