{"MRRm_new": 0.44117312180761836, "MRm_new": 178.34647043420375, "HITS@1m_new": 0.32501379598353014, "HITS@3m_new": 0.49425595019571483, "HITS@10m_new": 0.6815283234030649}