{"MRRm_new": 0.32076012151779104, "MRm_new": 252.10434452688693, "HITS@1m_new": 0.23293096927097212, "HITS@3m_new": 0.35804226138986994, "HITS@10m_new": 0.4884059767006838}