{"MRRm_new": 0.6873946037177521, "MRm_new": 172.0858550530523, "HITS@1m_new": 0.6356160941661401, "HITS@3m_new": 0.7142279417769678, "HITS@10m_new": 0.78192252932673}