{"MRRm_new": 0.36460052698512935, "MRm_new": 352.00068695813417, "HITS@1m_new": 0.29116579841275964, "HITS@3m_new": 0.38844379579625093, "HITS@10m_new": 0.5062554731758282}