{"MRRm_new": 0.3665832472173179, "MRm_new": 349.0827666500956, "HITS@1m_new": 0.29337050183093377, "HITS@3m_new": 0.39096392296340493, "HITS@10m_new": 0.5082610651035938}