{"MRRm_new": 0.15320011931954697, "MRm_new": 4273.443011649668, "HITS@1m_new": 0.10470615681895287, "HITS@3m_new": 0.15965067407704192, "HITS@10m_new": 0.24785592823298067}