{"MRRm_new": 0.41556437255531636, "MRm_new": 290.79663667422534, "HITS@1m_new": 0.34806623357398714, "HITS@3m_new": 0.4468125631084113, "HITS@10m_new": 0.535748594244491}