{"MRRm_new": 0.3378277862921377, "MRm_new": 3417.340647168495, "HITS@1m_new": 0.3010425244911894, "HITS@3m_new": 0.3547462080012483, "HITS@10m_new": 0.40530113179492766}