{"MRRm_new": 0.37480484281929605, "MRm_new": 145.09384368088843, "HITS@1m_new": 0.2812822306734306, "HITS@3m_new": 0.41811898163768635, "HITS@10m_new": 0.5527462374583411}