{"MRRm_new": 0.5236295548042371, "MRm_new": 224.27322629506142, "HITS@1m_new": 0.4617731326793728, "HITS@3m_new": 0.5479347421882957, "HITS@10m_new": 0.6443652694905176}