{"MRRm_new": 0.5111678328722382, "MRm_new": 255.69632420030982, "HITS@1m_new": 0.4432944680043438, "HITS@3m_new": 0.539605023365366, "HITS@10m_new": 0.6401636900230151}