{"MRRm_new": 0.2885795347329504, "MRm_new": 286.31967519524693, "HITS@1m_new": 0.2071119392182518, "HITS@3m_new": 0.3192063453565643, "HITS@10m_new": 0.4439103548351268}