{"MRRm_new": 0.31587797639257315, "MRm_new": 1546.1933948253989, "HITS@1m_new": 0.23120356291392818, "HITS@3m_new": 0.3484187017910881, "HITS@10m_new": 0.48336326273926533}