{"MRRm_new": 0.31324447868351674, "MRm_new": 2020.5400812470914, "HITS@1m_new": 0.23346058892062865, "HITS@3m_new": 0.342560220786836, "HITS@10m_new": 0.47697301023243927}