{"MRRm_new": 0.25189924200892855, "MRm_new": 340.7041294139147, "HITS@1m_new": 0.17596595245847713, "HITS@3m_new": 0.2695640195201617, "HITS@10m_new": 0.4087655436198227}