{"MRRm_new": 0.17615598610111338, "MRm_new": 388.4823048263073, "HITS@1m_new": 0.11211645130303804, "HITS@3m_new": 0.1846498601050116, "HITS@10m_new": 0.30730630634238476}