{"MRRm_new": 0.40829966811330726, "MRm_new": 298.38465089274945, "HITS@1m_new": 0.3406331059649347, "HITS@3m_new": 0.4396580885378498, "HITS@10m_new": 0.52840966316704}