{"MRRm_new": 0.097211358239314, "MRm_new": 520.4425702388763, "HITS@1m_new": 0.044957009959605054, "HITS@3m_new": 0.10365947503347415, "HITS@10m_new": 0.19809335337597878}