{"MRRm_new": 0.1975023652241027, "MRm_new": 276.85055419368746, "HITS@1m_new": 0.1270622669681441, "HITS@3m_new": 0.20637562410301763, "HITS@10m_new": 0.3457284921713348}