{"MRRm_new": 0.23235452981912386, "MRm_new": 232.74221320176125, "HITS@1m_new": 0.1480004715460469, "HITS@3m_new": 0.24510280195870437, "HITS@10m_new": 0.39891132100792603}