{"MRRm_new": 0.2551195519245057, "MRm_new": 699.6948365866244, "HITS@1m_new": 0.1965113572101727, "HITS@3m_new": 0.27240402724434537, "HITS@10m_new": 0.3666218536923407}