{"MRRm_new": 0.24886203299229093, "MRm_new": 352.54795197398664, "HITS@1m_new": 0.17353907473091967, "HITS@3m_new": 0.26775882045226174, "HITS@10m_new": 0.4024848993085325}