{"MRRm_new": 0.3186208180205276, "MRm_new": 1685.3056911893784, "HITS@1m_new": 0.23663655564025976, "HITS@3m_new": 0.349114179131866, "HITS@10m_new": 0.47841682701301763}