{"MRRm_new": 0.10180072858238418, "MRm_new": 595.4027385334253, "HITS@1m_new": 0.0582219788616756, "HITS@3m_new": 0.10244737572525628, "HITS@10m_new": 0.18549785418803805}