{"MRRm_new": 0.19214400452434666, "MRm_new": 1993.7713723367156, "HITS@1m_new": 0.12631468730693451, "HITS@3m_new": 0.20279165174707306, "HITS@10m_new": 0.3211257374987472}