{"MRRm_new": 0.5662462219749995, "MRm_new": 154.03037531848997, "HITS@1m_new": 0.49141351262415994, "HITS@3m_new": 0.6012879215299471, "HITS@10m_new": 0.7053826918468694}