{"MRRm_new": 0.08914640193543892, "MRm_new": 664.6695929270983, "HITS@1m_new": 0.0476315085918759, "HITS@3m_new": 0.08971805314448429, "HITS@10m_new": 0.16384614559041802}