{"MRRm_new": 0.26850569401942265, "MRm_new": 621.4898878428041, "HITS@1m_new": 0.15906934626284056, "HITS@3m_new": 0.30947725056053604, "HITS@10m_new": 0.4930284781837836}