{"MRRm_new": 0.15578247391439362, "MRm_new": 280.67894148504735, "HITS@1m_new": 0.09140283152151388, "HITS@3m_new": 0.16436124319117515, "HITS@10m_new": 0.2832891372867627}