{"MRRm_new": 0.48031453948785474, "MRm_new": 191.7594330842197, "HITS@1m_new": 0.4109167440121528, "HITS@3m_new": 0.5126616623268055, "HITS@10m_new": 0.6046736849440786}