{"MRRm_new": 0.3303265423347075, "MRm_new": 1455.3520588425695, "HITS@1m_new": 0.25206829970341643, "HITS@3m_new": 0.3591852593624499, "HITS@10m_new": 0.4834988457709551}