{"MRRm_new": 0.3027606603018803, "MRm_new": 290.7316926791221, "HITS@1m_new": 0.2151191700295749, "HITS@3m_new": 0.3402761168664583, "HITS@10m_new": 0.4692047090033884}