{"MRRm_new": 0.3030776368580068, "MRm_new": 1938.8516353646517, "HITS@1m_new": 0.2288503271442605, "HITS@3m_new": 0.3244399573614355, "HITS@10m_new": 0.45416976932063696}