{"MRRm_new": 0.2214763824750975, "MRm_new": 269.7924733281374, "HITS@1m_new": 0.14072866575708612, "HITS@3m_new": 0.2343512393140234, "HITS@10m_new": 0.38500403051385657}