{"MRRm_new": 0.21267636618632532, "MRm_new": 317.7092570576191, "HITS@1m_new": 0.13280934486252954, "HITS@3m_new": 0.23017993268448628, "HITS@10m_new": 0.3736056336096604}