{"MRRm_new": 0.07584071068864141, "MRm_new": 744.4072118849277, "HITS@1m_new": 0.035668529237498296, "HITS@3m_new": 0.07567238309765234, "HITS@10m_new": 0.15286919178648387}