{"MRRm_new": 0.42556334549010444, "MRm_new": 302.6549851362482, "HITS@1m_new": 0.35233382122219703, "HITS@3m_new": 0.4543962724957164, "HITS@10m_new": 0.5629775656239216}