{"MRRm_new": 0.33783369788702294, "MRm_new": 333.45754099549356, "HITS@1m_new": 0.2501641770650458, "HITS@3m_new": 0.3687966729074105, "HITS@10m_new": 0.5143260183737876}