{"MRRm_new": 0.16497032643300044, "MRm_new": 203.08698073306084, "HITS@1m_new": 0.09458072507660836, "HITS@3m_new": 0.17879203066267074, "HITS@10m_new": 0.29985692158071325}