{"MRRm_new": 0.21994764144643414, "MRm_new": 295.85640629189015, "HITS@1m_new": 0.13632134950667388, "HITS@3m_new": 0.23947665607979288, "HITS@10m_new": 0.3858709747597575}