{"MRRm_new": 0.30385640584929613, "MRm_new": 2181.6465592725276, "HITS@1m_new": 0.2232567329130252, "HITS@3m_new": 0.33300970975460953, "HITS@10m_new": 0.46888212748715885}