{"MRRm_new": 0.2899113789878161, "MRm_new": 2271.7717387458683, "HITS@1m_new": 0.21193898996076313, "HITS@3m_new": 0.3221226536743343, "HITS@10m_new": 0.4436986761535518}