{"MRRm_new": 0.3216830127089161, "MRm_new": 214.59698552156985, "HITS@1m_new": 0.23658242774689278, "HITS@3m_new": 0.35473814990879327, "HITS@10m_new": 0.4854269807734818}