{"MRRm_new": 0.2371280105563028, "MRm_new": 2959.2607205979375, "HITS@1m_new": 0.17334926574170822, "HITS@3m_new": 0.26461605188994874, "HITS@10m_new": 0.3656477291683477}