{"MRRm_new": 0.21121403364575525, "MRm_new": 324.55711950843335, "HITS@1m_new": 0.13206958387227496, "HITS@3m_new": 0.2271670388866565, "HITS@10m_new": 0.36973693090613236}