{"MRRm_new": 0.13068155440342388, "MRm_new": 15320.668953914135, "HITS@1m_new": 0.08900923703506124, "HITS@3m_new": 0.14457515254884493, "HITS@10m_new": 0.21408304987224983}