{"MRRm_new": 0.24239620181974314, "MRm_new": 396.6905291888952, "HITS@1m_new": 0.16644503382320983, "HITS@3m_new": 0.2570285964136943, "HITS@10m_new": 0.39613676086617633}