{"MRRm_new": 0.206351274468655, "MRm_new": 2199.5927686719892, "HITS@1m_new": 0.14121180324591115, "HITS@3m_new": 0.21891687812877353, "HITS@10m_new": 0.33359765700335264}