{"MRRm_new": 0.2939479454600678, "MRm_new": 2326.616435364753, "HITS@1m_new": 0.21548595664580353, "HITS@3m_new": 0.31726262834912633, "HITS@10m_new": 0.45313921734737234}