{"MRRm_new": 0.5305052634638378, "MRm_new": 143.2801840415448, "HITS@1m_new": 0.4158331242073946, "HITS@3m_new": 0.5950877441829688, "HITS@10m_new": 0.7552620258869284}