{"MRRm_new": 0.49773922736592613, "MRm_new": 271.2549697684124, "HITS@1m_new": 0.4310273234924825, "HITS@3m_new": 0.5245506759130222, "HITS@10m_new": 0.6251487005123854}