{"MRRm_new": 0.6283262906315231, "MRm_new": 96.70575645134598, "HITS@1m_new": 0.5559509748113778, "HITS@3m_new": 0.6691021662499843, "HITS@10m_new": 0.759286737728311}