{"MRRm_new": 0.25393234819878563, "MRm_new": 249.22289751918316, "HITS@1m_new": 0.17536666618827731, "HITS@3m_new": 0.2750478744211607, "HITS@10m_new": 0.4087631780769676}