{"MRRm_new": 0.23887486429152796, "MRm_new": 1207.040660386771, "HITS@1m_new": 0.16628895468162955, "HITS@3m_new": 0.25706835350146867, "HITS@10m_new": 0.37639395609661}