{"MRRm_new": 0.39238343078037724, "MRm_new": 111.05615735600888, "HITS@1m_new": 0.28910063947056186, "HITS@3m_new": 0.44217831315798684, "HITS@10m_new": 0.5943235109093367}