{"MRRm_new": 0.338436817555179, "MRm_new": 330.474282187663, "HITS@1m_new": 0.25008869003764267, "HITS@3m_new": 0.3691963815348863, "HITS@10m_new": 0.5153429310356586}