{"MRRm_new": 0.41678562307819267, "MRm_new": 119.82592167820036, "HITS@1m_new": 0.31317994464295046, "HITS@3m_new": 0.46445619775247177, "HITS@10m_new": 0.6184020058958849}