{"MRRm_new": 0.14073462266518327, "MRm_new": 274.44501067624094, "HITS@1m_new": 0.07551201201815856, "HITS@3m_new": 0.15014092250494288, "HITS@10m_new": 0.26699511425858363}