{"MRRm_new": 0.3232271253553395, "MRm_new": 1688.1280299662947, "HITS@1m_new": 0.24108536720392293, "HITS@3m_new": 0.3555679119572742, "HITS@10m_new": 0.48623341469676234}