{"MRRm_new": 0.40554687681550333, "MRm_new": 250.78355808970332, "HITS@1m_new": 0.3139308413191684, "HITS@3m_new": 0.44420825476181924, "HITS@10m_new": 0.5876363948244397}