{"MRRm_new": 0.27695065428521776, "MRm_new": 486.7425454030186, "HITS@1m_new": 0.21778335301786864, "HITS@3m_new": 0.2944628521361992, "HITS@10m_new": 0.38745196748874877}