{"MRRm_new": 0.2312097197058305, "MRm_new": 419.211420826149, "HITS@1m_new": 0.15551859065705212, "HITS@3m_new": 0.2478934508100152, "HITS@10m_new": 0.3840214819926768}