{"MRRm_new": 0.3275882979335365, "MRm_new": 209.81250228613615, "HITS@1m_new": 0.24141652420265017, "HITS@3m_new": 0.3621703288535937, "HITS@10m_new": 0.49213821593835017}