{"MRRm_new": 0.3359050656550098, "MRm_new": 3087.0563119311555, "HITS@1m_new": 0.29657368896628034, "HITS@3m_new": 0.3529177658940316, "HITS@10m_new": 0.41151574444087236}