{"MRRm_new": 0.2508286696112118, "MRm_new": 276.9294389786482, "HITS@1m_new": 0.1734354663503822, "HITS@3m_new": 0.2718400239580311, "HITS@10m_new": 0.4082607121267356}