{"MRRm_new": 0.3010376256423197, "MRm_new": 2074.6437255916894, "HITS@1m_new": 0.2341877355496399, "HITS@3m_new": 0.3184460168132791, "HITS@10m_new": 0.4395306655865279}