{"MRRm_new": 0.21472889963683384, "MRm_new": 807.9373302033246, "HITS@1m_new": 0.14549405031529022, "HITS@3m_new": 0.22704466059597325, "HITS@10m_new": 0.3521080911444442}