{"MRRm_new": 0.1502043273148942, "MRm_new": 309.9748576580763, "HITS@1m_new": 0.08707211729155388, "HITS@3m_new": 0.1609774417330511, "HITS@10m_new": 0.27317149210904024}