{"MRRm_new": 0.25718795889281726, "MRm_new": 3281.4739676959516, "HITS@1m_new": 0.17944791989600345, "HITS@3m_new": 0.2793583004015236, "HITS@10m_new": 0.40977089134423295}