{"MRRm_new": 0.1104559455680137, "MRm_new": 3548.1813363893984, "HITS@1m_new": 0.06821034486922435, "HITS@3m_new": 0.11729856218583881, "HITS@10m_new": 0.19474675654368476}