{"MRRm_new": 0.1595834648281103, "MRm_new": 280.4043691164255, "HITS@1m_new": 0.09433099318896421, "HITS@3m_new": 0.1679167605084367, "HITS@10m_new": 0.29084852506100434}