{"MRRm_new": 0.23120686464651224, "MRm_new": 259.21577603394985, "HITS@1m_new": 0.1432726777448959, "HITS@3m_new": 0.24415843502187054, "HITS@10m_new": 0.42666206445298155}