{"MRRm_new": 0.2303330106285852, "MRm_new": 430.3143762662888, "HITS@1m_new": 0.15491844500863225, "HITS@3m_new": 0.2471037773630582, "HITS@10m_new": 0.38388487343378364}