{"MRRm_new": 0.15541671709752017, "MRm_new": 3546.9522799544334, "HITS@1m_new": 0.10164727647087421, "HITS@3m_new": 0.1678073538791068, "HITS@10m_new": 0.2567672963672667}