{"MRRm_new": 0.38925285732808973, "MRm_new": 347.52010438215734, "HITS@1m_new": 0.31972646456628717, "HITS@3m_new": 0.4139814133193286, "HITS@10m_new": 0.523575984147421}