{"MRRm_new": 0.11676177921783674, "MRm_new": 679.308499642396, "HITS@1m_new": 0.07046719799099956, "HITS@3m_new": 0.12015161405208055, "HITS@10m_new": 0.20425041095466587}