{"MRRm_new": 0.3569044345307166, "MRm_new": 410.10290824946014, "HITS@1m_new": 0.296308371655683, "HITS@3m_new": 0.376591612765289, "HITS@10m_new": 0.47243811413381265}