{"MRRm_new": 0.3595619767178914, "MRm_new": 185.34045152930915, "HITS@1m_new": 0.2673957924651622, "HITS@3m_new": 0.399182029734744, "HITS@10m_new": 0.5350800959163607}