{"MRRm_new": 0.26075954185173944, "MRm_new": 3227.5288610725997, "HITS@1m_new": 0.180357415036764, "HITS@3m_new": 0.28302178495193947, "HITS@10m_new": 0.4196707340442226}