{"MRRm_new": 0.08713669503585551, "MRm_new": 747.305229253149, "HITS@1m_new": 0.04615733902232023, "HITS@3m_new": 0.08852346608045045, "HITS@10m_new": 0.16598409620843596}