{"MRRm_new": 0.22161258091256167, "MRm_new": 280.4738747642517, "HITS@1m_new": 0.14169390164199286, "HITS@3m_new": 0.23409749073358252, "HITS@10m_new": 0.3804382616467774}