{"MRRm_new": 0.19295881143693114, "MRm_new": 504.12729494006635, "HITS@1m_new": 0.13191797516297082, "HITS@3m_new": 0.20126880242577755, "HITS@10m_new": 0.31778387594381347}