{"MRRm_new": 0.35822487249698587, "MRm_new": 401.1736011845842, "HITS@1m_new": 0.2888930120122823, "HITS@3m_new": 0.38710746120411205, "HITS@10m_new": 0.4863720131073351}