{"MRRm_new": 0.3786807157687472, "MRm_new": 345.51617513468864, "HITS@1m_new": 0.2931265075869196, "HITS@3m_new": 0.41355298137975843, "HITS@10m_new": 0.5424926991599205}