{"MRRm_new": 0.2367732976420739, "MRm_new": 3608.069966116652, "HITS@1m_new": 0.17574076680877623, "HITS@3m_new": 0.2635801676826959, "HITS@10m_new": 0.35757299990504543}