{"MRRm_new": 0.2788627181796055, "MRm_new": 2219.298938238859, "HITS@1m_new": 0.22995760252927722, "HITS@3m_new": 0.2977664756441409, "HITS@10m_new": 0.37326717719664154}