{"MRRm_new": 0.2766858023297118, "MRm_new": 2219.7259972103534, "HITS@1m_new": 0.20289903896360192, "HITS@3m_new": 0.30063381005218254, "HITS@10m_new": 0.42067645172888296}