{"MRRm_new": 0.26671455338883426, "MRm_new": 336.15019592639806, "HITS@1m_new": 0.18098943385756866, "HITS@3m_new": 0.3026214179641538, "HITS@10m_new": 0.42950537317956333}