{"MRRm_new": 0.16610758272724344, "MRm_new": 693.5260806967243, "HITS@1m_new": 0.10275452701895847, "HITS@3m_new": 0.18037147891923813, "HITS@10m_new": 0.2947677535882649}