{"MRRm_new": 0.36450407615485436, "MRm_new": 352.02412801043687, "HITS@1m_new": 0.29177722969844033, "HITS@3m_new": 0.3886414353333239, "HITS@10m_new": 0.5050012781020632}