{"MRRm_new": 0.31232906885262857, "MRm_new": 1693.6819355714322, "HITS@1m_new": 0.227880225347355, "HITS@3m_new": 0.34475434593099635, "HITS@10m_new": 0.4803037249448244}