{"MRRm_new": 0.14229127157770244, "MRm_new": 3422.8161845206914, "HITS@1m_new": 0.09523829670539999, "HITS@3m_new": 0.1428415026251605, "HITS@10m_new": 0.23571732950164004}