{"MRRm_new": 0.14887120922998337, "MRm_new": 4143.575748066604, "HITS@1m_new": 0.09688566307118163, "HITS@3m_new": 0.15755715342756593, "HITS@10m_new": 0.25008538299429345}