{"MRRm_new": 0.4453846185797638, "MRm_new": 261.00140657410026, "HITS@1m_new": 0.3752831074560636, "HITS@3m_new": 0.48026871144445615, "HITS@10m_new": 0.5689335888574715}