{"MRRm_new": 0.48949969781369873, "MRm_new": 218.33948337092997, "HITS@1m_new": 0.38329321142140543, "HITS@3m_new": 0.545635445473632, "HITS@10m_new": 0.7018744372654}