{"MRRm_new": 0.11736790795859416, "MRm_new": 634.2086636470079, "HITS@1m_new": 0.0707639144796296, "HITS@3m_new": 0.11938517797581735, "HITS@10m_new": 0.20806290938667954}