{"MRRm_new": 0.3329660512209566, "MRm_new": 207.9490805902034, "HITS@1m_new": 0.2460942069256853, "HITS@3m_new": 0.3676937800667947, "HITS@10m_new": 0.49919024871454165}