{"MRRm_new": 0.15490176127152663, "MRm_new": 273.09227762167455, "HITS@1m_new": 0.08783009649729356, "HITS@3m_new": 0.16325990781653674, "HITS@10m_new": 0.2962664726903662}