{"MRRm_new": 0.20017067426845006, "MRm_new": 2379.906977243304, "HITS@1m_new": 0.13561584961712653, "HITS@3m_new": 0.22739071588254592, "HITS@10m_new": 0.3281970802274736}