{"MRRm_new": 0.42674039187154084, "MRm_new": 263.9062747193873, "HITS@1m_new": 0.3341860684859275, "HITS@3m_new": 0.4688607474513774, "HITS@10m_new": 0.6051498813802536}