{"MRRm_new": 0.43025910968535575, "MRm_new": 245.84302641627937, "HITS@1m_new": 0.34294740784984606, "HITS@3m_new": 0.4668189043318089, "HITS@10m_new": 0.5994940087209834}