{"MRRm_new": 0.18531062644667237, "MRm_new": 685.0190560329183, "HITS@1m_new": 0.12130407637919416, "HITS@3m_new": 0.20062266936239392, "HITS@10m_new": 0.3134432873720034}