{"MRRm_new": 0.2773980595373764, "MRm_new": 2390.741260595739, "HITS@1m_new": 0.20800761413063446, "HITS@3m_new": 0.2973714864539943, "HITS@10m_new": 0.41071311680602957}