{"MRRm_new": 0.29413330668834853, "MRm_new": 726.7475505887568, "HITS@1m_new": 0.19326799753447996, "HITS@3m_new": 0.329509016092401, "HITS@10m_new": 0.4961974236667156}