{"MRRm_new": 0.3045238494192931, "MRm_new": 2166.229512667358, "HITS@1m_new": 0.2252222481055651, "HITS@3m_new": 0.33000290144362954, "HITS@10m_new": 0.46610527486016506}