{"MRRm_new": 0.25073216916922103, "MRm_new": 279.35997841441633, "HITS@1m_new": 0.17342403777218424, "HITS@3m_new": 0.27167604127014056, "HITS@10m_new": 0.40812539902525025}