{"MRRm_new": 0.23032124967473647, "MRm_new": 1168.1752013023197, "HITS@1m_new": 0.15984497690963326, "HITS@3m_new": 0.24523630741768285, "HITS@10m_new": 0.36621042119449704}