{"MRRm_new": 0.13475050325620305, "MRm_new": 15090.035193941265, "HITS@1m_new": 0.08935752654983663, "HITS@3m_new": 0.14892095186188817, "HITS@10m_new": 0.2258286819292698}