{"MRRm_new": 0.2923359906639953, "MRm_new": 285.1209969483018, "HITS@1m_new": 0.21016990145215095, "HITS@3m_new": 0.3235484986734518, "HITS@10m_new": 0.4488104274554935}