{"MRRm_new": 0.5671766469036047, "MRm_new": 171.4174099180475, "HITS@1m_new": 0.49624729103595383, "HITS@3m_new": 0.6034881096503814, "HITS@10m_new": 0.6987931529737252}