{"MRRm_new": 0.4404783244473383, "MRm_new": 88.5291674542874, "HITS@1m_new": 0.3327350074772112, "HITS@3m_new": 0.490681943339674, "HITS@10m_new": 0.6515780745638767}