{"MRRm_new": 0.41098440874072273, "MRm_new": 296.53278237964213, "HITS@1m_new": 0.3433780146975296, "HITS@3m_new": 0.4421475804947404, "HITS@10m_new": 0.5311743487901549}