{"MRRm_new": 0.6612921055022852, "MRm_new": 226.61166540905833, "HITS@1m_new": 0.6026087414548201, "HITS@3m_new": 0.6917532137061208, "HITS@10m_new": 0.7700318656887175}