{"MRRm_new": 0.09935916001679725, "MRm_new": 638.9151689237833, "HITS@1m_new": 0.05727865681013791, "HITS@3m_new": 0.09938180312317563, "HITS@10m_new": 0.18293024988166873}