{"MRRm_new": 0.1025817380100707, "MRm_new": 3589.3384568163156, "HITS@1m_new": 0.05867641486609355, "HITS@3m_new": 0.10805049595534802, "HITS@10m_new": 0.19532134604160675}