{"MRRm_new": 0.33468849891329594, "MRm_new": 275.58071748295424, "HITS@1m_new": 0.2262967147944728, "HITS@3m_new": 0.37317318469763266, "HITS@10m_new": 0.5592772600036114}