{"MRRm_new": 0.2132597099060047, "MRm_new": 303.453596546936, "HITS@1m_new": 0.13335810859253397, "HITS@3m_new": 0.23031845454353606, "HITS@10m_new": 0.37511909331503557}