{"MRRm_new": 0.23193409361256198, "MRm_new": 231.60203048555852, "HITS@1m_new": 0.1427130528044596, "HITS@3m_new": 0.24555412022924866, "HITS@10m_new": 0.4305080480182078}