{"MRRm_new": 0.323124385585048, "MRm_new": 489.1188914301097, "HITS@1m_new": 0.21749457601038738, "HITS@3m_new": 0.3654069605018012, "HITS@10m_new": 0.5315112979188561}