{"MRRm_new": 0.11297437291205133, "MRm_new": 618.8583802767039, "HITS@1m_new": 0.0688540450389497, "HITS@3m_new": 0.11647702636751346, "HITS@10m_new": 0.19463265501949936}