{"MRRm_new": 0.13352051272174184, "MRm_new": 15325.58326981157, "HITS@1m_new": 0.0918088798248209, "HITS@3m_new": 0.1482761799840955, "HITS@10m_new": 0.2175864789102343}