{"MRRm_new": 0.408303284965762, "MRm_new": 298.3850377368182, "HITS@1m_new": 0.34061253976852096, "HITS@3m_new": 0.4396693823402602, "HITS@10m_new": 0.5283605899819668}