{"MRRm_new": 0.29640154360622456, "MRm_new": 375.3737644055411, "HITS@1m_new": 0.21088708355684865, "HITS@3m_new": 0.32448832456841775, "HITS@10m_new": 0.4681749981870889}