{"MRRm_new": 0.1862529636774154, "MRm_new": 342.5676549453497, "HITS@1m_new": 0.12122891301971976, "HITS@3m_new": 0.19487583948042012, "HITS@10m_new": 0.3187150370247662}