{"MRRm_new": 0.15322776736233845, "MRm_new": 4293.107244061262, "HITS@1m_new": 0.10489348052414425, "HITS@3m_new": 0.1602971144778712, "HITS@10m_new": 0.24718928808644705}