{"MRRm_new": 0.3262613993633704, "MRm_new": 1564.6992286120058, "HITS@1m_new": 0.2465782296268735, "HITS@3m_new": 0.35658597689378074, "HITS@10m_new": 0.48215492484369316}