{"MRRm_new": 0.27903384578283474, "MRm_new": 542.6298220863938, "HITS@1m_new": 0.2189191764858042, "HITS@3m_new": 0.2963772228075068, "HITS@10m_new": 0.39339190499143295}