{"MRRm_new": 0.32368187437591817, "MRm_new": 1646.391490864396, "HITS@1m_new": 0.24392864200868644, "HITS@3m_new": 0.35410622418741694, "HITS@10m_new": 0.4802287496442441}