{"MRRm_new": 0.0799025892837497, "MRm_new": 661.8125708518744, "HITS@1m_new": 0.03920468877875246, "HITS@3m_new": 0.07829236818744102, "HITS@10m_new": 0.16040149688329547}