{"MRRm_new": 0.27760344617761623, "MRm_new": 560.2197684906423, "HITS@1m_new": 0.21770745669240568, "HITS@3m_new": 0.29553423533808015, "HITS@10m_new": 0.39122937403126706}