{"MRRm_new": 0.11866922719882422, "MRm_new": 3912.4538167126893, "HITS@1m_new": 0.07600755807510577, "HITS@3m_new": 0.12642081469753758, "HITS@10m_new": 0.20563698256942445}