{"MRRm_new": 0.31643981589738357, "MRm_new": 273.60299299155173, "HITS@1m_new": 0.2253498729928833, "HITS@3m_new": 0.3559500111077941, "HITS@10m_new": 0.49129518130858196}