{"MRRm_new": 0.29466807552791396, "MRm_new": 559.6004943988323, "HITS@1m_new": 0.22876069624429873, "HITS@3m_new": 0.3155648934006931, "HITS@10m_new": 0.4224611041206008}