{"MRRm_new": 0.5032553005171175, "MRm_new": 205.7991062360704, "HITS@1m_new": 0.39764397030635157, "HITS@3m_new": 0.5599001050027255, "HITS@10m_new": 0.710014841806842}