{"MRRm_new": 0.23232167411551782, "MRm_new": 241.07072417378424, "HITS@1m_new": 0.14857273010640637, "HITS@3m_new": 0.24430455990848132, "HITS@10m_new": 0.40089250802760945}