{"MRRm_new": 0.4114540069101622, "MRm_new": 275.4618025423065, "HITS@1m_new": 0.32254604970876244, "HITS@3m_new": 0.4500226280905481, "HITS@10m_new": 0.5836074672498144}