{"MRRm_new": 0.44410485349428197, "MRm_new": 66.70132300344109, "HITS@1m_new": 0.3303246073350892, "HITS@3m_new": 0.5064218722930527, "HITS@10m_new": 0.6573416210621362}