{"MRRm_new": 0.29316671650847637, "MRm_new": 1791.7953784546853, "HITS@1m_new": 0.21489701643853915, "HITS@3m_new": 0.3178383028245298, "HITS@10m_new": 0.4492244706612546}