{"MRRm_new": 0.2943054779053009, "MRm_new": 2216.732292968482, "HITS@1m_new": 0.21758436610980425, "HITS@3m_new": 0.3187063149613095, "HITS@10m_new": 0.45213409410975874}