{"MRRm_new": 0.10258733174262452, "MRm_new": 601.152711977744, "HITS@1m_new": 0.058905803727789315, "HITS@3m_new": 0.10207256654682569, "HITS@10m_new": 0.18577199077918194}