{"MRRm_new": 0.3223940119990866, "MRm_new": 1632.6902767602503, "HITS@1m_new": 0.2411116329653305, "HITS@3m_new": 0.3519132161808666, "HITS@10m_new": 0.4818663300035987}