{"MRRm_new": 0.6697892236831267, "MRm_new": 196.4593695200011, "HITS@1m_new": 0.6141873961038801, "HITS@3m_new": 0.699662525918393, "HITS@10m_new": 0.7756086614555024}