{"MRRm_new": 0.23305510010335564, "MRm_new": 266.73082167067525, "HITS@1m_new": 0.15059312071264722, "HITS@3m_new": 0.24862608297066763, "HITS@10m_new": 0.3928689287763555}