{"MRRm_new": 0.1778121038992802, "MRm_new": 324.3133009264469, "HITS@1m_new": 0.10644348959127092, "HITS@3m_new": 0.19328601693963865, "HITS@10m_new": 0.31527067081048155}