{"MRRm_new": 0.2311194183056985, "MRm_new": 296.4485897317171, "HITS@1m_new": 0.1499184444973711, "HITS@3m_new": 0.24794850432882085, "HITS@10m_new": 0.3874917750143912}