{"MRRm_new": 0.433606191203251, "MRm_new": 207.64117967918514, "HITS@1m_new": 0.32177848309975887, "HITS@3m_new": 0.4840198188202339, "HITS@10m_new": 0.6650670166235941}