{"MRRm_new": 0.3928040635801044, "MRm_new": 275.65106841291487, "HITS@1m_new": 0.3040913755926522, "HITS@3m_new": 0.42939475145282996, "HITS@10m_new": 0.5691076661028819}