{"MRRm_new": 0.7252338363421023, "MRm_new": 131.13963866373896, "HITS@1m_new": 0.6689373270167125, "HITS@3m_new": 0.7565897718402339, "HITS@10m_new": 0.8301865316103213}