{"MRRm_new": 0.17062723880438624, "MRm_new": 570.5207860796825, "HITS@1m_new": 0.10135756756360934, "HITS@3m_new": 0.18595679690799444, "HITS@10m_new": 0.3096719480354295}