{"MRRm_new": 0.2201726262209786, "MRm_new": 3759.763436126426, "HITS@1m_new": 0.1621479979850992, "HITS@3m_new": 0.2449005706749522, "HITS@10m_new": 0.33590491381070026}