{"MRRm_new": 0.6192779241484176, "MRm_new": 179.13094921685754, "HITS@1m_new": 0.5446103968485695, "HITS@3m_new": 0.6586440088499803, "HITS@10m_new": 0.7641227653498063}