{"MRRm_new": 0.27526450339671465, "MRm_new": 2252.8403319733293, "HITS@1m_new": 0.22632445230000303, "HITS@3m_new": 0.2942887956610684, "HITS@10m_new": 0.36870730535226176}