{"MRRm_new": 0.10428546138076926, "MRm_new": 807.054335678792, "HITS@1m_new": 0.0620553034397657, "HITS@3m_new": 0.1062357943292358, "HITS@10m_new": 0.18597963505549706}