{"MRRm_new": 0.4652592553995969, "MRm_new": 1165.4824986719786, "HITS@1m_new": 0.3541663974588737, "HITS@3m_new": 0.5238846902926453, "HITS@10m_new": 0.6860641300259158}