{"MRRm_new": 0.7308452473623229, "MRm_new": 130.80962840671836, "HITS@1m_new": 0.6696074610259529, "HITS@3m_new": 0.766979357058368, "HITS@10m_new": 0.844198085770855}