{"MRRm_new": 0.5097561149020212, "MRm_new": 183.2184905488491, "HITS@1m_new": 0.3992822969076842, "HITS@3m_new": 0.5683217990129451, "HITS@10m_new": 0.7306764798064832}