{"MRRm_new": 0.13177497356116827, "MRm_new": 4498.348675203145, "HITS@1m_new": 0.08447588787817222, "HITS@3m_new": 0.1358296048281918, "HITS@10m_new": 0.22182322749098238}