{"MRRm_new": 0.23244595897825202, "MRm_new": 234.95679905748366, "HITS@1m_new": 0.14795819416149752, "HITS@3m_new": 0.24510931685813703, "HITS@10m_new": 0.39892480637887495}