{"MRRm_new": 0.19960785940860368, "MRm_new": 291.5084798760414, "HITS@1m_new": 0.13182021472924388, "HITS@3m_new": 0.20220087666329928, "HITS@10m_new": 0.33343984610106564}