{"MRRm_new": 0.6934229415744203, "MRm_new": 168.09080549147725, "HITS@1m_new": 0.6410732557656774, "HITS@3m_new": 0.7216361586156927, "HITS@10m_new": 0.7886175453309333}