{"MRRm_new": 0.2975028696654367, "MRm_new": 713.0314255990088, "HITS@1m_new": 0.19431916232872753, "HITS@3m_new": 0.33989827296976, "HITS@10m_new": 0.5029479262707754}