{"MRRm_new": 0.23151238545845262, "MRm_new": 252.2597953588009, "HITS@1m_new": 0.15414978674291632, "HITS@3m_new": 0.24638742935615593, "HITS@10m_new": 0.38525163205051793}