{"MRRm_new": 0.08605626845164951, "MRm_new": 637.755873176837, "HITS@1m_new": 0.044680467771476835, "HITS@3m_new": 0.08478850397510687, "HITS@10m_new": 0.1659207142362371}