{"MRRm_new": 0.3927497856222053, "MRm_new": 345.66345747356115, "HITS@1m_new": 0.32300825320599685, "HITS@3m_new": 0.4176822332939191, "HITS@10m_new": 0.527459869107588}