{"MRRm_new": 0.4259478033484893, "MRm_new": 240.9484432803318, "HITS@1m_new": 0.35770077529265837, "HITS@3m_new": 0.45704166562667525, "HITS@10m_new": 0.5501057310738106}