{"MRRm_new": 0.2327584443964006, "MRm_new": 242.95536017644406, "HITS@1m_new": 0.15474872642527335, "HITS@3m_new": 0.24848661558623425, "HITS@10m_new": 0.3868250162895769}