{"MRRm_new": 0.24024736544057088, "MRm_new": 208.63990703678132, "HITS@1m_new": 0.1539269770685816, "HITS@3m_new": 0.25761393616367134, "HITS@10m_new": 0.4186400450875983}