{"MRRm_new": 0.203227504391798, "MRm_new": 387.1144612290382, "HITS@1m_new": 0.1343264513399452, "HITS@3m_new": 0.219929435165436, "HITS@10m_new": 0.33499508602726275}