{"MRRm_new": 0.6873993320412938, "MRm_new": 172.08594926625491, "HITS@1m_new": 0.6356138420754178, "HITS@3m_new": 0.7142263544792004, "HITS@10m_new": 0.7819224384519985}