{"MRRm_new": 0.2017420116028702, "MRm_new": 2463.5301106770635, "HITS@1m_new": 0.13755215255476652, "HITS@3m_new": 0.21640505611151456, "HITS@10m_new": 0.32560062702250436}