{"MRRm_new": 0.3593198173294777, "MRm_new": 398.6929047538713, "HITS@1m_new": 0.2897720701430662, "HITS@3m_new": 0.3887916883224389, "HITS@10m_new": 0.4871470782926044}