{"MRRm_new": 0.30634210229779135, "MRm_new": 1946.0029979747533, "HITS@1m_new": 0.2256928258531261, "HITS@3m_new": 0.3322696323260898, "HITS@10m_new": 0.47113587433716747}