{"MRRm_new": 0.294261490343089, "MRm_new": 726.7471960574686, "HITS@1m_new": 0.19351799753447996, "HITS@3m_new": 0.329509016092401, "HITS@10m_new": 0.4961974236667156}