{"MRRm_new": 0.2637557374468256, "MRm_new": 638.2598910995722, "HITS@1m_new": 0.1546134827415226, "HITS@3m_new": 0.3020651982576819, "HITS@10m_new": 0.4841770351722371}