{"MRRm_new": 0.0997962135372989, "MRm_new": 3608.283456608963, "HITS@1m_new": 0.05795611752392724, "HITS@3m_new": 0.10544721020101569, "HITS@10m_new": 0.1897332735727541}