{"MRRm_new": 0.1984779873369507, "MRm_new": 470.58231849170477, "HITS@1m_new": 0.13007808539498364, "HITS@3m_new": 0.21324449129262577, "HITS@10m_new": 0.3349990991498635}