{"MRRm_new": 0.10632633396928431, "MRm_new": 447.3945818968296, "HITS@1m_new": 0.05343852269500494, "HITS@3m_new": 0.10979888799348846, "HITS@10m_new": 0.2087578388858121}