{"MRRm_new": 0.3269678497144423, "MRm_new": 3176.9592913231477, "HITS@1m_new": 0.28771316515583023, "HITS@3m_new": 0.34417329304701705, "HITS@10m_new": 0.4027065971217853}