{"MRRm_new": 0.2208636766737982, "MRm_new": 278.9566860191822, "HITS@1m_new": 0.1400935901160352, "HITS@3m_new": 0.23373096197200938, "HITS@10m_new": 0.3833675238710828}