{"MRRm_new": 0.49220304980187485, "MRm_new": 154.21870381452143, "HITS@1m_new": 0.3839763777897933, "HITS@3m_new": 0.5463786640067411, "HITS@10m_new": 0.7108367767915479}