{"MRRm_new": 0.17175072543062014, "MRm_new": 573.2908006004766, "HITS@1m_new": 0.10582861983698967, "HITS@3m_new": 0.1862669453433773, "HITS@10m_new": 0.30490929015602525}