{"MRRm_new": 0.10668636818340892, "MRm_new": 736.4893230402708, "HITS@1m_new": 0.0643229084168328, "HITS@3m_new": 0.1094968361132429, "HITS@10m_new": 0.18862301156922476}