{"MRRm_new": 0.7133703671234016, "MRm_new": 124.14025691077113, "HITS@1m_new": 0.6554465601943229, "HITS@3m_new": 0.7456810259952327, "HITS@10m_new": 0.8220501121547131}