{"MRRm_new": 0.4661969701484604, "MRm_new": 202.63852526441215, "HITS@1m_new": 0.39882562347291967, "HITS@3m_new": 0.4971607395906467, "HITS@10m_new": 0.5910923990655574}