{"MRRm_new": 0.0802771352502794, "MRm_new": 661.497637041831, "HITS@1m_new": 0.039460953650064766, "HITS@3m_new": 0.0786674414234818, "HITS@10m_new": 0.16114370199041442}