{"MRRm_new": 0.2981279849656221, "MRm_new": 2423.042391084939, "HITS@1m_new": 0.2197405799499247, "HITS@3m_new": 0.3225250452706823, "HITS@10m_new": 0.46071312731702346}