{"MRRm_new": 0.21804266817775078, "MRm_new": 1606.3681988562644, "HITS@1m_new": 0.14910136938496726, "HITS@3m_new": 0.23577688140029204, "HITS@10m_new": 0.3514916744197835}