{"MRRm_new": 0.2837457079883952, "MRm_new": 334.42074245619773, "HITS@1m_new": 0.20033486214453297, "HITS@3m_new": 0.317301365385807, "HITS@10m_new": 0.4428726120032952}