{"MRRm_new": 0.23321165810159145, "MRm_new": 243.20369911489487, "HITS@1m_new": 0.15432489125612192, "HITS@3m_new": 0.24927055999836883, "HITS@10m_new": 0.3895572522895411}