{"MRRm_new": 0.7003619291706372, "MRm_new": 160.3633011532426, "HITS@1m_new": 0.6490842724251997, "HITS@3m_new": 0.728341130574343, "HITS@10m_new": 0.7950644116188923}