{"MRRm_new": 0.1980630967880079, "MRm_new": 498.94318410205096, "HITS@1m_new": 0.12742176959120116, "HITS@3m_new": 0.21565966631926858, "HITS@10m_new": 0.3391617326190135}