{"MRRm_new": 0.24455227142954392, "MRm_new": 371.2299745569944, "HITS@1m_new": 0.16642407057270175, "HITS@3m_new": 0.26522351205768063, "HITS@10m_new": 0.3989687694224529}