{"MRRm_new": 0.13923002530564646, "MRm_new": 3883.155618912369, "HITS@1m_new": 0.09083383525497629, "HITS@3m_new": 0.14684722068351402, "HITS@10m_new": 0.2327196487436013}