{"MRRm_new": 0.6628022271425198, "MRm_new": 200.4696428856626, "HITS@1m_new": 0.6070843685373111, "HITS@3m_new": 0.6920911142370023, "HITS@10m_new": 0.7697056614532702}