{"MRRm_new": 0.41989207118613286, "MRm_new": 311.87066645547003, "HITS@1m_new": 0.3479954562038001, "HITS@3m_new": 0.4469364022409718, "HITS@10m_new": 0.555228231587811}