{"MRRm_new": 0.14133716330930837, "MRm_new": 16064.241122653753, "HITS@1m_new": 0.09372940137307159, "HITS@3m_new": 0.15742668509855867, "HITS@10m_new": 0.23481702980957925}