{"MRRm_new": 0.21910659297433405, "MRm_new": 1563.394533400625, "HITS@1m_new": 0.1531870997941005, "HITS@3m_new": 0.23300232265261, "HITS@10m_new": 0.343613481989014}