{"MRRm_new": 0.20020281944092713, "MRm_new": 273.0949735553026, "HITS@1m_new": 0.1186253328170511, "HITS@3m_new": 0.21997094906388084, "HITS@10m_new": 0.3629159991223831}