{"MRRm_new": 0.2243671567596466, "MRm_new": 250.77626473124027, "HITS@1m_new": 0.1419555331315496, "HITS@3m_new": 0.23934741635629908, "HITS@10m_new": 0.3879039244942833}