{"MRRm_new": 0.11051189749116892, "MRm_new": 3538.821765566254, "HITS@1m_new": 0.0683305922928732, "HITS@3m_new": 0.11668773885406554, "HITS@10m_new": 0.19559584514768794}