{"MRRm_new": 0.17938896336832477, "MRm_new": 492.583873110868, "HITS@1m_new": 0.11265384920960059, "HITS@3m_new": 0.19213769449070606, "HITS@10m_new": 0.31572981594176963}