{"MRRm_new": 0.25508204862034156, "MRm_new": 3590.553328316331, "HITS@1m_new": 0.19087941465694166, "HITS@3m_new": 0.2800098437441775, "HITS@10m_new": 0.37408070275725913}