{"MRRm_new": 0.5094157755744037, "MRm_new": 258.19936658779534, "HITS@1m_new": 0.4416502834877174, "HITS@3m_new": 0.5375292777606373, "HITS@10m_new": 0.637629808093865}