{"MRRm_new": 0.27310529263680744, "MRm_new": 596.9797019046844, "HITS@1m_new": 0.21403868885986593, "HITS@3m_new": 0.29007418133521423, "HITS@10m_new": 0.38601683042442164}