{"MRRm_new": 0.2216467335690744, "MRm_new": 353.5817637108564, "HITS@1m_new": 0.14346466050036252, "HITS@3m_new": 0.24281477100362536, "HITS@10m_new": 0.37671952346531906}