{"MRRm_new": 0.14672455406407972, "MRm_new": 644.563995126851, "HITS@1m_new": 0.08628800874310036, "HITS@3m_new": 0.15619283168687254, "HITS@10m_new": 0.2693478108563722}