{"MRRm_new": 0.49620718068235325, "MRm_new": 213.2157097362429, "HITS@1m_new": 0.38845964776555775, "HITS@3m_new": 0.5534789211039642, "HITS@10m_new": 0.7114378075504901}