{"MRRm_new": 0.47421053000322444, "MRm_new": 202.5793189340532, "HITS@1m_new": 0.4107007124469383, "HITS@3m_new": 0.5020781461415463, "HITS@10m_new": 0.5928644999940298}