{"MRRm_new": 0.24519275630689516, "MRm_new": 363.9633403312683, "HITS@1m_new": 0.16684489401433383, "HITS@3m_new": 0.26653114333590494, "HITS@10m_new": 0.40069562533395364}