{"MRRm_new": 0.6960571593945751, "MRm_new": 165.24166021214427, "HITS@1m_new": 0.6429862577714557, "HITS@3m_new": 0.7246808319184275, "HITS@10m_new": 0.7923817875403693}