{"MRRm_new": 0.09437349669604737, "MRm_new": 632.2803894054413, "HITS@1m_new": 0.05191981461993419, "HITS@3m_new": 0.09503209506666171, "HITS@10m_new": 0.17474058521175756}