{"MRRm_new": 0.3045687009917365, "MRm_new": 228.347933514148, "HITS@1m_new": 0.22200548627255193, "HITS@3m_new": 0.3346877316949394, "HITS@10m_new": 0.46228017935642857}