{"MRRm_new": 0.436092935388685, "MRm_new": 228.49046669133008, "HITS@1m_new": 0.36776670080053736, "HITS@3m_new": 0.4651617177367152, "HITS@10m_new": 0.5587805379234778}