{"MRRm_new": 0.45263920017790676, "MRm_new": 214.0246297192499, "HITS@1m_new": 0.38472531863028414, "HITS@3m_new": 0.4836737421474827, "HITS@10m_new": 0.5760137031667837}