{"MRRm_new": 0.39756390428736815, "MRm_new": 359.53831381376085, "HITS@1m_new": 0.32965116431267233, "HITS@3m_new": 0.42651615174456675, "HITS@10m_new": 0.5225943601488688}