{"MRRm_new": 0.07605000217681372, "MRm_new": 754.347896630168, "HITS@1m_new": 0.035767151606053815, "HITS@3m_new": 0.0756910756575875, "HITS@10m_new": 0.15375964750938584}