{"MRRm_new": 0.15948255827849497, "MRm_new": 309.0286607191563, "HITS@1m_new": 0.09427458204932627, "HITS@3m_new": 0.1719935710429214, "HITS@10m_new": 0.2876827551768627}