{"MRRm_new": 0.12338659584056877, "MRm_new": 453.48194751770495, "HITS@1m_new": 0.06684227308522676, "HITS@3m_new": 0.1322509142739931, "HITS@10m_new": 0.2319216163900215}