{"MRRm_new": 0.7103511621416428, "MRm_new": 154.3550148641467, "HITS@1m_new": 0.6497467735531536, "HITS@3m_new": 0.7449649616112111, "HITS@10m_new": 0.823645026034239}