{"MRRm_new": 0.22605526784640187, "MRm_new": 1127.0407693193854, "HITS@1m_new": 0.15386596426949836, "HITS@3m_new": 0.2402136122941738, "HITS@10m_new": 0.3695214974433766}