{"MRRm_new": 0.3053942438850695, "MRm_new": 2647.8340206767916, "HITS@1m_new": 0.23355906678334576, "HITS@3m_new": 0.3304946871502616, "HITS@10m_new": 0.4447453568089404}