{"MRRm_new": 0.6719971575227146, "MRm_new": 196.6828420505896, "HITS@1m_new": 0.6162256947757123, "HITS@3m_new": 0.7019258943999303, "HITS@10m_new": 0.7780217536137716}