{"MRRm_new": 0.19584644693177689, "MRm_new": 195.87265312132834, "HITS@1m_new": 0.09306998961237259, "HITS@3m_new": 0.221407466264721, "HITS@10m_new": 0.41453541741343214}