{"MRRm_new": 0.23173286171653598, "MRm_new": 239.56365647978782, "HITS@1m_new": 0.14776341793193715, "HITS@3m_new": 0.24379707048726268, "HITS@10m_new": 0.39937425242802127}