{"MRRm_new": 0.2317450195973157, "MRm_new": 239.62063178658485, "HITS@1m_new": 0.14737030084236757, "HITS@3m_new": 0.24468558753286487, "HITS@10m_new": 0.3998513572080992}