{"MRRm_new": 0.4309863521990892, "MRm_new": 248.63749455145745, "HITS@1m_new": 0.34089796763290725, "HITS@3m_new": 0.4717759950097643, "HITS@10m_new": 0.6044527310102421}