{"MRRm_new": 0.688877429502104, "MRm_new": 205.54878647820652, "HITS@1m_new": 0.6291778002816245, "HITS@3m_new": 0.7212660366091149, "HITS@10m_new": 0.7991679603252342}