{"MRRm_new": 0.08620882432237995, "MRm_new": 628.4475748279094, "HITS@1m_new": 0.04581297265752219, "HITS@3m_new": 0.08515484994767467, "HITS@10m_new": 0.16371880560219287}