{"MRRm_new": 0.3805978455488221, "MRm_new": 349.17009497591107, "HITS@1m_new": 0.30715622024213374, "HITS@3m_new": 0.41357264658265924, "HITS@10m_new": 0.5181571074744715}