{"MRRm_new": 0.3196966264288358, "MRm_new": 366.704377074942, "HITS@1m_new": 0.23438532618805402, "HITS@3m_new": 0.35156608419617985, "HITS@10m_new": 0.4892218621174252}