{"MRRm_new": 0.3232418522609664, "MRm_new": 1643.0073812788726, "HITS@1m_new": 0.24103716799174435, "HITS@3m_new": 0.35564512624021155, "HITS@10m_new": 0.4874918680361006}