{"MRRm_new": 0.39824409011515943, "MRm_new": 161.20834752188622, "HITS@1m_new": 0.2962689174757834, "HITS@3m_new": 0.44333722441422285, "HITS@10m_new": 0.5965807683132298}