{"MRRm_new": 0.10430471990501829, "MRm_new": 560.6927590369224, "HITS@1m_new": 0.060467021932662464, "HITS@3m_new": 0.10533292258293368, "HITS@10m_new": 0.1852893433148274}