{"MRRm_new": 0.1209592970212485, "MRm_new": 3704.686729016638, "HITS@1m_new": 0.07691853490890935, "HITS@3m_new": 0.12699812109703199, "HITS@10m_new": 0.21051630923603662}