{"MRRm_new": 0.26073186716420166, "MRm_new": 343.3653636316538, "HITS@1m_new": 0.18079227147670462, "HITS@3m_new": 0.28126424481258727, "HITS@10m_new": 0.4211055211429484}