{"MRRm_new": 0.24406976161544025, "MRm_new": 1133.1150038574635, "HITS@1m_new": 0.17009797129710205, "HITS@3m_new": 0.2621441493841121, "HITS@10m_new": 0.38626668612170034}