{"MRRm_new": 0.3485836112187626, "MRm_new": 192.73540534897148, "HITS@1m_new": 0.258576745280443, "HITS@3m_new": 0.38553741929124224, "HITS@10m_new": 0.5202963141294458}