{"MRRm_new": 0.2546432457530813, "MRm_new": 98.40947962391377, "HITS@1m_new": 0.1613921621182002, "HITS@3m_new": 0.27852683062255384, "HITS@10m_new": 0.4485766557784751}