{"MRRm_new": 0.2576653431024747, "MRm_new": 3160.4004551162125, "HITS@1m_new": 0.17956509391056896, "HITS@3m_new": 0.27997346858998934, "HITS@10m_new": 0.4120428173542023}