{"MRRm_new": 0.25172398439654353, "MRm_new": 389.3833308135867, "HITS@1m_new": 0.17436344572166854, "HITS@3m_new": 0.2813547478964465, "HITS@10m_new": 0.39784708790283185}