{"MRRm_new": 0.3297758644445821, "MRm_new": 209.38300228519736, "HITS@1m_new": 0.2430002119295241, "HITS@3m_new": 0.3648423982251552, "HITS@10m_new": 0.4953222447083099}