{"MRRm_new": 0.4854790868080154, "MRm_new": 224.72476135358215, "HITS@1m_new": 0.37983746125857576, "HITS@3m_new": 0.5414740944306577, "HITS@10m_new": 0.6974365611100329}