{"MRRm_new": 0.2402972480324388, "MRm_new": 416.21901136779786, "HITS@1m_new": 0.1653478168294532, "HITS@3m_new": 0.25472810872206464, "HITS@10m_new": 0.39286050936868416}