{"MRRm_new": 0.2692014323475182, "MRm_new": 2203.2826155509947, "HITS@1m_new": 0.1884871578465827, "HITS@3m_new": 0.2925160377030697, "HITS@10m_new": 0.4296141979357344}