{"MRRm_new": 0.424164501926196, "MRm_new": 1004.6282682596147, "HITS@1m_new": 0.2901091950489208, "HITS@3m_new": 0.499626264431281, "HITS@10m_new": 0.6871638379327487}