{"MRRm_new": 0.20200210057639925, "MRm_new": 401.08465527367593, "HITS@1m_new": 0.13657299603163264, "HITS@3m_new": 0.2131128922170261, "HITS@10m_new": 0.33436793010019467}