{"MRRm_new": 0.4470895603135523, "MRm_new": 141.2808979742229, "HITS@1m_new": 0.3739478319378541, "HITS@3m_new": 0.47996451437519866, "HITS@10m_new": 0.5824210500876652}