{"MRRm_new": 0.11034130075822322, "MRm_new": 3591.9415030919313, "HITS@1m_new": 0.06842528228792362, "HITS@3m_new": 0.11664809025228023, "HITS@10m_new": 0.19444982787603513}