{"MRRm_new": 0.2016121715063404, "MRm_new": 398.1450150350094, "HITS@1m_new": 0.13618782083909028, "HITS@3m_new": 0.21254163165397477, "HITS@10m_new": 0.33453645472171484}