{"MRRm_new": 0.2312108654379728, "MRm_new": 414.427150525856, "HITS@1m_new": 0.15549359065705212, "HITS@3m_new": 0.2479684508100152, "HITS@10m_new": 0.3840714819926769}