{"MRRm_new": 0.4308407332865745, "MRm_new": 216.6478098436743, "HITS@1m_new": 0.3216599817455026, "HITS@3m_new": 0.48168683564996173, "HITS@10m_new": 0.6534572715433024}