{"MRRm_new": 0.5140065583109171, "MRm_new": 86.94456309808791, "HITS@1m_new": 0.43553732575650794, "HITS@3m_new": 0.5520641328408965, "HITS@10m_new": 0.6573468668310088}