{"MRRm_new": 0.0948945533217804, "MRm_new": 728.3779968503952, "HITS@1m_new": 0.052483955911378145, "HITS@3m_new": 0.09571665525083081, "HITS@10m_new": 0.17702381923210342}