{"MRRm_new": 0.25374278210224294, "MRm_new": 356.5891580597162, "HITS@1m_new": 0.17752359618680785, "HITS@3m_new": 0.2726832243778277, "HITS@10m_new": 0.41030226446753365}