{"MRRm_new": 0.6333965241424067, "MRm_new": 55.772898010134696, "HITS@1m_new": 0.531376343438169, "HITS@3m_new": 0.6995933186067559, "HITS@10m_new": 0.8155914809691022}