{"MRRm_new": 0.3990543229054438, "MRm_new": 301.1692682035789, "HITS@1m_new": 0.3108898254261876, "HITS@3m_new": 0.43704469132061424, "HITS@10m_new": 0.5698717332698725}