{"MRRm_new": 0.19204361136120496, "MRm_new": 1688.2580807608067, "HITS@1m_new": 0.12572821970138465, "HITS@3m_new": 0.20358632472425234, "HITS@10m_new": 0.32471887276822237}