{"MRRm_new": 0.28802190053910226, "MRm_new": 2563.3624118709563, "HITS@1m_new": 0.2111357538208249, "HITS@3m_new": 0.3191300138523802, "HITS@10m_new": 0.4403495192383416}