{"MRRm_new": 0.07613110315205558, "MRm_new": 751.0991086784363, "HITS@1m_new": 0.035736108245950894, "HITS@3m_new": 0.07559456544429995, "HITS@10m_new": 0.15368071665875613}