{"MRRm_new": 0.3340577617621211, "MRm_new": 526.4989555182681, "HITS@1m_new": 0.27002969161745566, "HITS@3m_new": 0.35621915362656725, "HITS@10m_new": 0.45634514951946764}