{"MRRm_new": 0.2990172373290352, "MRm_new": 2700.167537086159, "HITS@1m_new": 0.22122769249614793, "HITS@3m_new": 0.3242877187479753, "HITS@10m_new": 0.46063144116633337}