{"MRRm_new": 0.44052861135456167, "MRm_new": 180.89405008290709, "HITS@1m_new": 0.32481408814069074, "HITS@3m_new": 0.49239826676051596, "HITS@10m_new": 0.6806821016728354}