{"MRRm_new": 0.1839242696501882, "MRm_new": 366.4747123381853, "HITS@1m_new": 0.11498022001784994, "HITS@3m_new": 0.19494392026689603, "HITS@10m_new": 0.31939347568609516}