{"MRRm_new": 0.23610365767023905, "MRm_new": 3237.1020556444823, "HITS@1m_new": 0.17446220725811146, "HITS@3m_new": 0.2646144546467258, "HITS@10m_new": 0.35562417117400036}