{"MRRm_new": 0.3250925807320145, "MRm_new": 3140.96441642265, "HITS@1m_new": 0.28637125663415647, "HITS@3m_new": 0.34161710703948484, "HITS@10m_new": 0.39766372882966244}