{"MRRm_new": 0.32648643689029405, "MRm_new": 1644.4298306781352, "HITS@1m_new": 0.24739379421214108, "HITS@3m_new": 0.35588283381587826, "HITS@10m_new": 0.4807070088307373}