{"MRRm_new": 0.10856678435432987, "MRm_new": 3811.5216426057577, "HITS@1m_new": 0.0627695301810978, "HITS@3m_new": 0.1151929053443484, "HITS@10m_new": 0.20212843682947568}