{"MRRm_new": 0.10790350313812815, "MRm_new": 643.2412888833046, "HITS@1m_new": 0.06464921214949572, "HITS@3m_new": 0.11044931465607369, "HITS@10m_new": 0.18995259107497986}