{"MRRm_new": 0.23022812000301346, "MRm_new": 430.58781370811465, "HITS@1m_new": 0.15479684904703173, "HITS@3m_new": 0.24661243750592693, "HITS@10m_new": 0.3839340847168118}