{"MRRm_new": 0.1027455912723468, "MRm_new": 583.8035493464947, "HITS@1m_new": 0.058521913286321794, "HITS@3m_new": 0.10376193329519592, "HITS@10m_new": 0.1893412787809968}