{"MRRm_new": 0.3288019744560938, "MRm_new": 1612.1058866553008, "HITS@1m_new": 0.2501500454932684, "HITS@3m_new": 0.3574050714231562, "HITS@10m_new": 0.48251644548028705}