{"MRRm_new": 0.19790276645800622, "MRm_new": 444.31207892587184, "HITS@1m_new": 0.132321528059314, "HITS@3m_new": 0.20953773751184343, "HITS@10m_new": 0.328398572129407}