{"MRRm_new": 0.14735847924319243, "MRm_new": 310.195758801651, "HITS@1m_new": 0.08494433569500688, "HITS@3m_new": 0.1573248410268221, "HITS@10m_new": 0.26824975798592204}