{"MRRm_new": 0.3002689834079019, "MRm_new": 2241.1967857476175, "HITS@1m_new": 0.2263199879496824, "HITS@3m_new": 0.3285592288095504, "HITS@10m_new": 0.4499089309256524}