{"MRRm_new": 0.17180918042815665, "MRm_new": 579.5402959885523, "HITS@1m_new": 0.1062169303335977, "HITS@3m_new": 0.18632403796380095, "HITS@10m_new": 0.30440651141134367}