{"MRRm_new": 0.0999536954000956, "MRm_new": 3618.7918374216797, "HITS@1m_new": 0.05839952837722376, "HITS@3m_new": 0.1045778858256992, "HITS@10m_new": 0.1902621342102997}