{"MRRm_new": 0.40409723557689997, "MRm_new": 284.6407496713549, "HITS@1m_new": 0.3146709991514508, "HITS@3m_new": 0.4419902360802553, "HITS@10m_new": 0.5794192928981065}