{"MRRm_new": 0.29641211292683056, "MRm_new": 2277.6332683950664, "HITS@1m_new": 0.23054135816617055, "HITS@3m_new": 0.31311218895969795, "HITS@10m_new": 0.43215007915752357}