{"MRRm_new": 0.5676428349908847, "MRm_new": 217.05924458160996, "HITS@1m_new": 0.48930309308513825, "HITS@3m_new": 0.6056567704978443, "HITS@10m_new": 0.7206129339417675}