{"MRRm_new": 0.677718489163085, "MRm_new": 212.93229512774946, "HITS@1m_new": 0.6192548129858442, "HITS@3m_new": 0.7087414775187353, "HITS@10m_new": 0.7856575540458798}