{"MRRm_new": 0.40707200093211393, "MRm_new": 346.52395139797034, "HITS@1m_new": 0.33813635049909496, "HITS@3m_new": 0.4372514757904573, "HITS@10m_new": 0.5345525004020601}