{"MRRm_new": 0.219578046364247, "MRm_new": 291.09241791927815, "HITS@1m_new": 0.1355159490267397, "HITS@3m_new": 0.23313232445172033, "HITS@10m_new": 0.40384712350857443}