{"MRRm_new": 0.09860498796192696, "MRm_new": 642.2825580008268, "HITS@1m_new": 0.056793959296203685, "HITS@3m_new": 0.09877567580853357, "HITS@10m_new": 0.18037631453170325}