{"MRRm_new": 0.32464053252498937, "MRm_new": 381.4250520102382, "HITS@1m_new": 0.21990727517392952, "HITS@3m_new": 0.3594272806334775, "HITS@10m_new": 0.5412852640976198}