{"MRRm_new": 0.6733899912060951, "MRm_new": 196.92735957460852, "HITS@1m_new": 0.6175865550917952, "HITS@3m_new": 0.703431940779381, "HITS@10m_new": 0.7792533928495177}