{"MRRm_new": 0.2809312224179466, "MRm_new": 2347.269818074122, "HITS@1m_new": 0.23530023232239183, "HITS@3m_new": 0.29828049930802447, "HITS@10m_new": 0.3713157144536708}