{"MRRm_new": 0.26682939126533073, "MRm_new": 577.6925759906918, "HITS@1m_new": 0.20879682452879206, "HITS@3m_new": 0.2832489807586535, "HITS@10m_new": 0.37573500329731907}