{"MRRm_new": 0.10687279549336527, "MRm_new": 746.4527959829569, "HITS@1m_new": 0.06472956634515431, "HITS@3m_new": 0.10974323594324524, "HITS@10m_new": 0.18786293642619858}