{"MRRm_new": 0.24991217030243024, "MRm_new": 381.9065854650885, "HITS@1m_new": 0.1694473003314197, "HITS@3m_new": 0.2827250694008981, "HITS@10m_new": 0.4007858102240716}