{"MRRm_new": 0.13068340520393104, "MRm_new": 408.89131658821105, "HITS@1m_new": 0.07479209326496347, "HITS@3m_new": 0.13657673208350898, "HITS@10m_new": 0.23702595481036698}