{"MRRm_new": 0.17711546081385313, "MRm_new": 379.8694588372946, "HITS@1m_new": 0.11258606956294388, "HITS@3m_new": 0.1871115239101695, "HITS@10m_new": 0.3068798190054717}