{"MRRm_new": 0.6698205272851501, "MRm_new": 196.46091822267323, "HITS@1m_new": 0.6142473900629121, "HITS@3m_new": 0.6996610608548508, "HITS@10m_new": 0.775608700962206}