{"MRRm_new": 0.3165266717972945, "MRm_new": 417.5948762086779, "HITS@1m_new": 0.23520434450832545, "HITS@3m_new": 0.34529913196188866, "HITS@10m_new": 0.47830783260269527}