{"MRRm_new": 0.5082022970806138, "MRm_new": 191.90344951117038, "HITS@1m_new": 0.4009125698600219, "HITS@3m_new": 0.5681777549502767, "HITS@10m_new": 0.7160491470924025}