{"MRRm_new": 0.315328463223404, "MRm_new": 2023.4858204939364, "HITS@1m_new": 0.23405363065307028, "HITS@3m_new": 0.3446613480675151, "HITS@10m_new": 0.4743658596244641}