{"MRRm_new": 0.28244704901228307, "MRm_new": 303.2158453823626, "HITS@1m_new": 0.169921094383928, "HITS@3m_new": 0.326214456563117, "HITS@10m_new": 0.5103830819749273}