{"MRRm_new": 0.3203475055487602, "MRm_new": 1602.7240410193504, "HITS@1m_new": 0.2383957842204254, "HITS@3m_new": 0.35037312403909165, "HITS@10m_new": 0.4808559784621466}