{"MRRm_new": 0.10562038178807416, "MRm_new": 3888.18490148983, "HITS@1m_new": 0.06125135914813727, "HITS@3m_new": 0.1121928123944439, "HITS@10m_new": 0.19557337797475047}