{"MRRm_new": 0.12006433683139475, "MRm_new": 3619.6817147824763, "HITS@1m_new": 0.07700820321729407, "HITS@3m_new": 0.12620232739523052, "HITS@10m_new": 0.20759672811492347}