{"MRRm_new": 0.10362333064280684, "MRm_new": 483.30356454377176, "HITS@1m_new": 0.04999529493708396, "HITS@3m_new": 0.10881011515846475, "HITS@10m_new": 0.20839379970338195}