{"MRRm_new": 0.21247439105079685, "MRm_new": 306.83345784378054, "HITS@1m_new": 0.1330720471428125, "HITS@3m_new": 0.2284309412263683, "HITS@10m_new": 0.3741689086922561}