{"MRRm_new": 0.6809023091266309, "MRm_new": 204.51255585491657, "HITS@1m_new": 0.6243882090466286, "HITS@3m_new": 0.7102354689963358, "HITS@10m_new": 0.7877429938375426}