{"MRRm_new": 0.1943051606942763, "MRm_new": 1864.1839026189743, "HITS@1m_new": 0.1250559998609242, "HITS@3m_new": 0.20795964401116362, "HITS@10m_new": 0.3285965686654672}