{"MRRm_new": 0.20580515861552112, "MRm_new": 1418.634617945701, "HITS@1m_new": 0.13602928428098676, "HITS@3m_new": 0.2202585066095926, "HITS@10m_new": 0.34758898325334303}