{"MRRm_new": 0.4644180669097805, "MRm_new": 159.2980221828446, "HITS@1m_new": 0.39418944216701496, "HITS@3m_new": 0.4985756078926788, "HITS@10m_new": 0.5907421100483043}