{"MRRm_new": 0.40818187773190856, "MRm_new": 210.82948876804113, "HITS@1m_new": 0.29540281290300846, "HITS@3m_new": 0.45766940949433776, "HITS@10m_new": 0.6410955311627767}