{"MRRm_new": 0.19926492314433708, "MRm_new": 400.0226059488058, "HITS@1m_new": 0.13714732961499831, "HITS@3m_new": 0.21070346034253015, "HITS@10m_new": 0.3203666905616643}