{"MRRm_new": 0.2635192348318187, "MRm_new": 2535.2375231060983, "HITS@1m_new": 0.18395643432009093, "HITS@3m_new": 0.2867008942893444, "HITS@10m_new": 0.41918626764288636}