{"MRRm_new": 0.18525482265165483, "MRm_new": 319.16641191990374, "HITS@1m_new": 0.11505748654535855, "HITS@3m_new": 0.20049869398631853, "HITS@10m_new": 0.3264142410432163}