{"MRRm_new": 0.6965268874322855, "MRm_new": 144.11877734689415, "HITS@1m_new": 0.6397085707276856, "HITS@3m_new": 0.7272782467944199, "HITS@10m_new": 0.803147688026278}