{"MRRm_new": 0.1996964943136627, "MRm_new": 344.00177361769676, "HITS@1m_new": 0.12175301368274959, "HITS@3m_new": 0.22274080000052926, "HITS@10m_new": 0.35282357113314794}