{"MRRm_new": 0.3677820768142137, "MRm_new": 347.9501225786209, "HITS@1m_new": 0.2943101645626957, "HITS@3m_new": 0.3930146001629764, "HITS@10m_new": 0.5094238017747484}