{"MRRm_new": 0.19730758679338906, "MRm_new": 304.999335294199, "HITS@1m_new": 0.13062028023708844, "HITS@3m_new": 0.20632825281546685, "HITS@10m_new": 0.3287401145934011}