{"MRRm_new": 0.24267796734911007, "MRm_new": 4259.1485971792345, "HITS@1m_new": 0.1665098303167615, "HITS@3m_new": 0.2619810907074134, "HITS@10m_new": 0.3949131731839152}