{"MRRm_new": 0.5240106497668731, "MRm_new": 242.52205573449285, "HITS@1m_new": 0.4604359383288611, "HITS@3m_new": 0.5482542196190588, "HITS@10m_new": 0.6476802574601388}