{"MRRm_new": 0.10756432654085801, "MRm_new": 3630.450793768215, "HITS@1m_new": 0.06276686926693656, "HITS@3m_new": 0.11128316081953235, "HITS@10m_new": 0.2027340252598282}