{"MRRm_new": 0.3146137783952618, "MRm_new": 3238.5262289832085, "HITS@1m_new": 0.2765015007613838, "HITS@3m_new": 0.3303388747581266, "HITS@10m_new": 0.3876069553686284}