{"MRRm_new": 0.24029502225626584, "MRm_new": 3234.5761504360885, "HITS@1m_new": 0.17789774706875322, "HITS@3m_new": 0.26871085212816254, "HITS@10m_new": 0.3614516190002614}