{"MRRm_new": 0.0995904727823392, "MRm_new": 476.5038536708832, "HITS@1m_new": 0.04726515735444846, "HITS@3m_new": 0.10485911014615558, "HITS@10m_new": 0.19985934485374018}