{"MRRm_new": 0.7105579143215336, "MRm_new": 127.19156055429578, "HITS@1m_new": 0.6527833448688761, "HITS@3m_new": 0.7427709769041394, "HITS@10m_new": 0.8185627254197898}