{"MRRm_new": 0.23691198545631778, "MRm_new": 416.9600413208723, "HITS@1m_new": 0.16032674849585166, "HITS@3m_new": 0.2551734812548384, "HITS@10m_new": 0.3931426357272081}