{"MRRm_new": 0.2115696319552444, "MRm_new": 271.0365807526827, "HITS@1m_new": 0.1310590209953836, "HITS@3m_new": 0.23421744991716695, "HITS@10m_new": 0.3701330854812637}