{"MRRm_new": 0.30189134460131256, "MRm_new": 2151.381374949098, "HITS@1m_new": 0.22182055503246376, "HITS@3m_new": 0.3283627386133885, "HITS@10m_new": 0.46424536339414774}