{"MRRm_new": 0.21266447819663153, "MRm_new": 317.7112065762043, "HITS@1m_new": 0.13280678076011826, "HITS@3m_new": 0.23018707554194842, "HITS@10m_new": 0.37360281524128514}