{"MRRm_new": 0.30443997286822744, "MRm_new": 2195.990423473358, "HITS@1m_new": 0.22400830987287917, "HITS@3m_new": 0.3331168021488702, "HITS@10m_new": 0.47113917501975083}