{"MRRm_new": 0.33631271445431593, "MRm_new": 2883.6959470164925, "HITS@1m_new": 0.29761141067309654, "HITS@3m_new": 0.35416339000229347, "HITS@10m_new": 0.40704898434101777}