{"MRRm_new": 0.17371094994667327, "MRm_new": 559.5780109947846, "HITS@1m_new": 0.10701628588655149, "HITS@3m_new": 0.18807978667336284, "HITS@10m_new": 0.30820856337539226}