{"MRRm_new": 0.23460540491549328, "MRm_new": 229.26854771003724, "HITS@1m_new": 0.14692065720846875, "HITS@3m_new": 0.2483609241342172, "HITS@10m_new": 0.43030441279704684}