{"MRRm_new": 0.2305203965871333, "MRm_new": 297.65487122733595, "HITS@1m_new": 0.15035555511075072, "HITS@3m_new": 0.25231802394597325, "HITS@10m_new": 0.3900267729607178}