{"MRRm_new": 0.7764154024443278, "MRm_new": 35.12789894546568, "HITS@1m_new": 0.7034986404805095, "HITS@3m_new": 0.8305186946358298, "HITS@10m_new": 0.9018807955352531}