{"MRRm_new": 0.5114715917292042, "MRm_new": 187.81394034199417, "HITS@1m_new": 0.40348790643553, "HITS@3m_new": 0.5723484041240917, "HITS@10m_new": 0.7203945372764865}