{"MRRm_new": 0.2329025558035246, "MRm_new": 3004.6835435110033, "HITS@1m_new": 0.1705157062051294, "HITS@3m_new": 0.2600691583092484, "HITS@10m_new": 0.35794453923765834}