{"MRRm_new": 0.20390717663297436, "MRm_new": 413.59261460796745, "HITS@1m_new": 0.13241367031361734, "HITS@3m_new": 0.2206798868702317, "HITS@10m_new": 0.3459210766368633}