{"MRRm_new": 0.30449900451043865, "MRm_new": 468.1277438423559, "HITS@1m_new": 0.24668836911160177, "HITS@3m_new": 0.3223337893936041, "HITS@10m_new": 0.4109153721833791}