{"MRRm_new": 0.33326638977979745, "MRm_new": 142.73392954726518, "HITS@1m_new": 0.24594011026261434, "HITS@3m_new": 0.36738810788228876, "HITS@10m_new": 0.49919757552508964}