{"MRRm_new": 0.3202420483679434, "MRm_new": 367.5225541322678, "HITS@1m_new": 0.23441155964522842, "HITS@3m_new": 0.3527096836215642, "HITS@10m_new": 0.48983891948939706}