{"MRRm_new": 0.3269702983275365, "MRm_new": 3176.9589357537257, "HITS@1m_new": 0.28771316515583023, "HITS@3m_new": 0.34416912638059877, "HITS@10m_new": 0.40270730831509355}