{"MRRm_new": 0.2031336980105434, "MRm_new": 409.2066669120416, "HITS@1m_new": 0.13131968625844456, "HITS@3m_new": 0.21807923151264186, "HITS@10m_new": 0.3467451798277107}