{"MRRm_new": 0.2588679253890191, "MRm_new": 3133.9877234790624, "HITS@1m_new": 0.1885260105720372, "HITS@3m_new": 0.280428244921728, "HITS@10m_new": 0.39764268279940007}