{"MRRm_new": 0.2212128536021075, "MRm_new": 274.9506089612722, "HITS@1m_new": 0.1372393872736371, "HITS@3m_new": 0.2412913511150866, "HITS@10m_new": 0.38889620304107664}