{"MRRm_new": 0.2211989128269488, "MRm_new": 279.0105408135652, "HITS@1m_new": 0.1374774175750441, "HITS@3m_new": 0.2407572601975291, "HITS@10m_new": 0.38881112642008814}