{"MRRm_new": 0.25327760837065033, "MRm_new": 385.47335622026026, "HITS@1m_new": 0.1753435198635998, "HITS@3m_new": 0.28357491661819223, "HITS@10m_new": 0.39941884855937676}