{"MRRm_new": 0.5094349717116075, "MRm_new": 258.2050671969131, "HITS@1m_new": 0.4416533489855647, "HITS@3m_new": 0.5376640275262035, "HITS@10m_new": 0.6374853258139701}