{"MRRm_new": 0.4274967276460929, "MRm_new": 252.43516649445147, "HITS@1m_new": 0.34050104451911467, "HITS@3m_new": 0.4640866853157459, "HITS@10m_new": 0.595825510607523}