{"MRRm_new": 0.2660944396100076, "MRm_new": 2359.645635229856, "HITS@1m_new": 0.21819022815147765, "HITS@3m_new": 0.28442117286534996, "HITS@10m_new": 0.36002188873267005}