{"MRRm_new": 0.23224342335740658, "MRm_new": 245.9219520517826, "HITS@1m_new": 0.1543262197978329, "HITS@3m_new": 0.24696147646079772, "HITS@10m_new": 0.3865360157324001}