{"MRRm_new": 0.296256626334397, "MRm_new": 1908.2343673878015, "HITS@1m_new": 0.2187258576612221, "HITS@3m_new": 0.3213014008284081, "HITS@10m_new": 0.4536481943166582}