{"MRRm_new": 0.266948751454207, "MRm_new": 577.6912232938408, "HITS@1m_new": 0.20899414975797118, "HITS@3m_new": 0.2833744859523722, "HITS@10m_new": 0.3757359348843893}