{"MRRm_new": 0.19181139423950225, "MRm_new": 431.8170118074894, "HITS@1m_new": 0.12605278782203094, "HITS@3m_new": 0.20826227019652724, "HITS@10m_new": 0.31763297948704566}