{"MRRm_new": 0.11271384966419719, "MRm_new": 504.3738999847889, "HITS@1m_new": 0.06118867041321937, "HITS@3m_new": 0.11590801731675164, "HITS@10m_new": 0.21280464987060987}