{"MRRm_new": 0.2515797635909985, "MRm_new": 386.71224909470084, "HITS@1m_new": 0.17303610828029922, "HITS@3m_new": 0.2737661480346695, "HITS@10m_new": 0.40761099032294007}