{"MRRm_new": 0.2928874445131778, "MRm_new": 2190.8336213212906, "HITS@1m_new": 0.2222925504189916, "HITS@3m_new": 0.31502798675606025, "HITS@10m_new": 0.43058905625145416}