{"MRRm_new": 0.14651140641149005, "MRm_new": 4323.457184722483, "HITS@1m_new": 0.0970314187953627, "HITS@3m_new": 0.15441224464608239, "HITS@10m_new": 0.2428325472704455}