{"MRRm_new": 0.1733379583595397, "MRm_new": 519.8683808397725, "HITS@1m_new": 0.1076141681820045, "HITS@3m_new": 0.18785185534157062, "HITS@10m_new": 0.3044052877266149}