{"MRRm_new": 0.6443558122921886, "MRm_new": 188.1592622168064, "HITS@1m_new": 0.5909869785514784, "HITS@3m_new": 0.6691630167714829, "HITS@10m_new": 0.7453172194482831}