{"MRRm_new": 0.3179024763813154, "MRm_new": 1690.3292299109996, "HITS@1m_new": 0.23590909409453162, "HITS@3m_new": 0.348464565535367, "HITS@10m_new": 0.47784608479146845}