{"MRRm_new": 0.16119017977175681, "MRm_new": 308.8089421010733, "HITS@1m_new": 0.0957968237272289, "HITS@3m_new": 0.17331490529282018, "HITS@10m_new": 0.2904255002953112}