{"MRRm_new": 0.08723055251766637, "MRm_new": 746.6184815889835, "HITS@1m_new": 0.04645048512277426, "HITS@3m_new": 0.08851207696164493, "HITS@10m_new": 0.16625986883816077}