{"MRRm_new": 0.3205447344698814, "MRm_new": 534.7961024514213, "HITS@1m_new": 0.2564068236203675, "HITS@3m_new": 0.34730486426866264, "HITS@10m_new": 0.43668583127744204}