{"MRRm_new": 0.12954987658848768, "MRm_new": 14775.116596800864, "HITS@1m_new": 0.08530406470666639, "HITS@3m_new": 0.1433158050926868, "HITS@10m_new": 0.21795365968393163}