{"MRRm_new": 0.22740332180967818, "MRm_new": 496.21443069472315, "HITS@1m_new": 0.15303940643484237, "HITS@3m_new": 0.24398615120099856, "HITS@10m_new": 0.3763589478511363}