{"MRRm_new": 0.1150949837546461, "MRm_new": 495.7861387542009, "HITS@1m_new": 0.06303391536604613, "HITS@3m_new": 0.11870239536562004, "HITS@10m_new": 0.21562666016845033}