{"MRRm_new": 0.20825097617917637, "MRm_new": 382.15475733664033, "HITS@1m_new": 0.1448402190185967, "HITS@3m_new": 0.21870157924534286, "HITS@10m_new": 0.3378567431407282}