{"MRRm_new": 0.29404535785856567, "MRm_new": 1995.734175830692, "HITS@1m_new": 0.21462929489946692, "HITS@3m_new": 0.32689932572562247, "HITS@10m_new": 0.45154671330796553}