{"MRRm_new": 0.35735688321055115, "MRm_new": 316.4849991991669, "HITS@1m_new": 0.26216758748794383, "HITS@3m_new": 0.3938255866860418, "HITS@10m_new": 0.5431262736569333}