{"MRRm_new": 0.1172061454447452, "MRm_new": 3749.5432737679243, "HITS@1m_new": 0.07470763065684587, "HITS@3m_new": 0.12358847656389699, "HITS@10m_new": 0.20311024480201303}