{"MRRm_new": 0.15573465877719445, "MRm_new": 3488.473087157905, "HITS@1m_new": 0.10425327695239685, "HITS@3m_new": 0.1635829557047109, "HITS@10m_new": 0.25634712159031187}