{"MRRm_new": 0.6039942874321604, "MRm_new": 52.06337121734023, "HITS@1m_new": 0.45302378298880647, "HITS@3m_new": 0.7193610336650162, "HITS@10m_new": 0.8675682713589631}