{"MRRm_new": 0.19513226048949808, "MRm_new": 1897.7576021294594, "HITS@1m_new": 0.1285827240991639, "HITS@3m_new": 0.20581172727537342, "HITS@10m_new": 0.3254408869014587}