{"MRRm_new": 0.0888522683123927, "MRm_new": 660.5704310319185, "HITS@1m_new": 0.04719054611410247, "HITS@3m_new": 0.08942387352207443, "HITS@10m_new": 0.16406759512138086}