{"MRRm_new": 0.28028416306933923, "MRm_new": 531.0139894286394, "HITS@1m_new": 0.22003491773659334, "HITS@3m_new": 0.29766911704510496, "HITS@10m_new": 0.39518549756693394}