{"MRRm_new": 0.26100481708473944, "MRm_new": 4162.044960458964, "HITS@1m_new": 0.1804550550388958, "HITS@3m_new": 0.28346141818467, "HITS@10m_new": 0.4237594601127785}