{"MRRm_new": 0.14623657916646243, "MRm_new": 3414.886404709041, "HITS@1m_new": 0.09894884497717431, "HITS@3m_new": 0.14805585994983267, "HITS@10m_new": 0.23753751724318137}