{"MRRm_new": 0.43251652068289603, "MRm_new": 210.16726631130277, "HITS@1m_new": 0.323240510172418, "HITS@3m_new": 0.482895502886342, "HITS@10m_new": 0.6564320039115555}