{"MRRm_new": 0.3401237000583369, "MRm_new": 322.58868918018044, "HITS@1m_new": 0.2503056821507125, "HITS@3m_new": 0.3733288952347648, "HITS@10m_new": 0.5168777398929087}