{"MRRm_new": 0.36154197539092914, "MRm_new": 394.5823365489691, "HITS@1m_new": 0.2975064590130751, "HITS@3m_new": 0.38689286509180965, "HITS@10m_new": 0.47664272867515683}