{"MRRm_new": 0.11206771011218661, "MRm_new": 620.7371185626507, "HITS@1m_new": 0.0678540815077955, "HITS@3m_new": 0.11577141342384276, "HITS@10m_new": 0.19439120184066705}