{"MRRm_new": 0.14673229310072838, "MRm_new": 4269.498430944473, "HITS@1m_new": 0.0972178185126977, "HITS@3m_new": 0.15412853245453154, "HITS@10m_new": 0.24320864781457932}