{"MRRm_new": 0.19330153959971502, "MRm_new": 452.4508168578625, "HITS@1m_new": 0.13000393267220353, "HITS@3m_new": 0.20774957122630439, "HITS@10m_new": 0.3162704835980898}