{"MRRm_new": 0.2325050823078418, "MRm_new": 245.6895731679678, "HITS@1m_new": 0.1544904764659237, "HITS@3m_new": 0.24784920692103915, "HITS@10m_new": 0.3865773352554068}