{"MRRm_new": 0.2354198478557937, "MRm_new": 3264.5302455055566, "HITS@1m_new": 0.17430448334293033, "HITS@3m_new": 0.26293368967076824, "HITS@10m_new": 0.35329052641477754}