{"MRRm_new": 0.4439639911045542, "MRm_new": 141.28624966286122, "HITS@1m_new": 0.3694657012151292, "HITS@3m_new": 0.4767323202326661, "HITS@10m_new": 0.581197456294205}