{"MRRm_new": 0.19236206197078137, "MRm_new": 429.2151178914547, "HITS@1m_new": 0.12717336199526907, "HITS@3m_new": 0.20800516272764652, "HITS@10m_new": 0.3176846322921803}