{"MRRm_new": 0.22259492618447893, "MRm_new": 497.12032823765276, "HITS@1m_new": 0.14983690153202042, "HITS@3m_new": 0.24917334262178337, "HITS@10m_new": 0.3570197746545018}