{"MRRm_new": 0.11249634962105774, "MRm_new": 503.5804864376068, "HITS@1m_new": 0.06113072423527483, "HITS@3m_new": 0.11566741825334029, "HITS@10m_new": 0.21197825513682328}