{"MRRm_new": 0.3090005655271716, "MRm_new": 282.76195251646635, "HITS@1m_new": 0.21994239994215603, "HITS@3m_new": 0.34789600617326505, "HITS@10m_new": 0.47860692439851116}