{"MRRm_new": 0.36305717810716853, "MRm_new": 149.9993156144619, "HITS@1m_new": 0.27226589651215183, "HITS@3m_new": 0.4030634276570199, "HITS@10m_new": 0.5373093714190472}