{"MRRm_new": 0.11232855994332931, "MRm_new": 620.3978515004396, "HITS@1m_new": 0.06825886673377826, "HITS@3m_new": 0.11587801957256161, "HITS@10m_new": 0.19326231014032383}