{"MRRm_new": 0.18404179294971346, "MRm_new": 2268.114710956365, "HITS@1m_new": 0.12121661874151322, "HITS@3m_new": 0.192578334587859, "HITS@10m_new": 0.30586057366302705}