{"MRRm_new": 0.12723983465240418, "MRm_new": 14889.475880886883, "HITS@1m_new": 0.08189251927216537, "HITS@3m_new": 0.14198736781137997, "HITS@10m_new": 0.21497067777253687}