{"MRRm_new": 0.41305954096530423, "MRm_new": 194.84466085270049, "HITS@1m_new": 0.2987938794694965, "HITS@3m_new": 0.46305548730237933, "HITS@10m_new": 0.648656018490059}