{"MRRm_new": 0.41132000590775897, "MRm_new": 275.4629616910741, "HITS@1m_new": 0.3223633141093014, "HITS@3m_new": 0.45011957844064454, "HITS@10m_new": 0.5835670362707096}