{"MRRm_new": 0.1026014495642914, "MRm_new": 3647.0943707237484, "HITS@1m_new": 0.0590619917714037, "HITS@3m_new": 0.10758686744570732, "HITS@10m_new": 0.1943009129967075}