{"MRRm_new": 0.2117645941876457, "MRm_new": 165.82212163815498, "HITS@1m_new": 0.10277236898788251, "HITS@3m_new": 0.24496741243023426, "HITS@10m_new": 0.4462038620752282}