{"MRRm_new": 0.12515054958330438, "MRm_new": 544.1571344315529, "HITS@1m_new": 0.07608943484232296, "HITS@3m_new": 0.12921655009775423, "HITS@10m_new": 0.21702254905273438}