{"MRRm_new": 0.3138382382411587, "MRm_new": 2061.8318577034474, "HITS@1m_new": 0.2383480295804329, "HITS@3m_new": 0.33639048861782067, "HITS@10m_new": 0.46643964361562396}