{"MRRm_new": 0.09488131893891695, "MRm_new": 717.9311207871914, "HITS@1m_new": 0.052226975119503916, "HITS@3m_new": 0.09535512345214957, "HITS@10m_new": 0.17734019164994824}