{"MRRm_new": 0.5102567252011413, "MRm_new": 139.3446535033509, "HITS@1m_new": 0.4395410220632766, "HITS@3m_new": 0.5469145769498864, "HITS@10m_new": 0.6378325992806058}