{"MRRm_new": 0.2626082818271698, "MRm_new": 2294.5599350260495, "HITS@1m_new": 0.19500084164984582, "HITS@3m_new": 0.28287423404563744, "HITS@10m_new": 0.3914861899431853}