{"MRRm_new": 0.21138036206806282, "MRm_new": 3336.678613171071, "HITS@1m_new": 0.15410069984536676, "HITS@3m_new": 0.23233481874740392, "HITS@10m_new": 0.32705867736741495}