{"MRRm_new": 0.221806167802625, "MRm_new": 261.5559741237402, "HITS@1m_new": 0.14044288112269715, "HITS@3m_new": 0.23452964145084843, "HITS@10m_new": 0.38745296462280676}