{"MRRm_new": 0.08947733614152675, "MRm_new": 657.791840786314, "HITS@1m_new": 0.04784733806640143, "HITS@3m_new": 0.09014373881468782, "HITS@10m_new": 0.1644061569922371}