{"MRRm_new": 0.2953708974679203, "MRm_new": 381.4559072380066, "HITS@1m_new": 0.2104574196828653, "HITS@3m_new": 0.3246102290192575, "HITS@10m_new": 0.46496878699422084}