{"MRRm_new": 0.301512860570092, "MRm_new": 2352.1430726771355, "HITS@1m_new": 0.22354729667818174, "HITS@3m_new": 0.32623903583432545, "HITS@10m_new": 0.4639922412079759}