{"MRRm_new": 0.19809987139213445, "MRm_new": 530.639463945277, "HITS@1m_new": 0.1296326869630575, "HITS@3m_new": 0.214546093918103, "HITS@10m_new": 0.33470875230542513}