{"MRRm_new": 0.11641157532713114, "MRm_new": 671.5984301113367, "HITS@1m_new": 0.07001688194543822, "HITS@3m_new": 0.11966749160985928, "HITS@10m_new": 0.20395716424557614}