{"MRRm_new": 0.2324097514810828, "MRm_new": 3057.419281873837, "HITS@1m_new": 0.1709747271668748, "HITS@3m_new": 0.25899948372714426, "HITS@10m_new": 0.35543100117248105}