{"MRRm_new": 0.232222667194136, "MRm_new": 237.4270957464695, "HITS@1m_new": 0.14786532099201577, "HITS@3m_new": 0.2444102686765138, "HITS@10m_new": 0.39894707817295566}