{"MRRm_new": 0.17603588457411243, "MRm_new": 178.96283674430848, "HITS@1m_new": 0.10409951413287781, "HITS@3m_new": 0.18663234890550376, "HITS@10m_new": 0.3216681935966015}