{"MRRm_new": 0.23929436534034756, "MRm_new": 380.3314158120155, "HITS@1m_new": 0.16455956355747767, "HITS@3m_new": 0.25833937813602387, "HITS@10m_new": 0.3929645559243858}