{"MRRm_new": 0.27058922923717366, "MRm_new": 343.14326558819414, "HITS@1m_new": 0.18956031634776446, "HITS@3m_new": 0.3034372057084547, "HITS@10m_new": 0.42385903181167667}