{"MRRm_new": 0.2248526831531184, "MRm_new": 244.86194139230253, "HITS@1m_new": 0.14201692891750717, "HITS@3m_new": 0.2399182651969604, "HITS@10m_new": 0.3865417604059447}