{"MRRm_new": 0.179337128131614, "MRm_new": 175.429462198472, "HITS@1m_new": 0.10486889939554966, "HITS@3m_new": 0.19172496749204584, "HITS@10m_new": 0.32969106663484127}