{"MRRm_new": 0.28851612833333, "MRm_new": 680.6582804334313, "HITS@1m_new": 0.232504702700091, "HITS@3m_new": 0.30511462383547766, "HITS@10m_new": 0.3953826381224826}