{"MRRm_new": 0.309420230364959, "MRm_new": 518.3542890297771, "HITS@1m_new": 0.2507683228061578, "HITS@3m_new": 0.3267095929943789, "HITS@10m_new": 0.41957149592177667}