{"MRRm_new": 0.12242861753881443, "MRm_new": 317.763473567462, "HITS@1m_new": 0.06344587186954449, "HITS@3m_new": 0.12858315216940827, "HITS@10m_new": 0.23572024378646164}