{"MRRm_new": 0.1142228682177345, "MRm_new": 3571.7078631717445, "HITS@1m_new": 0.07271989970095456, "HITS@3m_new": 0.1203894288181793, "HITS@10m_new": 0.20015973366927356}