{"MRRm_new": 0.31508123533371235, "MRm_new": 1672.6207592463493, "HITS@1m_new": 0.23086598067637534, "HITS@3m_new": 0.3472415144582046, "HITS@10m_new": 0.48191017341823317}