{"MRRm_new": 0.23239900691939147, "MRm_new": 3057.4205979959816, "HITS@1m_new": 0.17094034200167516, "HITS@3m_new": 0.25906639144312793, "HITS@10m_new": 0.35543100117248105}