{"MRRm_new": 0.4135565905196172, "MRm_new": 295.1163574885279, "HITS@1m_new": 0.34578401931970076, "HITS@3m_new": 0.4453585499384935, "HITS@10m_new": 0.5337252294340433}