{"MRRm_new": 0.292792170767214, "MRm_new": 2222.459700974867, "HITS@1m_new": 0.2465833343547274, "HITS@3m_new": 0.3107284414551141, "HITS@10m_new": 0.3825441516085375}