{"MRRm_new": 0.12672043945477662, "MRm_new": 15123.387440151304, "HITS@1m_new": 0.08164915669546463, "HITS@3m_new": 0.14091975946235472, "HITS@10m_new": 0.21431290699285455}