{"MRRm_new": 0.5479892950129742, "MRm_new": 104.09384921957552, "HITS@1m_new": 0.47720049418561394, "HITS@3m_new": 0.5836973162061768, "HITS@10m_new": 0.6772702538467711}