{"MRRm_new": 0.7008415328444353, "MRm_new": 160.32544980853052, "HITS@1m_new": 0.6404451969226357, "HITS@3m_new": 0.7350151100971271, "HITS@10m_new": 0.8129669735571079}