{"MRRm_new": 0.3296232095582195, "MRm_new": 1608.546823862046, "HITS@1m_new": 0.2511966723186197, "HITS@3m_new": 0.35835930259362797, "HITS@10m_new": 0.4826994341146201}