{"MRRm_new": 0.07734937681148876, "MRm_new": 763.6402205243826, "HITS@1m_new": 0.03712905719570699, "HITS@3m_new": 0.07772666864042403, "HITS@10m_new": 0.15261068282781634}