{"MRRm_new": 0.11664148161532939, "MRm_new": 707.1897085760355, "HITS@1m_new": 0.07117303973425879, "HITS@3m_new": 0.1195997205149266, "HITS@10m_new": 0.20338161522254813}