{"MRRm_new": 0.70321052482501, "MRm_new": 181.67108144620062, "HITS@1m_new": 0.6462322871134165, "HITS@3m_new": 0.7336116938727173, "HITS@10m_new": 0.8106812570664624}