{"MRRm_new": 0.2256097293016146, "MRm_new": 1471.606786684066, "HITS@1m_new": 0.15458740977066918, "HITS@3m_new": 0.24480336806693231, "HITS@10m_new": 0.3662009155314299}