{"MRRm_new": 0.5254204795543692, "MRm_new": 222.9031954864636, "HITS@1m_new": 0.46142518972279506, "HITS@3m_new": 0.5528528583914012, "HITS@10m_new": 0.6464295292696915}