{"MRRm_new": 0.39261033126533673, "MRm_new": 321.1298605242148, "HITS@1m_new": 0.3059960576665762, "HITS@3m_new": 0.42930099928281923, "HITS@10m_new": 0.5621721258501202}