{"MRRm_new": 0.08929624257919058, "MRm_new": 534.5424399379253, "HITS@1m_new": 0.041109813139599286, "HITS@3m_new": 0.09355291953433771, "HITS@10m_new": 0.17999230793630705}