{"MRRm_new": 0.308645156786592, "MRm_new": 324.80578562790157, "HITS@1m_new": 0.20400315167743246, "HITS@3m_new": 0.346959234285634, "HITS@10m_new": 0.5192253708606586}