{"MRRm_new": 0.7032851411747388, "MRm_new": 159.8446294830814, "HITS@1m_new": 0.6431621797548142, "HITS@3m_new": 0.7371096042015124, "HITS@10m_new": 0.8144542662375316}