{"MRRm_new": 0.1037455492632609, "MRm_new": 578.977793517375, "HITS@1m_new": 0.06149375519293826, "HITS@3m_new": 0.10450540445654187, "HITS@10m_new": 0.18273111494332553}