{"MRRm_new": 0.2455182896602215, "MRm_new": 224.43473135807514, "HITS@1m_new": 0.1654082987761125, "HITS@3m_new": 0.26313258722275495, "HITS@10m_new": 0.403573713954119}