{"MRRm_new": 0.27205116857542316, "MRm_new": 2331.7025552696587, "HITS@1m_new": 0.203841698509219, "HITS@3m_new": 0.2967968356597849, "HITS@10m_new": 0.39966791809379354}