{"MRRm_new": 0.20909376826079187, "MRm_new": 2281.1510304850785, "HITS@1m_new": 0.14077514357109613, "HITS@3m_new": 0.2384036465066165, "HITS@10m_new": 0.34630945036874616}