{"MRRm_new": 0.2888048474700231, "MRm_new": 2726.938118308395, "HITS@1m_new": 0.2115420545199886, "HITS@3m_new": 0.3106343686237233, "HITS@10m_new": 0.4492028612880968}