{"MRRm_new": 0.18011841339532111, "MRm_new": 180.82663194179534, "HITS@1m_new": 0.10835062063010409, "HITS@3m_new": 0.19014356145281344, "HITS@10m_new": 0.3240162147073075}