{"MRRm_new": 0.5835118273118478, "MRm_new": 151.2435632111281, "HITS@1m_new": 0.5107716002300476, "HITS@3m_new": 0.6211414357942995, "HITS@10m_new": 0.7171980795995624}