{"MRRm_new": 0.6802650387820649, "MRm_new": 188.62599804068356, "HITS@1m_new": 0.6238084185976913, "HITS@3m_new": 0.7117125665734638, "HITS@10m_new": 0.7870125390405228}