{"MRRm_new": 0.5361758538965751, "MRm_new": 212.28435102317482, "HITS@1m_new": 0.474267412916146, "HITS@3m_new": 0.5601728039642876, "HITS@10m_new": 0.6565146941230924}