{"MRRm_new": 0.13939440345093607, "MRm_new": 345.14221705389025, "HITS@1m_new": 0.07731998101647478, "HITS@3m_new": 0.1474153003218642, "HITS@10m_new": 0.25915066889582666}