{"MRRm_new": 0.3135466739146918, "MRm_new": 1652.3652495670915, "HITS@1m_new": 0.22907329725939782, "HITS@3m_new": 0.34588055950484703, "HITS@10m_new": 0.4817284374090377}