{"MRRm_new": 0.24463125604155903, "MRm_new": 392.3299356710166, "HITS@1m_new": 0.16493748672241054, "HITS@3m_new": 0.27661178731724795, "HITS@10m_new": 0.3950425143903412}