{"MRRm_new": 0.2506939114766108, "MRm_new": 340.50398286435603, "HITS@1m_new": 0.17547285127366194, "HITS@3m_new": 0.2671980210637208, "HITS@10m_new": 0.407348456554953}