{"MRRm_new": 0.618171449330579, "MRm_new": 182.90496956257522, "HITS@1m_new": 0.5446546338389598, "HITS@3m_new": 0.6568175317716086, "HITS@10m_new": 0.7589107719877501}