{"MRRm_new": 0.12107592941673065, "MRm_new": 448.96799546792505, "HITS@1m_new": 0.06604397452772828, "HITS@3m_new": 0.12798743344938848, "HITS@10m_new": 0.2273891860471107}