{"MRRm_new": 0.49529458233492735, "MRm_new": 191.3251110586524, "HITS@1m_new": 0.38834299203998307, "HITS@3m_new": 0.5515994723589429, "HITS@10m_new": 0.7045361599062017}