{"MRRm_new": 0.32132957435587467, "MRm_new": 1675.6609731017054, "HITS@1m_new": 0.240361092933279, "HITS@3m_new": 0.3501837594222743, "HITS@10m_new": 0.4809687723543029}