{"MRRm_new": 0.32513846925153983, "MRm_new": 1551.4582871521711, "HITS@1m_new": 0.2418759193343576, "HITS@3m_new": 0.35852262877800967, "HITS@10m_new": 0.4909304702321533}