{"MRRm_new": 0.5107699561813425, "MRm_new": 181.63426501391828, "HITS@1m_new": 0.40005079473654404, "HITS@3m_new": 0.569538477351769, "HITS@10m_new": 0.7321373814961989}