{"MRRm_new": 0.18116156442938663, "MRm_new": 333.18881690921785, "HITS@1m_new": 0.11551114156346884, "HITS@3m_new": 0.18737075762720778, "HITS@10m_new": 0.3237081121480558}