{"MRRm_new": 0.11929653720517963, "MRm_new": 3668.882249852562, "HITS@1m_new": 0.076447542573791, "HITS@3m_new": 0.12497258521635085, "HITS@10m_new": 0.20613787026288918}