{"MRRm_new": 0.11619740836017299, "MRm_new": 697.0748622546911, "HITS@1m_new": 0.07019815667433431, "HITS@3m_new": 0.11947596936071059, "HITS@10m_new": 0.2037877683970728}