{"MRRm_new": 0.2947786815439358, "MRm_new": 281.0255234966576, "HITS@1m_new": 0.21223711083119998, "HITS@3m_new": 0.3261879890102136, "HITS@10m_new": 0.4522096855080745}