{"MRRm_new": 0.13518190514969503, "MRm_new": 15994.610410019755, "HITS@1m_new": 0.09041498810600024, "HITS@3m_new": 0.14671196638583206, "HITS@10m_new": 0.22867606051452458}