{"MRRm_new": 0.5103885188123622, "MRm_new": 195.3186540043205, "HITS@1m_new": 0.4027323059718765, "HITS@3m_new": 0.5690486288436623, "HITS@10m_new": 0.7206030186836142}