{"MRRm_new": 0.2631222571663097, "MRm_new": 2330.2988441658317, "HITS@1m_new": 0.19507313194045856, "HITS@3m_new": 0.2846056736338796, "HITS@10m_new": 0.39057218251610176}