{"MRRm_new": 0.565342880742267, "MRm_new": 220.6196465845704, "HITS@1m_new": 0.4878184094774333, "HITS@3m_new": 0.603193037460609, "HITS@10m_new": 0.7145315540602897}