{"MRRm_new": 0.18981371398171767, "MRm_new": 2034.7055370544492, "HITS@1m_new": 0.12493627010803902, "HITS@3m_new": 0.19955550627066987, "HITS@10m_new": 0.3165999775627861}