{"MRRm_new": 0.5006727254012748, "MRm_new": 201.27054095852375, "HITS@1m_new": 0.3912193321694504, "HITS@3m_new": 0.5589684937881866, "HITS@10m_new": 0.7208310900994802}