{"MRRm_new": 0.6113807339064433, "MRm_new": 190.49994960388543, "HITS@1m_new": 0.5374257375142042, "HITS@3m_new": 0.6499907039945246, "HITS@10m_new": 0.7541807243155199}