{"MRRm_new": 0.2899988251791797, "MRm_new": 2271.771728806555, "HITS@1m_new": 0.21218898996076313, "HITS@3m_new": 0.3217893203385174, "HITS@10m_new": 0.44368271870864556}