{"MRRm_new": 0.18647362872411613, "MRm_new": 343.64528378760815, "HITS@1m_new": 0.12155349831667846, "HITS@3m_new": 0.19542779244234554, "HITS@10m_new": 0.31829083509724587}