{"MRRm_new": 0.11855354926955042, "MRm_new": 3698.2608515983106, "HITS@1m_new": 0.07571717246836052, "HITS@3m_new": 0.12404290162231774, "HITS@10m_new": 0.20604721767706796}