{"MRRm_new": 0.26616613490692, "MRm_new": 2924.813443162531, "HITS@1m_new": 0.20191791478385857, "HITS@3m_new": 0.28331169788019905, "HITS@10m_new": 0.3921966611094831}