{"MRRm_new": 0.341324513580661, "MRm_new": 158.0061374347508, "HITS@1m_new": 0.25316513390153705, "HITS@3m_new": 0.37818888855796834, "HITS@10m_new": 0.5106841219952039}