{"MRRm_new": 0.7297055835179063, "MRm_new": 128.32364040046932, "HITS@1m_new": 0.673200620274627, "HITS@3m_new": 0.7619483409015011, "HITS@10m_new": 0.8349882635788526}