{"MRRm_new": 0.3116179037341435, "MRm_new": 1753.5849232103228, "HITS@1m_new": 0.2280490337656811, "HITS@3m_new": 0.343849510889384, "HITS@10m_new": 0.4774301495386753}