{"MRRm_new": 0.20115687614053168, "MRm_new": 381.3506324572563, "HITS@1m_new": 0.13517148567154072, "HITS@3m_new": 0.21267665840967093, "HITS@10m_new": 0.335500487605331}