{"MRRm_new": 0.22323684336226823, "MRm_new": 1118.389295407027, "HITS@1m_new": 0.1507272881534009, "HITS@3m_new": 0.2388260493769776, "HITS@10m_new": 0.36541161078505685}