{"MRRm_new": 0.2322435458424603, "MRm_new": 245.9216171907902, "HITS@1m_new": 0.15432746979962103, "HITS@3m_new": 0.24696147646079772, "HITS@10m_new": 0.3865361740840599}