{"MRRm_new": 0.1515907333200603, "MRm_new": 4132.3145367102625, "HITS@1m_new": 0.10009093596259482, "HITS@3m_new": 0.1588162972673017, "HITS@10m_new": 0.2512442366442556}