{"MRRm_new": 0.2248470055242753, "MRm_new": 244.86164334218503, "HITS@1m_new": 0.14201692891750717, "HITS@3m_new": 0.2399182651969604, "HITS@10m_new": 0.3865417604059447}