{"MRRm_new": 0.29361742993404777, "MRm_new": 2319.6236986683307, "HITS@1m_new": 0.215177768496098, "HITS@3m_new": 0.3166000030270079, "HITS@10m_new": 0.45338782885717227}