{"MRRm_new": 0.26106184621959694, "MRm_new": 343.90125727989675, "HITS@1m_new": 0.18394485015366227, "HITS@3m_new": 0.27825005837907085, "HITS@10m_new": 0.419165914593637}