{"MRRm_new": 0.21581107308110176, "MRm_new": 1138.4115293606221, "HITS@1m_new": 0.14582899468715185, "HITS@3m_new": 0.22895795694726984, "HITS@10m_new": 0.3541001968268538}