{"MRRm_new": 0.20001564403188513, "MRm_new": 447.82289598383755, "HITS@1m_new": 0.1292840438654821, "HITS@3m_new": 0.21522436626013586, "HITS@10m_new": 0.3402917096634701}