{"MRRm_new": 0.6843414721946083, "MRm_new": 174.51594056035577, "HITS@1m_new": 0.632180402666756, "HITS@3m_new": 0.7114984397669832, "HITS@10m_new": 0.7796817996464451}