{"MRRm_new": 0.09546807881921268, "MRm_new": 772.2872918298722, "HITS@1m_new": 0.052832633517112114, "HITS@3m_new": 0.09621435307174689, "HITS@10m_new": 0.1755193524235394}