{"MRRm_new": 0.22118403343439277, "MRm_new": 271.7629894464731, "HITS@1m_new": 0.13700795870408183, "HITS@3m_new": 0.24158669646097114, "HITS@10m_new": 0.3889638437319547}