{"MRRm_new": 0.16573003663327399, "MRm_new": 248.59685553810596, "HITS@1m_new": 0.09491671023704111, "HITS@3m_new": 0.1760436090725474, "HITS@10m_new": 0.31205812004143374}