{"MRRm_new": 0.5308426965671043, "MRm_new": 237.74608502013237, "HITS@1m_new": 0.46694022003038116, "HITS@3m_new": 0.5557879828226542, "HITS@10m_new": 0.6546919909749195}