{"MRRm_new": 0.20228605725192755, "MRm_new": 304.0496826280594, "HITS@1m_new": 0.13739914457552949, "HITS@3m_new": 0.2116938175323303, "HITS@10m_new": 0.33591175336018203}