{"MRRm_new": 0.17597614753422677, "MRm_new": 340.04880624194146, "HITS@1m_new": 0.10430938603871619, "HITS@3m_new": 0.18985737930807517, "HITS@10m_new": 0.31577615829221906}