{"MRRm_new": 0.07982129603279318, "MRm_new": 663.096691023612, "HITS@1m_new": 0.03915663060899824, "HITS@3m_new": 0.07829021748147207, "HITS@10m_new": 0.16002369563733226}