{"MRRm_new": 0.32563481627226476, "MRm_new": 1704.393324249476, "HITS@1m_new": 0.24694477169320453, "HITS@3m_new": 0.3555821343015414, "HITS@10m_new": 0.4782266613016836}