{"MRRm_new": 0.1918227858169179, "MRm_new": 431.8160143117428, "HITS@1m_new": 0.12606700693621534, "HITS@3m_new": 0.2082531792871654, "HITS@10m_new": 0.31763356599675024}