{"MRRm_new": 0.2825842329772636, "MRm_new": 2543.648518130243, "HITS@1m_new": 0.2076382730275509, "HITS@3m_new": 0.3090554518385907, "HITS@10m_new": 0.4283862891138124}