{"MRRm_new": 0.2200073801227787, "MRm_new": 282.0194686714411, "HITS@1m_new": 0.13594825239541242, "HITS@3m_new": 0.23294562216564083, "HITS@10m_new": 0.40483662135698834}