{"MRRm_new": 0.2392353379306107, "MRm_new": 356.8483153835535, "HITS@1m_new": 0.1639322660300415, "HITS@3m_new": 0.25892122875368223, "HITS@10m_new": 0.39519391788849606}