{"MRRm_new": 0.25507070883045935, "MRm_new": 3889.385525029093, "HITS@1m_new": 0.17653471565590007, "HITS@3m_new": 0.2748563744361454, "HITS@10m_new": 0.40945950292341876}