{"MRRm_new": 0.22664192084462847, "MRm_new": 309.3749514041185, "HITS@1m_new": 0.14654059926015325, "HITS@3m_new": 0.2490326185295591, "HITS@10m_new": 0.38502064950681525}