{"MRRm_new": 0.33890486742885695, "MRm_new": 441.8743393425122, "HITS@1m_new": 0.273617409464714, "HITS@3m_new": 0.36372091524411737, "HITS@10m_new": 0.4566712905746426}