{"MRRm_new": 0.5250382359216028, "MRm_new": 124.61378818483651, "HITS@1m_new": 0.4546011014189571, "HITS@3m_new": 0.5584232312383829, "HITS@10m_new": 0.6525250902933767}