{"MRRm_new": 0.19847031782242266, "MRm_new": 465.233321470581, "HITS@1m_new": 0.12915539462556627, "HITS@3m_new": 0.21380566482511495, "HITS@10m_new": 0.3360233251380705}