{"MRRm_new": 0.22131043152281346, "MRm_new": 270.4258573643684, "HITS@1m_new": 0.1403671299665235, "HITS@3m_new": 0.23435350816240536, "HITS@10m_new": 0.3840590554759838}