{"MRRm_new": 0.3056384088465606, "MRm_new": 2175.4916950243414, "HITS@1m_new": 0.22648068775469438, "HITS@3m_new": 0.3273428937273566, "HITS@10m_new": 0.4749974159713602}