{"MRRm_new": 0.17720343332414779, "MRm_new": 332.0004424894333, "HITS@1m_new": 0.10570964738978655, "HITS@3m_new": 0.19175199857578845, "HITS@10m_new": 0.3148818458467722}