{"MRRm_new": 0.4229299977223045, "MRm_new": 241.88838237325103, "HITS@1m_new": 0.35419583697537016, "HITS@3m_new": 0.4546202663535805, "HITS@10m_new": 0.5476629335461621}