{"MRRm_new": 0.12472135025900788, "MRm_new": 289.0795888516188, "HITS@1m_new": 0.06412773364721798, "HITS@3m_new": 0.13415351951066404, "HITS@10m_new": 0.2372364052900113}