{"MRRm_new": 0.2457938535911062, "MRm_new": 4956.723599708378, "HITS@1m_new": 0.17035711726127192, "HITS@3m_new": 0.2637597888385353, "HITS@10m_new": 0.39821394527770465}