{"MRRm_new": 0.1727435235556277, "MRm_new": 564.7448494307771, "HITS@1m_new": 0.10636964179725328, "HITS@3m_new": 0.18693898777346477, "HITS@10m_new": 0.30664095698706295}