{"MRRm_new": 0.32054167354479884, "MRm_new": 207.17302832701802, "HITS@1m_new": 0.23534993070565544, "HITS@3m_new": 0.35423227071944713, "HITS@10m_new": 0.48344145294164625}