{"MRRm_new": 0.4383299759150118, "MRm_new": 1179.1729793831705, "HITS@1m_new": 0.32599380053952337, "HITS@3m_new": 0.5023448126437142, "HITS@10m_new": 0.6578323351405561}