{"MRRm_new": 0.19557391917105404, "MRm_new": 1903.5048646464347, "HITS@1m_new": 0.12886890591483097, "HITS@3m_new": 0.20634615766792558, "HITS@10m_new": 0.3258764005529229}