{"MRRm_new": 0.21122135132536352, "MRm_new": 324.5549356538534, "HITS@1m_new": 0.13207214797468622, "HITS@3m_new": 0.22715899512883042, "HITS@10m_new": 0.36973924675966846}