{"MRRm_new": 0.6949514289640665, "MRm_new": 145.25423167531193, "HITS@1m_new": 0.6381300561121461, "HITS@3m_new": 0.7258344495841884, "HITS@10m_new": 0.8014431105007243}