{"MRRm_new": 0.4601379531243319, "MRm_new": 205.69084946917744, "HITS@1m_new": 0.39044220147716985, "HITS@3m_new": 0.49386360501492166, "HITS@10m_new": 0.5868305458499672}