{"MRRm_new": 0.3106488922097169, "MRm_new": 1608.380560675174, "HITS@1m_new": 0.22723917603032898, "HITS@3m_new": 0.3434285233790288, "HITS@10m_new": 0.4775572411362664}