{"MRRm_new": 0.0921058741427827, "MRm_new": 518.1252333312511, "HITS@1m_new": 0.04262780751666287, "HITS@3m_new": 0.0973396625694586, "HITS@10m_new": 0.18528507120031865}