{"MRRm_new": 0.3932457525957634, "MRm_new": 357.66511528272184, "HITS@1m_new": 0.30946826016390694, "HITS@3m_new": 0.4253706267416419, "HITS@10m_new": 0.5560246076112526}