{"MRRm_new": 0.13486422195992917, "MRm_new": 15080.2946586335, "HITS@1m_new": 0.09043937120656483, "HITS@3m_new": 0.1481422704597935, "HITS@10m_new": 0.2210399523919914}