{"MRRm_new": 0.1326780977023518, "MRm_new": 417.332200817585, "HITS@1m_new": 0.0744262305062497, "HITS@3m_new": 0.14095978108881974, "HITS@10m_new": 0.24874838000312446}