{"MRRm_new": 0.3268828695140678, "MRm_new": 1627.8627095234692, "HITS@1m_new": 0.24754863309871872, "HITS@3m_new": 0.35604272773559204, "HITS@10m_new": 0.48118338705552743}