{"MRRm_new": 0.47460595194769256, "MRm_new": 1048.8426934576332, "HITS@1m_new": 0.3644612514507026, "HITS@3m_new": 0.5294362598322332, "HITS@10m_new": 0.6920917874854058}