{"MRRm_new": 0.23339229540957313, "MRm_new": 240.96473519523144, "HITS@1m_new": 0.15017877354086376, "HITS@3m_new": 0.25021521110674366, "HITS@10m_new": 0.39647951838639567}