{"MRRm_new": 0.5056877891646846, "MRm_new": 196.71023056198658, "HITS@1m_new": 0.3981983188536142, "HITS@3m_new": 0.5659021577427302, "HITS@10m_new": 0.7137623865430578}