{"MRRm_new": 0.3518817562896993, "MRm_new": 415.36764437095076, "HITS@1m_new": 0.2835512697574377, "HITS@3m_new": 0.3799462735332199, "HITS@10m_new": 0.478647209529081}