{"MRRm_new": 0.19975988134213685, "MRm_new": 1527.8519691526592, "HITS@1m_new": 0.13163202303109575, "HITS@3m_new": 0.21305022173875476, "HITS@10m_new": 0.3372893365622731}