{"MRRm_new": 0.5114051659978386, "MRm_new": 190.54789307963847, "HITS@1m_new": 0.4049247748137168, "HITS@3m_new": 0.5697135814833637, "HITS@10m_new": 0.7196763380328921}