{"MRRm_new": 0.4337608206272844, "MRm_new": 206.17555419299006, "HITS@1m_new": 0.3207670123590542, "HITS@3m_new": 0.485523106666049, "HITS@10m_new": 0.667018151293305}