{"MRRm_new": 0.31457074366321697, "MRm_new": 1881.088858476013, "HITS@1m_new": 0.23237532483285758, "HITS@3m_new": 0.33990340095991267, "HITS@10m_new": 0.48742961986974115}