{"MRRm_new": 0.1210835455027438, "MRm_new": 448.96807528131006, "HITS@1m_new": 0.0660257927090046, "HITS@3m_new": 0.12817410011684988, "HITS@10m_new": 0.2273891860471107}