{"MRRm_new": 0.23270936565367156, "MRm_new": 251.7309715739727, "HITS@1m_new": 0.15437017511823214, "HITS@3m_new": 0.24748598609580658, "HITS@10m_new": 0.38834448395455257}