{"MRRm_new": 0.29962309539947635, "MRm_new": 2369.66050056234, "HITS@1m_new": 0.22630739224678836, "HITS@3m_new": 0.32677481311466544, "HITS@10m_new": 0.4485724086584523}