{"MRRm_new": 0.1660159687747655, "MRm_new": 277.5936546138287, "HITS@1m_new": 0.09898588036373257, "HITS@3m_new": 0.1763999626980163, "HITS@10m_new": 0.29947123206946996}