{"MRRm_new": 0.3013359586396832, "MRm_new": 2470.7390768420696, "HITS@1m_new": 0.23105607016891008, "HITS@3m_new": 0.32054463654055143, "HITS@10m_new": 0.4409808671274513}