{"MRRm_new": 0.1899758899033577, "MRm_new": 566.4994336071238, "HITS@1m_new": 0.12449662302718206, "HITS@3m_new": 0.20461643614398417, "HITS@10m_new": 0.32090000896277343}