{"MRRm_new": 0.139620580930708, "MRm_new": 16303.766538509428, "HITS@1m_new": 0.09266846782172797, "HITS@3m_new": 0.15713618441781727, "HITS@10m_new": 0.2354472731545684}