{"MRRm_new": 0.1091396809965081, "MRm_new": 633.9611580809832, "HITS@1m_new": 0.06516018842776539, "HITS@3m_new": 0.11248661980134202, "HITS@10m_new": 0.19298426511583383}