{"MRRm_new": 0.18545153498137223, "MRm_new": 434.74311681287287, "HITS@1m_new": 0.12221893176842132, "HITS@3m_new": 0.19847563264342025, "HITS@10m_new": 0.30778209096419157}