{"MRRm_new": 0.10254537980809546, "MRm_new": 606.9695329427004, "HITS@1m_new": 0.06082780167812016, "HITS@3m_new": 0.10274713650245686, "HITS@10m_new": 0.18073092321222647}