{"MRRm_new": 0.22169739159989557, "MRm_new": 839.5351605938673, "HITS@1m_new": 0.15245662019471637, "HITS@3m_new": 0.23596200145350305, "HITS@10m_new": 0.35780104832584037}