{"MRRm_new": 0.28831041044094535, "MRm_new": 2081.9033754687907, "HITS@1m_new": 0.21120143420656678, "HITS@3m_new": 0.3116470882621361, "HITS@10m_new": 0.44376634810213}