{"MRRm_new": 0.6877037876822596, "MRm_new": 196.37674139554798, "HITS@1m_new": 0.6311262351436089, "HITS@3m_new": 0.7173468762768862, "HITS@10m_new": 0.794235670193215}