{"MRRm_new": 0.6649943650997612, "MRm_new": 191.49800664266198, "HITS@1m_new": 0.6089405015404009, "HITS@3m_new": 0.6936090888148174, "HITS@10m_new": 0.7711365044095292}