{"MRRm_new": 0.5226940330793223, "MRm_new": 156.68843232533337, "HITS@1m_new": 0.41069753124443015, "HITS@3m_new": 0.5838158375943349, "HITS@10m_new": 0.7429979970986169}