{"MRRm_new": 0.33590290415697566, "MRm_new": 335.59455188550055, "HITS@1m_new": 0.24856031335391163, "HITS@3m_new": 0.3665977826019371, "HITS@10m_new": 0.5114181281011552}