{"MRRm_new": 0.5101393069337873, "MRm_new": 241.06996553751083, "HITS@1m_new": 0.4471538804248994, "HITS@3m_new": 0.5356906852621469, "HITS@10m_new": 0.6307836092507386}