{"MRRm_new": 0.1515409526334828, "MRm_new": 309.57481073269844, "HITS@1m_new": 0.08839711878693197, "HITS@3m_new": 0.16230871727387422, "HITS@10m_new": 0.27497164764074844}