{"MRRm_new": 0.12625701197526942, "MRm_new": 316.16888050820825, "HITS@1m_new": 0.06558958801541012, "HITS@3m_new": 0.13301300616986117, "HITS@10m_new": 0.24344264107253402}