{"MRRm_new": 0.20239316447076272, "MRm_new": 403.3712632784367, "HITS@1m_new": 0.13741021137466888, "HITS@3m_new": 0.2159883197397692, "HITS@10m_new": 0.33156120901042596}