{"MRRm_new": 0.45552214831057836, "MRm_new": 1183.1226333464085, "HITS@1m_new": 0.34460848579229786, "HITS@3m_new": 0.5083680874416605, "HITS@10m_new": 0.6728637807723135}