{"MRRm_new": 0.10408300510523841, "MRm_new": 3693.577093973279, "HITS@1m_new": 0.05961982596088201, "HITS@3m_new": 0.10941088114161976, "HITS@10m_new": 0.19602672846959904}