{"MRRm_new": 0.29095227467405493, "MRm_new": 246.1247996748835, "HITS@1m_new": 0.20992200513323042, "HITS@3m_new": 0.3206756303868824, "HITS@10m_new": 0.44632941608226245}