{"MRRm_new": 0.09329001861974248, "MRm_new": 611.7322975564957, "HITS@1m_new": 0.05011212373578455, "HITS@3m_new": 0.0970473776999279, "HITS@10m_new": 0.16991213811036432}