{"MRRm_new": 0.47363246668468767, "MRm_new": 239.9302664834708, "HITS@1m_new": 0.37138774874940644, "HITS@3m_new": 0.5261207844945566, "HITS@10m_new": 0.6764410699569853}