{"MRRm_new": 0.6921599053120789, "MRm_new": 194.41391537095606, "HITS@1m_new": 0.6356462010190371, "HITS@3m_new": 0.721983299204494, "HITS@10m_new": 0.7987624021133233}