{"MRRm_new": 0.5655672926309017, "MRm_new": 174.53239332097024, "HITS@1m_new": 0.49485625754582363, "HITS@3m_new": 0.6014743796112015, "HITS@10m_new": 0.6967842814183969}