{"MRRm_new": 0.4370931899001698, "MRm_new": 82.70305930384994, "HITS@1m_new": 0.32749330105859553, "HITS@3m_new": 0.49350412298570157, "HITS@10m_new": 0.6450515858174767}