{"MRRm_new": 0.09851916805047367, "MRm_new": 643.3139286012411, "HITS@1m_new": 0.0568360796653782, "HITS@3m_new": 0.09864343904949492, "HITS@10m_new": 0.17969077502537403}