{"MRRm_new": 0.23295460624787664, "MRm_new": 243.04773183953762, "HITS@1m_new": 0.15499650981458835, "HITS@3m_new": 0.24875792972105557, "HITS@10m_new": 0.3867986948430538}