{"MRRm_new": 0.14751630489667605, "MRm_new": 629.9375229549929, "HITS@1m_new": 0.08682645666461394, "HITS@3m_new": 0.15645437252950797, "HITS@10m_new": 0.270246388823849}