{"MRRm_new": 0.13607941816037328, "MRm_new": 3890.930306559801, "HITS@1m_new": 0.08771726773359115, "HITS@3m_new": 0.14267907660822676, "HITS@10m_new": 0.2321518235331023}