{"MRRm_new": 0.6216337739461906, "MRm_new": 62.68862669982016, "HITS@1m_new": 0.5525162397294189, "HITS@3m_new": 0.6603160969436868, "HITS@10m_new": 0.7472536799649242}