{"MRRm_new": 0.18531818715536502, "MRm_new": 362.2993839150071, "HITS@1m_new": 0.12019003958416288, "HITS@3m_new": 0.19473918813884958, "HITS@10m_new": 0.31664567362563684}