{"MRRm_new": 0.3058388530518978, "MRm_new": 458.0539494465962, "HITS@1m_new": 0.24789585152423388, "HITS@3m_new": 0.32395537901126226, "HITS@10m_new": 0.4119970103263695}