{"MRRm_new": 0.4054844724919276, "MRm_new": 283.1155517820567, "HITS@1m_new": 0.3155692082545429, "HITS@3m_new": 0.44310327849747044, "HITS@10m_new": 0.5825586887154787}