{"MRRm_new": 0.2911452342163584, "MRm_new": 3182.8592772415727, "HITS@1m_new": 0.25423584334214683, "HITS@3m_new": 0.30531896503266764, "HITS@10m_new": 0.36003894356591265}