{"MRRm_new": 0.4041490593753833, "MRm_new": 284.6431452787667, "HITS@1m_new": 0.3147644882189052, "HITS@3m_new": 0.44201207504037665, "HITS@10m_new": 0.5793759005700267}