{"MRRm_new": 0.19453037291331748, "MRm_new": 564.2942698212638, "HITS@1m_new": 0.12760051975480746, "HITS@3m_new": 0.21082349400352904, "HITS@10m_new": 0.32865144246881756}