{"MRRm_new": 0.10842689657102747, "MRm_new": 3886.6458720310925, "HITS@1m_new": 0.06283143126498908, "HITS@3m_new": 0.11309796862774528, "HITS@10m_new": 0.2000707699200604}