{"MRRm_new": 0.5076372306067979, "MRm_new": 185.918212671414, "HITS@1m_new": 0.39803230082098523, "HITS@3m_new": 0.5652218720673663, "HITS@10m_new": 0.7267565766957705}