{"MRRm_new": 0.5075069895631732, "MRm_new": 121.60452219210565, "HITS@1m_new": 0.4374694996915059, "HITS@3m_new": 0.5419242008674482, "HITS@10m_new": 0.6317620048118697}