{"MRRm_new": 0.204861733164177, "MRm_new": 377.41302266163825, "HITS@1m_new": 0.13782856219509848, "HITS@3m_new": 0.21679598980715964, "HITS@10m_new": 0.3390049467060482}