{"MRRm_new": 0.48114358648125016, "MRm_new": 217.03910745440425, "HITS@1m_new": 0.3795859029820022, "HITS@3m_new": 0.5339754023482856, "HITS@10m_new": 0.6800414718657121}