{"MRRm_new": 0.41694675021910005, "MRm_new": 316.4063566522375, "HITS@1m_new": 0.34464992857073595, "HITS@3m_new": 0.44478122141666243, "HITS@10m_new": 0.5535474827810248}