{"MRRm_new": 0.2493456875937569, "MRm_new": 389.6132595009804, "HITS@1m_new": 0.17424868445144967, "HITS@3m_new": 0.2668493340163492, "HITS@10m_new": 0.40299449487654493}