{"MRRm_new": 0.36807532804297716, "MRm_new": 416.23091671503335, "HITS@1m_new": 0.2852332211912144, "HITS@3m_new": 0.40199692876452536, "HITS@10m_new": 0.5269337138433257}