{"MRRm_new": 0.11458513162030867, "MRm_new": 3580.564425310111, "HITS@1m_new": 0.07309968909434975, "HITS@3m_new": 0.12028791489931755, "HITS@10m_new": 0.20112699596844613}