{"MRRm_new": 0.10440918603861646, "MRm_new": 3627.8842845758913, "HITS@1m_new": 0.05934953777072951, "HITS@3m_new": 0.11039736239542253, "HITS@10m_new": 0.19823949553342535}