{"MRRm_new": 0.11306528968977364, "MRm_new": 420.612891707325, "HITS@1m_new": 0.0583135890617501, "HITS@3m_new": 0.11824610626907088, "HITS@10m_new": 0.2203034983396996}