{"MRRm_new": 0.08027971900492557, "MRm_new": 656.9318189365625, "HITS@1m_new": 0.03958017937047407, "HITS@3m_new": 0.07804022871354828, "HITS@10m_new": 0.16131738381753677}