{"MRRm_new": 0.2306184412689705, "MRm_new": 434.8157804125786, "HITS@1m_new": 0.15527509684228571, "HITS@3m_new": 0.24725380168398842, "HITS@10m_new": 0.3838989451972768}