{"MRRm_new": 0.2727871103272164, "MRm_new": 2264.391613578409, "HITS@1m_new": 0.22348645172608667, "HITS@3m_new": 0.29232899817452196, "HITS@10m_new": 0.36755974854310625}