{"MRRm_new": 0.23130810783790076, "MRm_new": 259.22904008147714, "HITS@1m_new": 0.14332991772086243, "HITS@3m_new": 0.24436693789676647, "HITS@10m_new": 0.4269150665595662}