{"MRRm_new": 0.19551615141108505, "MRm_new": 530.074973585017, "HITS@1m_new": 0.1258417971099334, "HITS@3m_new": 0.2125338342170362, "HITS@10m_new": 0.3346264743504544}