{"MRRm_new": 0.2537422074740491, "MRm_new": 356.5894311334848, "HITS@1m_new": 0.17752359618680785, "HITS@3m_new": 0.2726832243778277, "HITS@10m_new": 0.41030226446753365}