{"MRRm_new": 0.24544674293900026, "MRm_new": 226.25993241388798, "HITS@1m_new": 0.16516017949488013, "HITS@3m_new": 0.2636489887116477, "HITS@10m_new": 0.4032596871600952}