{"MRRm_new": 0.22320142671346985, "MRm_new": 263.7192429323673, "HITS@1m_new": 0.1403550497388118, "HITS@3m_new": 0.23753222358031198, "HITS@10m_new": 0.3889672648101579}