{"MRRm_new": 0.17768469374436244, "MRm_new": 551.7996289078712, "HITS@1m_new": 0.11646884761138354, "HITS@3m_new": 0.1875192952315323, "HITS@10m_new": 0.30112786809625103}