{"MRRm_new": 0.7049500117693851, "MRm_new": 155.61469316019864, "HITS@1m_new": 0.6447055810119491, "HITS@3m_new": 0.7392801627998706, "HITS@10m_new": 0.8162632348574407}