{"MRRm_new": 0.5170130508311503, "MRm_new": 238.28449903368204, "HITS@1m_new": 0.4537901951533713, "HITS@3m_new": 0.5433630561759055, "HITS@10m_new": 0.63774330746962}