{"MRRm_new": 0.17773129460285855, "MRm_new": 362.3822355325222, "HITS@1m_new": 0.10712969449348747, "HITS@3m_new": 0.18751704546646214, "HITS@10m_new": 0.315659843916184}