{"MRRm_new": 0.18719983391893946, "MRm_new": 2055.7231208273174, "HITS@1m_new": 0.12105892976588803, "HITS@3m_new": 0.19882976676212274, "HITS@10m_new": 0.31488811727659777}