{"MRRm_new": 0.2915082022655142, "MRm_new": 2011.4700325269102, "HITS@1m_new": 0.2142324070794275, "HITS@3m_new": 0.31545367766299753, "HITS@10m_new": 0.4476032363935374}