{"MRRm_new": 0.15141205908463745, "MRm_new": 309.3141456847906, "HITS@1m_new": 0.08852309956641402, "HITS@3m_new": 0.16191387394354678, "HITS@10m_new": 0.2748505143375252}