{"MRRm_new": 0.3167669386719208, "MRm_new": 2097.0640539118053, "HITS@1m_new": 0.2347237707930617, "HITS@3m_new": 0.3505119176680455, "HITS@10m_new": 0.47761419720109555}