{"MRRm_new": 0.12341109823785228, "MRm_new": 3795.1330921123026, "HITS@1m_new": 0.07889012415921315, "HITS@3m_new": 0.13127920379950664, "HITS@10m_new": 0.2150945003020577}