{"MRRm_new": 0.21357952769634267, "MRm_new": 2049.0373604826927, "HITS@1m_new": 0.1455741542040778, "HITS@3m_new": 0.23009214262961178, "HITS@10m_new": 0.3459411834910279}