{"MRRm_new": 0.5494106574396992, "MRm_new": 64.90090123546868, "HITS@1m_new": 0.47262605373072436, "HITS@3m_new": 0.5824637820353964, "HITS@10m_new": 0.6965649600209436}