{"MRRm_new": 0.0924397812788724, "MRm_new": 641.5079703689098, "HITS@1m_new": 0.049354223207267935, "HITS@3m_new": 0.0959723126799101, "HITS@10m_new": 0.1687892540211673}