{"MRRm_new": 0.31690943660673565, "MRm_new": 1470.3424492279887, "HITS@1m_new": 0.23598075876082295, "HITS@3m_new": 0.34760866082599384, "HITS@10m_new": 0.48013746047555467}