{"MRRm_new": 0.3038713262997312, "MRm_new": 2254.940428102076, "HITS@1m_new": 0.22540043926471845, "HITS@3m_new": 0.32929928811243736, "HITS@10m_new": 0.4663136621386511}