{"MRRm_new": 0.5477227314436104, "MRm_new": 194.34664874037355, "HITS@1m_new": 0.4717888411188906, "HITS@3m_new": 0.5818590289330022, "HITS@10m_new": 0.6913599833242188}