{"MRRm_new": 0.09771047731436847, "MRm_new": 676.0761679180383, "HITS@1m_new": 0.05428524533984019, "HITS@3m_new": 0.09697197352392832, "HITS@10m_new": 0.1809843704480212}