{"MRRm_new": 0.5997379970501415, "MRm_new": 206.10812884479762, "HITS@1m_new": 0.5268033056650747, "HITS@3m_new": 0.6371869025130873, "HITS@10m_new": 0.7399795281589613}