{"MRRm_new": 0.2201574833767503, "MRm_new": 300.93685174381733, "HITS@1m_new": 0.13982675088648686, "HITS@3m_new": 0.23382500788606703, "HITS@10m_new": 0.3801260482929647}