{"MRRm_new": 0.20149090969745448, "MRm_new": 405.3930747102261, "HITS@1m_new": 0.1359238163572736, "HITS@3m_new": 0.21353673667826223, "HITS@10m_new": 0.33325809028194053}