{"MRRm_new": 0.08034539457305363, "MRm_new": 666.1319652868033, "HITS@1m_new": 0.039819919634074906, "HITS@3m_new": 0.07842377558635781, "HITS@10m_new": 0.16015866359985667}