{"MRRm_new": 0.38639144012362614, "MRm_new": 350.7110926074833, "HITS@1m_new": 0.3176817745878288, "HITS@3m_new": 0.4101923743895604, "HITS@10m_new": 0.5186263773345999}