{"MRRm_new": 0.11576915016120475, "MRm_new": 3632.3044812388657, "HITS@1m_new": 0.07314520946610718, "HITS@3m_new": 0.12341478664283641, "HITS@10m_new": 0.20273761406810953}