{"MRRm_new": 0.19409282338391132, "MRm_new": 1935.066527213633, "HITS@1m_new": 0.12750424899772042, "HITS@3m_new": 0.20489272848819381, "HITS@10m_new": 0.3243773905929411}