{"MRRm_new": 0.11313646484147612, "MRm_new": 503.8188270301342, "HITS@1m_new": 0.06160061381959822, "HITS@3m_new": 0.11655836461848812, "HITS@10m_new": 0.21313135426333174}