{"MRRm_new": 0.22167612264651507, "MRm_new": 1624.089278541088, "HITS@1m_new": 0.1493444371810765, "HITS@3m_new": 0.23940030089160427, "HITS@10m_new": 0.3644628873647598}