{"MRRm_new": 0.10672273152141279, "MRm_new": 4001.167830238652, "HITS@1m_new": 0.0620508834104985, "HITS@3m_new": 0.110627348262351, "HITS@10m_new": 0.19772313139592299}