{"MRRm_new": 0.2891382511666484, "MRm_new": 2308.2446515336933, "HITS@1m_new": 0.22058375462680124, "HITS@3m_new": 0.309510986548441, "HITS@10m_new": 0.42417119522445135}