{"MRRm_new": 0.11271448570899083, "MRm_new": 504.3739066635609, "HITS@1m_new": 0.06118867041321937, "HITS@3m_new": 0.11590801731675164, "HITS@10m_new": 0.21280464987060987}