{"MRRm_new": 0.2552392246601794, "MRm_new": 2369.362834844142, "HITS@1m_new": 0.17471102169647929, "HITS@3m_new": 0.27478710641595533, "HITS@10m_new": 0.41361288412904834}