{"MRRm_new": 0.3216319702753281, "MRm_new": 214.59669615893065, "HITS@1m_new": 0.23651370952410797, "HITS@3m_new": 0.354729683900674, "HITS@10m_new": 0.48545755075712804}