{"MRRm_new": 0.18033766397661966, "MRm_new": 355.2993524352908, "HITS@1m_new": 0.11498060937597765, "HITS@3m_new": 0.18653831764440984, "HITS@10m_new": 0.3207617968980223}