{"MRRm_new": 0.5066380063707393, "MRm_new": 169.81737021423876, "HITS@1m_new": 0.3970665634383658, "HITS@3m_new": 0.5657257071546082, "HITS@10m_new": 0.722065599669615}