{"MRRm_new": 0.21792881358515934, "MRm_new": 1779.6015071766376, "HITS@1m_new": 0.1471560739467386, "HITS@3m_new": 0.23534247607382713, "HITS@10m_new": 0.3564822658865596}