{"MRRm_new": 0.1693546808613304, "MRm_new": 376.8172178588152, "HITS@1m_new": 0.09540116684535752, "HITS@3m_new": 0.1846878440736793, "HITS@10m_new": 0.31433403801927345}