{"MRRm_new": 0.4438236042157478, "MRm_new": 287.32797276510297, "HITS@1m_new": 0.3713311539582865, "HITS@3m_new": 0.478387048602337, "HITS@10m_new": 0.5768250330485607}