{"MRRm_new": 0.23293267203824963, "MRm_new": 3020.1211458757816, "HITS@1m_new": 0.1710476564951823, "HITS@3m_new": 0.2598601901553266, "HITS@10m_new": 0.35704382462311335}