{"MRRm_new": 0.17602739542201162, "MRm_new": 393.5745804915428, "HITS@1m_new": 0.11193026003589039, "HITS@3m_new": 0.18449534173184073, "HITS@10m_new": 0.3068585323580308}