{"MRRm_new": 0.5405519797539182, "MRm_new": 78.12115325219185, "HITS@1m_new": 0.46289759557211074, "HITS@3m_new": 0.5764412931831321, "HITS@10m_new": 0.6848686497844756}