{"MRRm_new": 0.18369668467816955, "MRm_new": 339.10028002352715, "HITS@1m_new": 0.11184747758607846, "HITS@3m_new": 0.19602730100112967, "HITS@10m_new": 0.319003106369375}