{"MRRm_new": 0.13480537031868445, "MRm_new": 278.45645396885874, "HITS@1m_new": 0.07117503590279957, "HITS@3m_new": 0.14466711918916553, "HITS@10m_new": 0.2552536634089891}