{"MRRm_new": 0.39744848188506693, "MRm_new": 162.48604371890426, "HITS@1m_new": 0.29470434939400003, "HITS@3m_new": 0.44291889669304507, "HITS@10m_new": 0.5958089575513732}