{"MRRm_new": 0.4127941534732226, "MRm_new": 138.8420646851808, "HITS@1m_new": 0.30910723535354917, "HITS@3m_new": 0.4586152649062133, "HITS@10m_new": 0.6148331269343035}