{"MRRm_new": 0.32637562534340214, "MRm_new": 2926.072634197235, "HITS@1m_new": 0.287999073659128, "HITS@3m_new": 0.34366031008040593, "HITS@10m_new": 0.39601426381335475}