{"MRRm_new": 0.7294033189720867, "MRm_new": 37.98591027127206, "HITS@1m_new": 0.6384752178717463, "HITS@3m_new": 0.7951350003838015, "HITS@10m_new": 0.8864842689545476}