{"MRRm_new": 0.49368693293566046, "MRm_new": 215.33375375115872, "HITS@1m_new": 0.38979290858635796, "HITS@3m_new": 0.5483806253066105, "HITS@10m_new": 0.6970764251149958}