{"MRRm_new": 0.4820365200722008, "MRm_new": 284.288507248275, "HITS@1m_new": 0.4202052165753048, "HITS@3m_new": 0.5041648971968316, "HITS@10m_new": 0.598437754595041}