{"MRRm_new": 0.30300117590680564, "MRm_new": 230.8926659807861, "HITS@1m_new": 0.22079394420298923, "HITS@3m_new": 0.33311104998637164, "HITS@10m_new": 0.4608662024264049}