{"MRRm_new": 0.1062365779434811, "MRm_new": 3765.6543470822094, "HITS@1m_new": 0.06168304515439086, "HITS@3m_new": 0.11233335793381558, "HITS@10m_new": 0.1963865470359102}