{"MRRm_new": 0.07584446285516751, "MRm_new": 744.4019206539631, "HITS@1m_new": 0.035668529237498296, "HITS@3m_new": 0.07567238309765234, "HITS@10m_new": 0.15291833708558697}