{"MRRm_new": 0.19253143311094117, "MRm_new": 541.3637129128053, "HITS@1m_new": 0.12350929919489863, "HITS@3m_new": 0.20929050596940216, "HITS@10m_new": 0.32840415598953404}