{"MRRm_new": 0.2452772431275851, "MRm_new": 357.02010308914186, "HITS@1m_new": 0.16670645031708992, "HITS@3m_new": 0.26768244286505505, "HITS@10m_new": 0.4016449549364857}