{"MRRm_new": 0.42672905289662594, "MRm_new": 103.26262607385218, "HITS@1m_new": 0.3217536742696684, "HITS@3m_new": 0.47475527938781303, "HITS@10m_new": 0.6305680940369494}