{"MRRm_new": 0.26571688905961993, "MRm_new": 422.5824098188281, "HITS@1m_new": 0.1563644622794818, "HITS@3m_new": 0.3028132262120489, "HITS@10m_new": 0.4918438789718784}