{"MRRm_new": 0.112591313449679, "MRm_new": 435.4523471181631, "HITS@1m_new": 0.05762967874170281, "HITS@3m_new": 0.11909956942838616, "HITS@10m_new": 0.2208418871326372}