{"MRRm_new": 0.1592343958959077, "MRm_new": 3480.1571858011484, "HITS@1m_new": 0.10891490991282626, "HITS@3m_new": 0.1649947908299946, "HITS@10m_new": 0.2583549672615191}