{"MRRm_new": 0.2521778745892108, "MRm_new": 345.236057477808, "HITS@1m_new": 0.17203277668196243, "HITS@3m_new": 0.2744985562992282, "HITS@10m_new": 0.41075337221156805}