{"MRRm_new": 0.19493997356173204, "MRm_new": 423.0628516115427, "HITS@1m_new": 0.13191770411510953, "HITS@3m_new": 0.20569832091466525, "HITS@10m_new": 0.3182951870516874}