{"MRRm_new": 0.2916337470919516, "MRm_new": 3371.5498151355537, "HITS@1m_new": 0.2538632997360692, "HITS@3m_new": 0.3067062028453911, "HITS@10m_new": 0.36393963971413906}