{"MRRm_new": 0.39050111413255306, "MRm_new": 382.9674822309315, "HITS@1m_new": 0.32427256426232637, "HITS@3m_new": 0.4186859763871034, "HITS@10m_new": 0.5124070129171596}