{"MRRm_new": 0.11829056318247312, "MRm_new": 3909.114372715926, "HITS@1m_new": 0.07554990881914272, "HITS@3m_new": 0.12470949302366935, "HITS@10m_new": 0.20271925599672833}