{"MRRm_new": 0.30966871633252097, "MRm_new": 2054.88113996461, "HITS@1m_new": 0.2327941426730249, "HITS@3m_new": 0.33218752991594375, "HITS@10m_new": 0.46816507682437075}