{"MRRm_new": 0.30442477204305485, "MRm_new": 1636.4877863682211, "HITS@1m_new": 0.22961113890854176, "HITS@3m_new": 0.3265728399807122, "HITS@10m_new": 0.4560151213565841}