{"MRRm_new": 0.37662930756465995, "MRm_new": 374.232840768978, "HITS@1m_new": 0.29435279001457093, "HITS@3m_new": 0.40956031349168914, "HITS@10m_new": 0.5356941086723164}