{"MRRm_new": 0.35165151208440876, "MRm_new": 442.384857659474, "HITS@1m_new": 0.2864396800050599, "HITS@3m_new": 0.3732195779519861, "HITS@10m_new": 0.47659991943116986}