{"MRRm_new": 0.6373000723193482, "MRm_new": 48.80222304306924, "HITS@1m_new": 0.5357123871023941, "HITS@3m_new": 0.7029380785616232, "HITS@10m_new": 0.8223496544307564}