{"MRRm_new": 0.17602908585335245, "MRm_new": 393.576511534977, "HITS@1m_new": 0.11193026003589039, "HITS@3m_new": 0.18449534173184073, "HITS@10m_new": 0.3068511249520583}