{"MRRm_new": 0.231927539294475, "MRm_new": 227.43171375844477, "HITS@1m_new": 0.1425259732142731, "HITS@3m_new": 0.2457665757328912, "HITS@10m_new": 0.4312385805094149}