{"MRRm_new": 0.3251437201773092, "MRm_new": 1551.457685031295, "HITS@1m_new": 0.24188165126903913, "HITS@3m_new": 0.3585130133930361, "HITS@10m_new": 0.4909304702321533}