{"MRRm_new": 0.29378420813167666, "MRm_new": 564.3778305421919, "HITS@1m_new": 0.22782065333558785, "HITS@3m_new": 0.3148900389333321, "HITS@10m_new": 0.42056605480938014}