{"MRRm_new": 0.19699125554338678, "MRm_new": 282.41274369027616, "HITS@1m_new": 0.12691171597479842, "HITS@3m_new": 0.20515936843670207, "HITS@10m_new": 0.34507719134056825}