{"MRRm_new": 0.4179810812662572, "MRm_new": 263.77559261524675, "HITS@1m_new": 0.31013470664601844, "HITS@3m_new": 0.46937315780820793, "HITS@10m_new": 0.6373341812645958}