{"MRRm_new": 0.40643206390355774, "MRm_new": 109.31422699010372, "HITS@1m_new": 0.29876449244469405, "HITS@3m_new": 0.45415737569388004, "HITS@10m_new": 0.6246566914077848}