{"MRRm_new": 0.27774801252841824, "MRm_new": 482.1543042815924, "HITS@1m_new": 0.21843595099692903, "HITS@3m_new": 0.2954383570745667, "HITS@10m_new": 0.38827071927215}