{"MRRm_new": 0.09939628434068727, "MRm_new": 633.916940003109, "HITS@1m_new": 0.05738651586364722, "HITS@3m_new": 0.09877394636747194, "HITS@10m_new": 0.18225958147260243}