{"MRRm_new": 0.24884812494424696, "MRm_new": 181.06776424651147, "HITS@1m_new": 0.14327895007231273, "HITS@3m_new": 0.2798825529504567, "HITS@10m_new": 0.47813720218744127}