{"MRRm_new": 0.15542136719105157, "MRm_new": 3546.9515667443275, "HITS@1m_new": 0.10165721965066041, "HITS@3m_new": 0.16779359125882912, "HITS@10m_new": 0.2567672963672667}