{"MRRm_new": 0.43333712618710707, "MRm_new": 206.39200729057194, "HITS@1m_new": 0.3236766181915045, "HITS@3m_new": 0.4838361746152659, "HITS@10m_new": 0.658287311643915}