{"MRRm_new": 0.4146808612054501, "MRm_new": 254.43198296826333, "HITS@1m_new": 0.34593747420559523, "HITS@3m_new": 0.44517864585641653, "HITS@10m_new": 0.5394016791684844}