{"MRRm_new": 0.10204972571246908, "MRm_new": 607.2418647587299, "HITS@1m_new": 0.06031043695094995, "HITS@3m_new": 0.10237951083001681, "HITS@10m_new": 0.17984070322494955}