{"MRRm_new": 0.28655019775088386, "MRm_new": 637.1421278557182, "HITS@1m_new": 0.22253608666289437, "HITS@3m_new": 0.3070507002484665, "HITS@10m_new": 0.4091643980755325}