{"MRRm_new": 0.12784329042431727, "MRm_new": 14627.384469672412, "HITS@1m_new": 0.08204391613719053, "HITS@3m_new": 0.14286289154435508, "HITS@10m_new": 0.21654318519216031}