{"MRRm_new": 0.20219460149968072, "MRm_new": 390.6302762260914, "HITS@1m_new": 0.1371991206309409, "HITS@3m_new": 0.21557298866321797, "HITS@10m_new": 0.33043580484157425}