{"MRRm_new": 0.1213395020856362, "MRm_new": 448.33724062788485, "HITS@1m_new": 0.06600831321106525, "HITS@3m_new": 0.1289522000572877, "HITS@10m_new": 0.22837709778985008}