{"MRRm_new": 0.3955112179784082, "MRm_new": 168.62033675651253, "HITS@1m_new": 0.29441177515751044, "HITS@3m_new": 0.4395754531728162, "HITS@10m_new": 0.5915183942687581}