{"MRRm_new": 0.3675190740115404, "MRm_new": 372.82181164643913, "HITS@1m_new": 0.2960839531474085, "HITS@3m_new": 0.39828901156547364, "HITS@10m_new": 0.5008349677705992}