{"MRRm_new": 0.10782438224609942, "MRm_new": 647.0161456739426, "HITS@1m_new": 0.06446332980614389, "HITS@3m_new": 0.11011625852441648, "HITS@10m_new": 0.19093647282386664}