{"MRRm_new": 0.34859690092027906, "MRm_new": 466.9727818248123, "HITS@1m_new": 0.28403480740552184, "HITS@3m_new": 0.3701944717662227, "HITS@10m_new": 0.47096910999747704}