{"MRRm_new": 0.3029810451489275, "MRm_new": 2248.6560961400864, "HITS@1m_new": 0.22491309236129745, "HITS@3m_new": 0.32824613634566774, "HITS@10m_new": 0.4648155477629043}