{"MRRm_new": 0.19556807719365998, "MRm_new": 1903.5050086985827, "HITS@1m_new": 0.12885328091483098, "HITS@3m_new": 0.2062054034078028, "HITS@10m_new": 0.32591209235810675}