{"MRRm_new": 0.10432150920380373, "MRm_new": 3647.0483269851206, "HITS@1m_new": 0.05938899513585493, "HITS@3m_new": 0.11030753661622293, "HITS@10m_new": 0.1976964578305371}