{"MRRm_new": 0.1417331518256542, "MRm_new": 268.97789148459435, "HITS@1m_new": 0.07903214054224081, "HITS@3m_new": 0.146206568204402, "HITS@10m_new": 0.26790781135251746}