{"MRRm_new": 0.33938814642939086, "MRm_new": 2839.8442456106545, "HITS@1m_new": 0.3006479051633214, "HITS@3m_new": 0.357175648116121, "HITS@10m_new": 0.410299832575809}