{"MRRm_new": 0.29907140999977494, "MRm_new": 2321.5541758000554, "HITS@1m_new": 0.2189620993344579, "HITS@3m_new": 0.3238901526943082, "HITS@10m_new": 0.46100171345332636}