{"MRRm_new": 0.596635372447804, "MRm_new": 157.55604004587232, "HITS@1m_new": 0.5213792174659466, "HITS@3m_new": 0.6379615165660798, "HITS@10m_new": 0.7312340275054449}