{"MRRm_new": 0.2618600483679009, "MRm_new": 322.9256776365042, "HITS@1m_new": 0.18274812155361286, "HITS@3m_new": 0.27884562502438204, "HITS@10m_new": 0.4233215849392116}