{"MRRm_new": 0.2726946022444854, "MRm_new": 596.9798042714893, "HITS@1m_new": 0.21352899751930818, "HITS@3m_new": 0.2896022903801277, "HITS@10m_new": 0.3856719768293333}