{"MRRm_new": 0.11075500342350715, "MRm_new": 3578.2531216126204, "HITS@1m_new": 0.06935918025705032, "HITS@3m_new": 0.11694927198179066, "HITS@10m_new": 0.1940961479633115}