{"MRRm_new": 0.21033660169025234, "MRm_new": 2155.231130617261, "HITS@1m_new": 0.1438832589495869, "HITS@3m_new": 0.22616132898267824, "HITS@10m_new": 0.33799669685281697}