{"MRRm_new": 0.1008995892960098, "MRm_new": 656.7663146102428, "HITS@1m_new": 0.05897891325647361, "HITS@3m_new": 0.09977574945586966, "HITS@10m_new": 0.18050376750556751}