{"MRRm_new": 0.14887324931146623, "MRm_new": 4143.576239998758, "HITS@1m_new": 0.09689382352633402, "HITS@3m_new": 0.15754340354033047, "HITS@10m_new": 0.2500841453699686}