{"MRRm_new": 0.2918877396354637, "MRm_new": 1987.080770010054, "HITS@1m_new": 0.2143243611039361, "HITS@3m_new": 0.315941714727669, "HITS@10m_new": 0.4473754805973731}