{"MRRm_new": 0.3033821572973693, "MRm_new": 2249.6140143508314, "HITS@1m_new": 0.22524455690337344, "HITS@3m_new": 0.32877490555658007, "HITS@10m_new": 0.4651033519877819}