{"MRRm_new": 0.2126142461555588, "MRm_new": 314.1164372186661, "HITS@1m_new": 0.13304329229904105, "HITS@3m_new": 0.22957649126093602, "HITS@10m_new": 0.37250093109534355}