{"MRRm_new": 0.4197089575203545, "MRm_new": 271.25902183859796, "HITS@1m_new": 0.33399565883798643, "HITS@3m_new": 0.4551390913204923, "HITS@10m_new": 0.5859440872848937}