{"MRRm_new": 0.11306838588523824, "MRm_new": 420.61245995912554, "HITS@1m_new": 0.0583135890617501, "HITS@3m_new": 0.11826610627085901, "HITS@10m_new": 0.2203125892490614}