{"MRRm_new": 0.23283596101198872, "MRm_new": 1333.2936500290334, "HITS@1m_new": 0.16324043367049307, "HITS@3m_new": 0.2488194392491423, "HITS@10m_new": 0.3651939053366368}