{"MRRm_new": 0.10474076535762142, "MRm_new": 446.79123923068045, "HITS@1m_new": 0.05260531959789805, "HITS@3m_new": 0.10825029166480526, "HITS@10m_new": 0.20500532637881116}