{"MRRm_new": 0.13922070708892426, "MRm_new": 345.27584159007074, "HITS@1m_new": 0.07720173671140801, "HITS@3m_new": 0.14735294578108588, "HITS@10m_new": 0.25939812591995576}