{"MRRm_new": 0.2518685618062154, "MRm_new": 340.7051248188257, "HITS@1m_new": 0.17596595245847713, "HITS@3m_new": 0.2695640195201617, "HITS@10m_new": 0.40856628436250614}