{"MRRm_new": 0.31587701893623127, "MRm_new": 1546.1949526936412, "HITS@1m_new": 0.23120356291392818, "HITS@3m_new": 0.34841687697253654, "HITS@10m_new": 0.48339587144949475}