{"MRRm_new": 0.12486341908197937, "MRm_new": 458.6471746912479, "HITS@1m_new": 0.06709764503854095, "HITS@3m_new": 0.13426892294667195, "HITS@10m_new": 0.23615359048172832}