{"MRRm_new": 0.28870199210398917, "MRm_new": 286.31972069850565, "HITS@1m_new": 0.20728982194525453, "HITS@3m_new": 0.31939446030420365, "HITS@10m_new": 0.4439165997944365}