{"MRRm_new": 0.25121132023425163, "MRm_new": 359.37453280797007, "HITS@1m_new": 0.17500675765257329, "HITS@3m_new": 0.27002766669746486, "HITS@10m_new": 0.40401311768284065}