{"MRRm_new": 0.13556653877282998, "MRm_new": 14654.260779514014, "HITS@1m_new": 0.09356935759482439, "HITS@3m_new": 0.14989880640699993, "HITS@10m_new": 0.22057333959720563}