{"MRRm_new": 0.230994027426705, "MRm_new": 429.92296473941803, "HITS@1m_new": 0.15552692399361404, "HITS@3m_new": 0.2473999620934017, "HITS@10m_new": 0.38338966328091917}