{"MRRm_new": 0.40090734884103674, "MRm_new": 150.96609287910164, "HITS@1m_new": 0.2984062902894366, "HITS@3m_new": 0.44723720514203885, "HITS@10m_new": 0.6002592499753518}