{"MRRm_new": 0.1233788675773394, "MRm_new": 453.48177039368153, "HITS@1m_new": 0.06686045490395046, "HITS@3m_new": 0.1320642476065317, "HITS@10m_new": 0.2319216163900215}