{"MRRm_new": 0.10215038045772963, "MRm_new": 610.5135750707865, "HITS@1m_new": 0.060669279739423654, "HITS@3m_new": 0.1021796168160392, "HITS@10m_new": 0.1802847322622314}