{"MRRm_new": 0.31001767296662003, "MRm_new": 258.4660720549822, "HITS@1m_new": 0.20116095549683086, "HITS@3m_new": 0.3567367248465307, "HITS@10m_new": 0.5249361707316712}