{"MRRm_new": 0.12940380112598132, "MRm_new": 14439.477026510329, "HITS@1m_new": 0.08324675581301562, "HITS@3m_new": 0.14526215466414577, "HITS@10m_new": 0.21841175645333716}