{"MRRm_new": 0.30921410210651945, "MRm_new": 1852.5093960635961, "HITS@1m_new": 0.22774300759774632, "HITS@3m_new": 0.3420553028569557, "HITS@10m_new": 0.4799659053396899}