{"MRRm_new": 0.10597402957214362, "MRm_new": 3725.074971131873, "HITS@1m_new": 0.061647890856442976, "HITS@3m_new": 0.11124678539438174, "HITS@10m_new": 0.19478171188188717}