{"MRRm_new": 0.08709607134074031, "MRm_new": 754.3094910722017, "HITS@1m_new": 0.046121693218895234, "HITS@3m_new": 0.08873453963681822, "HITS@10m_new": 0.16545948548632441}