{"MRRm_new": 0.4151392862604762, "MRm_new": 117.4166953047812, "HITS@1m_new": 0.32427784969183265, "HITS@3m_new": 0.45738939278473845, "HITS@10m_new": 0.5884656296115718}