{"MRRm_new": 0.21918295486081915, "MRm_new": 304.0349107137919, "HITS@1m_new": 0.13519071670795094, "HITS@3m_new": 0.23269609861201607, "HITS@10m_new": 0.4033512861466501}