{"MRRm_new": 0.3418216157674842, "MRm_new": 319.8448461830765, "HITS@1m_new": 0.2514955379212697, "HITS@3m_new": 0.3745179742831097, "HITS@10m_new": 0.5200589678557735}