{"MRRm_new": 0.3096643267381696, "MRm_new": 1827.0919877128006, "HITS@1m_new": 0.228384277442703, "HITS@3m_new": 0.34268030285695567, "HITS@10m_new": 0.47946430277382024}