{"MRRm_new": 0.6346776999830408, "MRm_new": 55.75230695845187, "HITS@1m_new": 0.5342683853636554, "HITS@3m_new": 0.6981290673188923, "HITS@10m_new": 0.8192735920531559}