{"MRRm_new": 0.2470833897823759, "MRm_new": 393.9429911957026, "HITS@1m_new": 0.16952700094763423, "HITS@3m_new": 0.2698485360777937, "HITS@10m_new": 0.40126680633639916}