{"MRRm_new": 0.1902977995219495, "MRm_new": 154.7457443147421, "HITS@1m_new": 0.10473780759712681, "HITS@3m_new": 0.2033445354487747, "HITS@10m_new": 0.37091344140637666}