{"MRRm_new": 0.1980716247368009, "MRm_new": 480.2764084067419, "HITS@1m_new": 0.12991867425182135, "HITS@3m_new": 0.2132088631013721, "HITS@10m_new": 0.33404840361856625}