{"MRRm_new": 0.08943002274891332, "MRm_new": 657.7927164877176, "HITS@1m_new": 0.04778317641649628, "HITS@3m_new": 0.09013373881230363, "HITS@10m_new": 0.1644061569922371}