{"MRRm_new": 0.13239440457801102, "MRm_new": 280.9213078957558, "HITS@1m_new": 0.06893265291679418, "HITS@3m_new": 0.1424382599378936, "HITS@10m_new": 0.25193616217630915}