{"MRRm_new": 0.19443033351047925, "MRm_new": 416.43930637717244, "HITS@1m_new": 0.12892661222160096, "HITS@3m_new": 0.20971156059713103, "HITS@10m_new": 0.31896759659643287}