{"MRRm_new": 0.13207448177045308, "MRm_new": 14891.296751340955, "HITS@1m_new": 0.09025872362288646, "HITS@3m_new": 0.1464243249085266, "HITS@10m_new": 0.21477196412882768}