{"MRRm_new": 0.5022057731533914, "MRm_new": 206.06117364999653, "HITS@1m_new": 0.39677934092222134, "HITS@3m_new": 0.5589479860020038, "HITS@10m_new": 0.7086500177686103}