{"MRRm_new": 0.22181485644162457, "MRm_new": 262.523719978404, "HITS@1m_new": 0.14054288112269714, "HITS@3m_new": 0.23462964145084844, "HITS@10m_new": 0.3872135515580885}