{"MRRm_new": 0.5333342920836931, "MRm_new": 131.52580463355778, "HITS@1m_new": 0.4175146563033959, "HITS@3m_new": 0.5985682421543789, "HITS@10m_new": 0.7603061306905147}