{"MRRm_new": 0.2179079357534147, "MRm_new": 1700.1843798415662, "HITS@1m_new": 0.14633520634478192, "HITS@3m_new": 0.2364580146781518, "HITS@10m_new": 0.35469249113393014}