{"MRRm_new": 0.11659253913892899, "MRm_new": 676.183553372693, "HITS@1m_new": 0.07019197238864144, "HITS@3m_new": 0.12019268899119925, "HITS@10m_new": 0.20408797643316212}