{"MRRm_new": 0.23273965778565325, "MRm_new": 248.83614007885456, "HITS@1m_new": 0.15514296739674174, "HITS@3m_new": 0.24725055990400724, "HITS@10m_new": 0.38698899028953165}