{"MRRm_new": 0.19477983146221503, "MRm_new": 512.2374135310426, "HITS@1m_new": 0.12519777670664917, "HITS@3m_new": 0.2112201247610501, "HITS@10m_new": 0.33279974493390907}