{"MRRm_new": 0.19914002929949057, "MRm_new": 351.25015949287416, "HITS@1m_new": 0.12150852133176522, "HITS@3m_new": 0.2220166853593546, "HITS@10m_new": 0.35256096720392816}