{"MRRm_new": 0.21312124209123248, "MRm_new": 2079.4874964078067, "HITS@1m_new": 0.14551788698908058, "HITS@3m_new": 0.22982466475333785, "HITS@10m_new": 0.34378973464493173}