{"MRRm_new": 0.4060344068575332, "MRm_new": 220.1099770348221, "HITS@1m_new": 0.2939466624380038, "HITS@3m_new": 0.45712515616197197, "HITS@10m_new": 0.6362013774127409}