{"MRRm_new": 0.2169270982199687, "MRm_new": 3761.099830654606, "HITS@1m_new": 0.1594135675788275, "HITS@3m_new": 0.24097418697891407, "HITS@10m_new": 0.33140115252996477}