{"MRRm_new": 0.07735239168585395, "MRm_new": 763.6425615866423, "HITS@1m_new": 0.03713313882641378, "HITS@3m_new": 0.07772666864042403, "HITS@10m_new": 0.15256068282781635}