{"MRRm_new": 0.567711755133203, "MRm_new": 167.63312198285757, "HITS@1m_new": 0.4941918585860149, "HITS@3m_new": 0.6047732230104593, "HITS@10m_new": 0.7062041397487628}