{"MRRm_new": 0.12753422757625668, "MRm_new": 345.5811679665089, "HITS@1m_new": 0.06453079757925588, "HITS@3m_new": 0.13737373413362075, "HITS@10m_new": 0.25006981501290576}