{"MRRm_new": 0.19519199768812723, "MRm_new": 518.4089015495554, "HITS@1m_new": 0.12656614076496045, "HITS@3m_new": 0.21018948260284015, "HITS@10m_new": 0.3325470293154576}