{"MRRm_new": 0.10283127550413192, "MRm_new": 604.1016101564646, "HITS@1m_new": 0.06115690349272918, "HITS@3m_new": 0.10305490032902453, "HITS@10m_new": 0.18093149960385635}