{"MRRm_new": 0.20580697534248837, "MRm_new": 1418.634295217663, "HITS@1m_new": 0.1360388996724796, "HITS@3m_new": 0.22023072883160785, "HITS@10m_new": 0.3476417338855099}