{"MRRm_new": 0.2184555298225765, "MRm_new": 315.2884528085947, "HITS@1m_new": 0.13537950536910212, "HITS@3m_new": 0.23798809280613203, "HITS@10m_new": 0.3818626101532951}