{"MRRm_new": 0.2503723101503156, "MRm_new": 376.7815492724776, "HITS@1m_new": 0.16966760058571526, "HITS@3m_new": 0.28328804249285894, "HITS@10m_new": 0.401455175384006}