{"MRRm_new": 0.22624889122753847, "MRm_new": 3168.079844487265, "HITS@1m_new": 0.16660903863153362, "HITS@3m_new": 0.2510537154033518, "HITS@10m_new": 0.3461403284921398}