{"MRRm_new": 0.1308378453501796, "MRm_new": 15320.669768355816, "HITS@1m_new": 0.08925923703506124, "HITS@3m_new": 0.1447001525488449, "HITS@10m_new": 0.21408860542747424}