{"MRRm_new": 0.14103469733582896, "MRm_new": 316.4289877305269, "HITS@1m_new": 0.07969398449610453, "HITS@3m_new": 0.14944020238933736, "HITS@10m_new": 0.261333627141692}