{"MRRm_new": 0.4944905090125285, "MRm_new": 214.64044886040688, "HITS@1m_new": 0.38681694021233126, "HITS@3m_new": 0.5518297217036343, "HITS@10m_new": 0.7096799177467583}