{"MRRm_new": 0.4989154029924239, "MRm_new": 208.25903865623474, "HITS@1m_new": 0.3942264890588413, "HITS@3m_new": 0.5549841660018247, "HITS@10m_new": 0.7045092066433281}