{"MRRm_new": 0.3156273706778238, "MRm_new": 255.39348448960484, "HITS@1m_new": 0.22879912387542573, "HITS@3m_new": 0.3513731123168836, "HITS@10m_new": 0.48145319266448494}