{"MRRm_new": 0.2400793207040493, "MRm_new": 436.4283638956308, "HITS@1m_new": 0.16588934180138168, "HITS@3m_new": 0.254546031891834, "HITS@10m_new": 0.3913324691365473}