{"MRRm_new": 0.17740513214981182, "MRm_new": 482.39850646386293, "HITS@1m_new": 0.11059588360524139, "HITS@3m_new": 0.19138947242141877, "HITS@10m_new": 0.31057242070316715}