{"MRRm_new": 0.45150572627466046, "MRm_new": 256.16184567159416, "HITS@1m_new": 0.38077746234454024, "HITS@3m_new": 0.48672650188350236, "HITS@10m_new": 0.5774590073817817}