{"MRRm_new": 0.11257833602493192, "MRm_new": 618.2036588731766, "HITS@1m_new": 0.068413694064226, "HITS@3m_new": 0.11579783146844129, "HITS@10m_new": 0.1953773165945895}