{"MRRm_new": 0.25755031295571873, "MRm_new": 3035.114363416165, "HITS@1m_new": 0.17870904633728787, "HITS@3m_new": 0.27911700922512683, "HITS@10m_new": 0.41502701856161}