{"MRRm_new": 0.3685395412761136, "MRm_new": 347.5020585626811, "HITS@1m_new": 0.29512941369554757, "HITS@3m_new": 0.3936576402914652, "HITS@10m_new": 0.5097001233272386}