{"MRRm_new": 0.37932709822275773, "MRm_new": 359.84363398584725, "HITS@1m_new": 0.3106174742255462, "HITS@3m_new": 0.4040177618927555, "HITS@10m_new": 0.5097801676060917}