{"MRRm_new": 0.16500852808865693, "MRm_new": 754.6046834689901, "HITS@1m_new": 0.100761910597299, "HITS@3m_new": 0.17923144375799166, "HITS@10m_new": 0.29360077625280245}