{"MRRm_new": 0.49887578848851083, "MRm_new": 202.6333013718277, "HITS@1m_new": 0.3900795208548079, "HITS@3m_new": 0.5563755425165037, "HITS@10m_new": 0.7177150509984458}