{"MRRm_new": 0.2991256537900922, "MRm_new": 2321.555282590598, "HITS@1m_new": 0.2190245993344579, "HITS@3m_new": 0.3238901526943082, "HITS@10m_new": 0.46100171345332636}