{"MRRm_new": 0.36071942971506177, "MRm_new": 148.9832864651084, "HITS@1m_new": 0.27504295087821085, "HITS@3m_new": 0.39592841937870255, "HITS@10m_new": 0.5217790528867045}