{"MRRm_new": 0.29920474029849764, "MRm_new": 2118.319533916682, "HITS@1m_new": 0.21904703522869387, "HITS@3m_new": 0.32406322315579744, "HITS@10m_new": 0.4613087124391459}