{"MRRm_new": 0.43614736434065343, "MRm_new": 197.75722297611833, "HITS@1m_new": 0.32256217793291214, "HITS@3m_new": 0.48642998658283615, "HITS@10m_new": 0.6711247120164043}