{"MRRm_new": 0.4370932447248015, "MRm_new": 82.70304926165939, "HITS@1m_new": 0.32749330105859553, "HITS@3m_new": 0.49350412298570157, "HITS@10m_new": 0.6450515858174767}