{"MRRm_new": 0.11893412684753857, "MRm_new": 446.2683394751549, "HITS@1m_new": 0.06532604017453268, "HITS@3m_new": 0.12399862148590036, "HITS@10m_new": 0.22587895067154895}