{"MRRm_new": 0.1480718856041887, "MRm_new": 219.50235309515, "HITS@1m_new": 0.08328373217014595, "HITS@3m_new": 0.15583493276247753, "HITS@10m_new": 0.2752929806238972}