{"MRRm_new": 0.12816828315154852, "MRm_new": 280.0663443468094, "HITS@1m_new": 0.06802036795708118, "HITS@3m_new": 0.13493927633368877, "HITS@10m_new": 0.24354461971670388}