{"MRRm_new": 0.10155313167601998, "MRm_new": 3855.0109662442683, "HITS@1m_new": 0.05721908747954294, "HITS@3m_new": 0.10773916947059334, "HITS@10m_new": 0.19056795279649086}