{"MRRm_new": 0.17757769624771463, "MRm_new": 284.0787852078676, "HITS@1m_new": 0.10063246303905034, "HITS@3m_new": 0.1949363188976422, "HITS@10m_new": 0.3289276952904183}