{"MRRm_new": 0.21312072402640478, "MRm_new": 303.2013498686791, "HITS@1m_new": 0.13339339996700875, "HITS@3m_new": 0.23003098159584914, "HITS@10m_new": 0.37486428431525126}