{"MRRm_new": 0.27093238118431145, "MRm_new": 300.82124766544996, "HITS@1m_new": 0.19304904999691644, "HITS@3m_new": 0.29729799869431006, "HITS@10m_new": 0.42011464794765924}