{"MRRm_new": 0.32049596363274396, "MRm_new": 3466.3483943763226, "HITS@1m_new": 0.2837747969464981, "HITS@3m_new": 0.33543794415908634, "HITS@10m_new": 0.3881382774451922}