{"MRRm_new": 0.4932143653120856, "MRm_new": 215.38468198873102, "HITS@1m_new": 0.3871165358970793, "HITS@3m_new": 0.549073682866172, "HITS@10m_new": 0.7047332976214239}