{"MRRm_new": 0.27783087385764976, "MRm_new": 482.15218676035107, "HITS@1m_new": 0.21868144557606867, "HITS@3m_new": 0.2954193817204177, "HITS@10m_new": 0.38825857216149595}