{"MRRm_new": 0.28857912658395435, "MRm_new": 2033.1801669438482, "HITS@1m_new": 0.211232323933742, "HITS@3m_new": 0.3119656780719524, "HITS@10m_new": 0.44462666304549203}