{"MRRm_new": 0.41379087091166183, "MRm_new": 270.0857595522329, "HITS@1m_new": 0.32436369916357216, "HITS@3m_new": 0.45282922128311476, "HITS@10m_new": 0.5867788958024684}