{"MRRm_new": 0.41436903847703654, "MRm_new": 98.41277197573184, "HITS@1m_new": 0.30247811625972393, "HITS@3m_new": 0.46499991782335565, "HITS@10m_new": 0.6344085154239089}