{"MRRm_new": 0.10185316725816956, "MRm_new": 3696.878786747241, "HITS@1m_new": 0.05907132349377498, "HITS@3m_new": 0.10711766070388258, "HITS@10m_new": 0.1921504182783887}