{"MRRm_new": 0.10362341681867838, "MRm_new": 483.3040058741569, "HITS@1m_new": 0.04999529493708396, "HITS@3m_new": 0.10877011515786872, "HITS@10m_new": 0.20838579969909043}