{"MRRm_new": 0.5355100701770225, "MRm_new": 229.61243175810574, "HITS@1m_new": 0.4715434047484814, "HITS@3m_new": 0.5609316826079558, "HITS@10m_new": 0.6598765662214137}