{"MRRm_new": 0.3124225632609791, "MRm_new": 2349.674289176315, "HITS@1m_new": 0.22913659756956622, "HITS@3m_new": 0.34672245701542126, "HITS@10m_new": 0.4863334483453073}