{"MRRm_new": 0.08255048538069823, "MRm_new": 697.4738989670992, "HITS@1m_new": 0.04074242103719153, "HITS@3m_new": 0.0814397236061399, "HITS@10m_new": 0.16337271408957896}