{"MRRm_new": 0.2886096637054002, "MRm_new": 2430.1558044020235, "HITS@1m_new": 0.21158581264707027, "HITS@3m_new": 0.3196815149663016, "HITS@10m_new": 0.4410574419046752}