{"MRRm_new": 0.10968307681121223, "MRm_new": 3781.3362801977873, "HITS@1m_new": 0.0636530275485944, "HITS@3m_new": 0.11507609155667015, "HITS@10m_new": 0.2024879539789632}