{"MRRm_new": 0.43776674851296504, "MRm_new": 97.44754196897149, "HITS@1m_new": 0.3308875098686767, "HITS@3m_new": 0.48779721747782606, "HITS@10m_new": 0.6454255959380244}