{"MRRm_new": 0.3097877835524064, "MRm_new": 2131.671375310719, "HITS@1m_new": 0.2344168051746674, "HITS@3m_new": 0.33294145893095994, "HITS@10m_new": 0.4632388537840452}