{"MRRm_new": 0.2507345069460338, "MRm_new": 341.38563842413424, "HITS@1m_new": 0.17530662885463097, "HITS@3m_new": 0.26752630909332076, "HITS@10m_new": 0.40683802058035506}