{"MRRm_new": 0.39208409739814853, "MRm_new": 345.8959474961609, "HITS@1m_new": 0.3224874605618752, "HITS@3m_new": 0.41699757135959226, "HITS@10m_new": 0.5262069502223531}