{"MRRm_new": 0.12598637892699335, "MRm_new": 315.8195464687109, "HITS@1m_new": 0.06569902289796155, "HITS@3m_new": 0.13215251143118367, "HITS@10m_new": 0.2434529206120409}