{"MRRm_new": 0.13032987343310515, "MRm_new": 15959.929309743315, "HITS@1m_new": 0.08737082442641259, "HITS@3m_new": 0.1432321030991152, "HITS@10m_new": 0.21729113871604205}