{"MRRm_new": 0.10800165719823127, "MRm_new": 636.4695631228685, "HITS@1m_new": 0.0644507850241498, "HITS@3m_new": 0.11048392557125772, "HITS@10m_new": 0.19057751587771346}