{"MRRm_new": 0.22122118638356625, "MRm_new": 273.8825555303097, "HITS@1m_new": 0.14046154118096457, "HITS@3m_new": 0.2336652703746222, "HITS@10m_new": 0.38341843613618987}