{"MRRm_new": 0.2577596351274653, "MRm_new": 332.7691061897993, "HITS@1m_new": 0.18154303809870034, "HITS@3m_new": 0.27337812842000275, "HITS@10m_new": 0.4157511030374095}