{"MRRm_new": 0.239517027165331, "MRm_new": 3627.1356414667666, "HITS@1m_new": 0.17540180624841015, "HITS@3m_new": 0.26107582140999147, "HITS@10m_new": 0.3610781873456435}