{"MRRm_new": 0.2964463479499036, "MRm_new": 552.3358493470847, "HITS@1m_new": 0.19629686584195588, "HITS@3m_new": 0.33327683845791034, "HITS@10m_new": 0.4970654222201556}