{"MRRm_new": 0.27409764567081585, "MRm_new": 338.4157439094633, "HITS@1m_new": 0.1916916634155932, "HITS@3m_new": 0.3076593936453137, "HITS@10m_new": 0.42999537143990163}