{"MRRm_new": 0.6828325503382684, "MRm_new": 184.68243222583087, "HITS@1m_new": 0.6272452511310367, "HITS@3m_new": 0.7126283483978477, "HITS@10m_new": 0.786674099566575}