{"MRRm_new": 0.2661208431500818, "MRm_new": 349.41007277686896, "HITS@1m_new": 0.18634522900205047, "HITS@3m_new": 0.29855357873118193, "HITS@10m_new": 0.41570062454845175}