{"MRRm_new": 0.2742131833271742, "MRm_new": 506.0971464915723, "HITS@1m_new": 0.21561760826626414, "HITS@3m_new": 0.2908057518509195, "HITS@10m_new": 0.3838660036709407}