{"MRRm_new": 0.2506294374217643, "MRm_new": 363.27993818106654, "HITS@1m_new": 0.1744792970744893, "HITS@3m_new": 0.2695092534707859, "HITS@10m_new": 0.4026038892597891}