{"MRRm_new": 0.1725102682477882, "MRm_new": 564.7532409835384, "HITS@1m_new": 0.10598105654095707, "HITS@3m_new": 0.18685339097303222, "HITS@10m_new": 0.30675875846138295}