{"MRRm_new": 0.11267808902512333, "MRm_new": 510.95853997950553, "HITS@1m_new": 0.06151166744309012, "HITS@3m_new": 0.11558606357650132, "HITS@10m_new": 0.21216797842220403}