{"MRRm_new": 0.29308181565244606, "MRm_new": 1783.9367515335084, "HITS@1m_new": 0.21496952726028393, "HITS@3m_new": 0.3176500993537484, "HITS@10m_new": 0.4488516103359871}