{"MRRm_new": 0.2589414134910985, "MRm_new": 344.5581685214281, "HITS@1m_new": 0.18060958914398215, "HITS@3m_new": 0.27657235805187375, "HITS@10m_new": 0.4192823107307777}