{"MRRm_new": 0.5056907658637984, "MRm_new": 196.70951878060401, "HITS@1m_new": 0.39821758458354817, "HITS@3m_new": 0.5659119648596643, "HITS@10m_new": 0.7137497348099351}