{"MRRm_new": 0.4305348216914945, "MRm_new": 215.21425341929495, "HITS@1m_new": 0.3182140223421047, "HITS@3m_new": 0.48159969312133033, "HITS@10m_new": 0.6610583004787622}