{"MRRm_new": 0.5524026109561136, "MRm_new": 214.36446582376956, "HITS@1m_new": 0.4857689277270147, "HITS@3m_new": 0.5810509675309586, "HITS@10m_new": 0.678855035906483}