{"MRRm_new": 0.20293391694643834, "MRm_new": 419.3799540611878, "HITS@1m_new": 0.13131296400440623, "HITS@3m_new": 0.21800103410207886, "HITS@10m_new": 0.3458034627055822}