{"MRRm_new": 0.12828747618546685, "MRm_new": 15998.01198979348, "HITS@1m_new": 0.08650126974622253, "HITS@3m_new": 0.14329675273457543, "HITS@10m_new": 0.21028012847935315}