{"MRRm_new": 0.13427665447976186, "MRm_new": 14977.986390111744, "HITS@1m_new": 0.09244012598646804, "HITS@3m_new": 0.14860428439767565, "HITS@10m_new": 0.2188170510387281}