{"MRRm_new": 0.29613322220178817, "MRm_new": 279.16322269257904, "HITS@1m_new": 0.2135723266122586, "HITS@3m_new": 0.3275765009991883, "HITS@10m_new": 0.4539499626230099}