{"MRRm_new": 0.2318733874046884, "MRm_new": 102.25572325077057, "HITS@1m_new": 0.13800292891468852, "HITS@3m_new": 0.25619135354002937, "HITS@10m_new": 0.4233626300537493}