{"MRRm_new": 0.6633941933751275, "MRm_new": 191.48241591221094, "HITS@1m_new": 0.6020141329846956, "HITS@3m_new": 0.69627577375709, "HITS@10m_new": 0.7786036316177634}