{"MRRm_new": 0.4671209305869434, "MRm_new": 157.42707188854368, "HITS@1m_new": 0.39672594402612593, "HITS@3m_new": 0.5016351203320956, "HITS@10m_new": 0.5937428830769496}