{"MRRm_new": 0.2735232896491839, "MRm_new": 2966.827748844504, "HITS@1m_new": 0.20104728587303544, "HITS@3m_new": 0.2970353334106912, "HITS@10m_new": 0.41791657358189693}