{"MRRm_new": 0.6977796752167178, "MRm_new": 161.402629321374, "HITS@1m_new": 0.6371378380964743, "HITS@3m_new": 0.7316780519160675, "HITS@10m_new": 0.8104068902816798}