{"MRRm_new": 0.10790813430904382, "MRm_new": 646.05258498168, "HITS@1m_new": 0.06451118644803064, "HITS@3m_new": 0.1103100819030602, "HITS@10m_new": 0.19080641771841328}