{"MRRm_new": 0.19867040926652862, "MRm_new": 491.3511496703699, "HITS@1m_new": 0.12758524161572132, "HITS@3m_new": 0.21664596800288563, "HITS@10m_new": 0.34014954856109764}