{"MRRm_new": 0.19890409330195688, "MRm_new": 356.10360695352557, "HITS@1m_new": 0.12157220595945838, "HITS@3m_new": 0.2210047494188766, "HITS@10m_new": 0.35110691919447856}