{"MRRm_new": 0.30011098980950285, "MRm_new": 2430.455481687367, "HITS@1m_new": 0.22220730822870974, "HITS@3m_new": 0.32446807662327776, "HITS@10m_new": 0.4626233594996738}