{"MRRm_new": 0.5021123652183432, "MRm_new": 177.33766811682284, "HITS@1m_new": 0.39348437873137665, "HITS@3m_new": 0.5603663546224161, "HITS@10m_new": 0.7161630774989317}