{"MRRm_new": 0.23257164345268846, "MRm_new": 1334.4424743940533, "HITS@1m_new": 0.16312826729324298, "HITS@3m_new": 0.24852695615848644, "HITS@10m_new": 0.36397793520914273}