{"MRRm_new": 0.6308041584157363, "MRm_new": 207.93011773022263, "HITS@1m_new": 0.574557106905806, "HITS@3m_new": 0.6581200686959201, "HITS@10m_new": 0.7380797268632087}