{"MRRm_new": 0.24936378835727083, "MRm_new": 344.4910941373825, "HITS@1m_new": 0.17345705006276257, "HITS@3m_new": 0.2692603479011916, "HITS@10m_new": 0.40482117866277695}