{"MRRm_new": 0.2212779203956088, "MRm_new": 270.42627140836714, "HITS@1m_new": 0.1403671299665235, "HITS@3m_new": 0.23432850816240533, "HITS@10m_new": 0.3840590554759838}