{"MRRm_new": 0.2767850844068271, "MRm_new": 567.6922045968473, "HITS@1m_new": 0.21688127269842516, "HITS@3m_new": 0.2948021082759296, "HITS@10m_new": 0.3904246638274708}