{"MRRm_new": 0.17332179677341775, "MRm_new": 444.8126375247717, "HITS@1m_new": 0.10021167062573368, "HITS@3m_new": 0.18977274864236823, "HITS@10m_new": 0.31693036897741256}