{"MRRm_new": 0.2863344052186253, "MRm_new": 2985.9240812823773, "HITS@1m_new": 0.2178818754009262, "HITS@3m_new": 0.30475956042075997, "HITS@10m_new": 0.420136859150487}