{"MRRm_new": 0.6850143725047337, "MRm_new": 208.4489452382773, "HITS@1m_new": 0.6259626592022359, "HITS@3m_new": 0.7167570853307116, "HITS@10m_new": 0.7941012504622121}