{"MRRm_new": 0.2205331744572337, "MRm_new": 287.0984427632332, "HITS@1m_new": 0.14199989388897083, "HITS@3m_new": 0.2399135538767092, "HITS@10m_new": 0.3791078145874199}