{"MRRm_new": 0.24498805480613955, "MRm_new": 231.33056587429047, "HITS@1m_new": 0.16507784943617881, "HITS@3m_new": 0.2621919440925121, "HITS@10m_new": 0.4024815746157896}