{"MRRm_new": 0.7145360686742024, "MRm_new": 135.385235332042, "HITS@1m_new": 0.6580684193827765, "HITS@3m_new": 0.7454003950850238, "HITS@10m_new": 0.8210176199610578}