{"MRRm_new": 0.40664538948443213, "MRm_new": 937.2903411727548, "HITS@1m_new": 0.27623231441061946, "HITS@3m_new": 0.47697221403126605, "HITS@10m_new": 0.668655999542214}