{"MRRm_new": 0.13822433172560267, "MRm_new": 276.52163013329505, "HITS@1m_new": 0.07408371330531081, "HITS@3m_new": 0.14845397682483308, "HITS@10m_new": 0.2605881869152654}