{"MRRm_new": 0.22164069778700068, "MRm_new": 350.65363308627605, "HITS@1m_new": 0.14305534896617755, "HITS@3m_new": 0.2435982674976578, "HITS@10m_new": 0.3776333257514634}