{"MRRm_new": 0.2506634374251502, "MRm_new": 340.50497499091625, "HITS@1m_new": 0.17547285127366194, "HITS@3m_new": 0.2671980210637208, "HITS@10m_new": 0.40714919729763643}