{"MRRm_new": 0.21993973689663607, "MRm_new": 1815.9844295385183, "HITS@1m_new": 0.14936535999379702, "HITS@3m_new": 0.23676938109696494, "HITS@10m_new": 0.3556619093763584}