{"MRRm_new": 0.17218938420935592, "MRm_new": 567.9777058563307, "HITS@1m_new": 0.10603032400381926, "HITS@3m_new": 0.18680985810107087, "HITS@10m_new": 0.3055370737359517}