{"MRRm_new": 0.17738796272100152, "MRm_new": 332.0929622864485, "HITS@1m_new": 0.10584267751267762, "HITS@3m_new": 0.19197731242730515, "HITS@10m_new": 0.31547335157794876}