{"MRRm_new": 0.30686864380035334, "MRm_new": 192.93350796031953, "HITS@1m_new": 0.22349003281762997, "HITS@3m_new": 0.33970772261556703, "HITS@10m_new": 0.4664936374407116}