{"MRRm_new": 0.6314142417172843, "MRm_new": 235.77694651421905, "HITS@1m_new": 0.5729982443601002, "HITS@3m_new": 0.6591435051163862, "HITS@10m_new": 0.7420907214073014}