{"MRRm_new": 0.5857194294901447, "MRm_new": 148.91513678073883, "HITS@1m_new": 0.5129982342473559, "HITS@3m_new": 0.6230948566359584, "HITS@10m_new": 0.7192518860730052}