{"MRRm_new": 0.20932018210564274, "MRm_new": 282.3362083370209, "HITS@1m_new": 0.1294973920378252, "HITS@3m_new": 0.23168176744169322, "HITS@10m_new": 0.3656457191665657}