{"MRRm_new": 0.5141877302009971, "MRm_new": 166.18090554353594, "HITS@1m_new": 0.4042444206043183, "HITS@3m_new": 0.573483661100563, "HITS@10m_new": 0.7316561794304435}