{"MRRm_new": 0.22514451452923823, "MRm_new": 249.78185975120067, "HITS@1m_new": 0.1420031061682501, "HITS@3m_new": 0.24030011672144755, "HITS@10m_new": 0.38851705473479814}