{"MRRm_new": 0.2742167830981989, "MRm_new": 506.0971991391778, "HITS@1m_new": 0.21571533077165805, "HITS@3m_new": 0.29077817328804306, "HITS@10m_new": 0.38390665903347687}