{"MRRm_new": 0.17213886045405524, "MRm_new": 374.1232340352058, "HITS@1m_new": 0.10166127590709947, "HITS@3m_new": 0.18304565399278655, "HITS@10m_new": 0.30964639373420505}