{"MRRm_new": 0.4652433799381688, "MRm_new": 293.9634835257456, "HITS@1m_new": 0.40271127414705915, "HITS@3m_new": 0.4876621155247267, "HITS@10m_new": 0.5821422709175531}