{"MRRm_new": 0.30475666458464096, "MRm_new": 2164.3736889162064, "HITS@1m_new": 0.2252222481055651, "HITS@3m_new": 0.33009397086536046, "HITS@10m_new": 0.4671519820749527}