{"MRRm_new": 0.28629134642779536, "MRm_new": 2283.905656260833, "HITS@1m_new": 0.24019017852420801, "HITS@3m_new": 0.3049151064580001, "HITS@10m_new": 0.37622036228530853}