{"MRRm_new": 0.2919507675248346, "MRm_new": 2414.3947413570286, "HITS@1m_new": 0.21327758566313423, "HITS@3m_new": 0.3139904065435985, "HITS@10m_new": 0.45668908893922344}