{"MRRm_new": 0.24551674369056564, "MRm_new": 224.49822203857897, "HITS@1m_new": 0.1653168405460194, "HITS@3m_new": 0.2633770590912551, "HITS@10m_new": 0.40354399863737633}