{"MRRm_new": 0.21340331493782141, "MRm_new": 301.4933978488922, "HITS@1m_new": 0.13356067269494523, "HITS@3m_new": 0.2304594664514414, "HITS@10m_new": 0.3750721497801249}