{"MRRm_new": 0.2575963219902969, "MRm_new": 659.5771641342044, "HITS@1m_new": 0.19835463267857995, "HITS@3m_new": 0.2745664939074159, "HITS@10m_new": 0.371310601897163}