{"MRRm_new": 0.10273941863360232, "MRm_new": 3603.895348500848, "HITS@1m_new": 0.05897641486609355, "HITS@3m_new": 0.10804535426050424, "HITS@10m_new": 0.19481267629773355}