{"MRRm_new": 0.21991361826815847, "MRm_new": 300.22190866844653, "HITS@1m_new": 0.13584156591693172, "HITS@3m_new": 0.23370176867744885, "HITS@10m_new": 0.40372035368927756}