{"MRRm_new": 0.24411343405479147, "MRm_new": 654.8504087730944, "HITS@1m_new": 0.18237928657383964, "HITS@3m_new": 0.2622502673330564, "HITS@10m_new": 0.3626816771983613}