{"MRRm_new": 0.34915625236857795, "MRm_new": 459.708597257182, "HITS@1m_new": 0.284244618476514, "HITS@3m_new": 0.3707584316907851, "HITS@10m_new": 0.47238226859749194}