{"MRRm_new": 0.1395371022380583, "MRm_new": 344.2925922682762, "HITS@1m_new": 0.077418936127075, "HITS@3m_new": 0.14801374173034565, "HITS@10m_new": 0.25976427826348225}