{"MRRm_new": 0.40125592168286767, "MRm_new": 259.1772990957275, "HITS@1m_new": 0.3113603653833488, "HITS@3m_new": 0.4379345644560526, "HITS@10m_new": 0.5800720661041414}