{"MRRm_new": 0.344213518196525, "MRm_new": 413.23471739181133, "HITS@1m_new": 0.2780690041591806, "HITS@3m_new": 0.3704060649407402, "HITS@10m_new": 0.4628064114935478}