{"MRRm_new": 0.2928442626892329, "MRm_new": 1863.1997243989706, "HITS@1m_new": 0.2148027300842805, "HITS@3m_new": 0.3174280755388318, "HITS@10m_new": 0.4486188430972397}