{"MRRm_new": 0.1997615574749607, "MRm_new": 1527.8517257755698, "HITS@1m_new": 0.13164163842258858, "HITS@3m_new": 0.21302244396077002, "HITS@10m_new": 0.33734208719444}