{"MRRm_new": 0.12933062477751808, "MRm_new": 14884.5466710189, "HITS@1m_new": 0.08538376673939638, "HITS@3m_new": 0.1427212569557596, "HITS@10m_new": 0.2173041804691311}