{"MRRm_new": 0.2159810808401031, "MRm_new": 114.69575863358975, "HITS@1m_new": 0.12982539883945138, "HITS@3m_new": 0.23133127290848643, "HITS@10m_new": 0.3960384120444767}