{"MRRm_new": 0.32238855234841773, "MRm_new": 1686.4000437557102, "HITS@1m_new": 0.2402023206099402, "HITS@3m_new": 0.354935796171776, "HITS@10m_new": 0.48480042606242935}