{"MRRm_new": 0.2539969866852502, "MRm_new": 2873.872765814692, "HITS@1m_new": 0.18521474429703086, "HITS@3m_new": 0.2754989549011225, "HITS@10m_new": 0.38296174170603625}