{"MRRm_new": 0.1370796241827511, "MRm_new": 621.7479602041319, "HITS@1m_new": 0.07681769100843303, "HITS@3m_new": 0.14457763398940734, "HITS@10m_new": 0.2599423933331345}