{"MRRm_new": 0.13636963920197787, "MRm_new": 4091.9048308622837, "HITS@1m_new": 0.08781729611528863, "HITS@3m_new": 0.14110624668883975, "HITS@10m_new": 0.2278737432397611}