{"MRRm_new": 0.15774887176956837, "MRm_new": 281.21594198629856, "HITS@1m_new": 0.09269424897115677, "HITS@3m_new": 0.16589822071790694, "HITS@10m_new": 0.28688725226494716}