{"MRRm_new": 0.22498995589322732, "MRm_new": 246.4637740956545, "HITS@1m_new": 0.14212127496335888, "HITS@3m_new": 0.239999799504783, "HITS@10m_new": 0.3868420290731359}