{"MRRm_new": 0.08937071869426581, "MRm_new": 666.878362206769, "HITS@1m_new": 0.04759632033399539, "HITS@3m_new": 0.09045194292549277, "HITS@10m_new": 0.16488572164576035}