{"MRRm_new": 0.2439675409842006, "MRm_new": 239.6372954025507, "HITS@1m_new": 0.16428195428792386, "HITS@3m_new": 0.26128249938171355, "HITS@10m_new": 0.3991967699951027}