{"MRRm_new": 0.3567514066024287, "MRm_new": 406.9899208723083, "HITS@1m_new": 0.2874613803744287, "HITS@3m_new": 0.3855119091530214, "HITS@10m_new": 0.4851238500208565}