{"MRRm_new": 0.09752823633107183, "MRm_new": 672.4867046457529, "HITS@1m_new": 0.053922868619009384, "HITS@3m_new": 0.09710061563901837, "HITS@10m_new": 0.1813013456503395}