{"MRRm_new": 0.232776436764565, "MRm_new": 247.7253105306864, "HITS@1m_new": 0.15520613810042852, "HITS@3m_new": 0.24750616991030983, "HITS@10m_new": 0.38739682395178826}