{"MRRm_new": 0.09209897078221693, "MRm_new": 518.1252571473599, "HITS@1m_new": 0.04262780751666287, "HITS@3m_new": 0.0973396625694586, "HITS@10m_new": 0.18528507120031865}