{"MRRm_new": 0.2952618173112337, "MRm_new": 2705.9373803510366, "HITS@1m_new": 0.22257918220548892, "HITS@3m_new": 0.3226176876318641, "HITS@10m_new": 0.4453897027624771}