{"MRRm_new": 0.40993833163027465, "MRm_new": 131.15279153995215, "HITS@1m_new": 0.3069900135530479, "HITS@3m_new": 0.45614389764944646, "HITS@10m_new": 0.609223971788073}