{"MRRm_new": 0.20399339362986066, "MRm_new": 296.3995433651686, "HITS@1m_new": 0.1393418324643455, "HITS@3m_new": 0.2121364880625042, "HITS@10m_new": 0.33693275217297486}