{"MRRm_new": 0.30023000889935203, "MRm_new": 2254.6546660679282, "HITS@1m_new": 0.22656021043728106, "HITS@3m_new": 0.32823365309182556, "HITS@10m_new": 0.4493710298119113}