{"MRRm_new": 0.28020335065955987, "MRm_new": 307.0070617760569, "HITS@1m_new": 0.20060320697494172, "HITS@3m_new": 0.3091400894804101, "HITS@10m_new": 0.4329796668618801}