{"MRRm_new": 0.676204919635522, "MRm_new": 212.9783227350414, "HITS@1m_new": 0.6178405799872234, "HITS@3m_new": 0.7071428198953363, "HITS@10m_new": 0.7843670171092745}