{"MRRm_new": 0.504859938698779, "MRm_new": 196.50164984758197, "HITS@1m_new": 0.3976293784683694, "HITS@3m_new": 0.5646503254406525, "HITS@10m_new": 0.7129256631064563}