{"MRRm_new": 0.24549314769859848, "MRm_new": 414.4893686058521, "HITS@1m_new": 0.1699342802908941, "HITS@3m_new": 0.27429637553657815, "HITS@10m_new": 0.38767355119186686}