{"MRRm_new": 0.23189363113786676, "MRm_new": 241.80764774763585, "HITS@1m_new": 0.1489927007201244, "HITS@3m_new": 0.24244124217559584, "HITS@10m_new": 0.39708348613465205}