{"MRRm_new": 0.6102917436404987, "MRm_new": 48.723716886490585, "HITS@1m_new": 0.5341097268955782, "HITS@3m_new": 0.6502987450560322, "HITS@10m_new": 0.7503074687743793}