{"MRRm_new": 0.10278079065160273, "MRm_new": 3565.5737788799047, "HITS@1m_new": 0.05902641487801447, "HITS@3m_new": 0.10804254725724459, "HITS@10m_new": 0.19536947531881743}