{"MRRm_new": 0.22140917093415774, "MRm_new": 269.79208215687277, "HITS@1m_new": 0.14052866575708614, "HITS@3m_new": 0.2343762393140234, "HITS@10m_new": 0.38500403051385657}