{"MRRm_new": 0.1112022255031945, "MRm_new": 432.24811445560454, "HITS@1m_new": 0.05731327529894188, "HITS@3m_new": 0.11738167490554043, "HITS@10m_new": 0.21572009192844852}