{"MRRm_new": 0.34256746948177486, "MRm_new": 363.0089343714714, "HITS@1m_new": 0.23471135460259393, "HITS@3m_new": 0.3864464828693308, "HITS@10m_new": 0.5586101329047233}