{"MRRm_new": 0.1195048609722493, "MRm_new": 3652.647375134015, "HITS@1m_new": 0.07748579777278937, "HITS@3m_new": 0.1261818774255924, "HITS@10m_new": 0.20682406741036102}