{"MRRm_new": 0.11023167726003594, "MRm_new": 3584.897217151904, "HITS@1m_new": 0.06863444492402486, "HITS@3m_new": 0.11647879582233726, "HITS@10m_new": 0.19406254361206665}