{"MRRm_new": 0.21275373324998653, "MRm_new": 310.71361317882537, "HITS@1m_new": 0.1329770747264265, "HITS@3m_new": 0.22985935977700864, "HITS@10m_new": 0.3738786003750865}