{"MRRm_new": 0.09242904800866963, "MRm_new": 713.7744597826719, "HITS@1m_new": 0.04878061193447793, "HITS@3m_new": 0.0945992281383369, "HITS@10m_new": 0.17069162849122657}