{"MRRm_new": 0.11992870948454948, "MRm_new": 452.5298975557804, "HITS@1m_new": 0.06524175255039008, "HITS@3m_new": 0.12693460089883302, "HITS@10m_new": 0.22598139189747163}