{"MRRm_new": 0.5741021960607131, "MRm_new": 208.60172945249082, "HITS@1m_new": 0.495579913848851, "HITS@3m_new": 0.6129736572003385, "HITS@10m_new": 0.7256458195742452}