{"MRRm_new": 0.6857020153767371, "MRm_new": 173.52387677201628, "HITS@1m_new": 0.6336877841960704, "HITS@3m_new": 0.7126880600856311, "HITS@10m_new": 0.7807438474087758}