{"MRRm_new": 0.23417461569468578, "MRm_new": 230.8680551697731, "HITS@1m_new": 0.1467097970112227, "HITS@3m_new": 0.24719428068120033, "HITS@10m_new": 0.43049159978362733}