{"MRRm_new": 0.14208191229257092, "MRm_new": 4153.65646507433, "HITS@1m_new": 0.09419409143875236, "HITS@3m_new": 0.14727677373609913, "HITS@10m_new": 0.2318203953359771}