{"MRRm_new": 0.3258389518043168, "MRm_new": 603.9583817113265, "HITS@1m_new": 0.2642018936745881, "HITS@3m_new": 0.34752631323111566, "HITS@10m_new": 0.4418370293273256}