{"MRRm_new": 0.6851027957764408, "MRm_new": 208.4490918326527, "HITS@1m_new": 0.6261290971610688, "HITS@3m_new": 0.7168353974604251, "HITS@10m_new": 0.7942238837857513}