{"MRRm_new": 0.18372014896384645, "MRm_new": 328.23362983231544, "HITS@1m_new": 0.11171547772644554, "HITS@3m_new": 0.195977697747387, "HITS@10m_new": 0.32117338911455007}