{"MRRm_new": 0.30257171266327715, "MRm_new": 2242.566401014626, "HITS@1m_new": 0.22447015872457995, "HITS@3m_new": 0.3277361668914091, "HITS@10m_new": 0.4646360298660584}