{"MRRm_new": 0.19120443015892233, "MRm_new": 341.39500465741156, "HITS@1m_new": 0.11196716281742557, "HITS@3m_new": 0.20909418718001108, "HITS@10m_new": 0.3493067117370665}