{"MRRm_new": 0.32937377595204814, "MRm_new": 3165.641998209007, "HITS@1m_new": 0.29006471572110604, "HITS@3m_new": 0.34657548393712206, "HITS@10m_new": 0.4046310151216494}