{"MRRm_new": 0.0987842212448566, "MRm_new": 3792.2564309341906, "HITS@1m_new": 0.0579123387016356, "HITS@3m_new": 0.10587817127108574, "HITS@10m_new": 0.18390691192029043}