{"MRRm_new": 0.29069970226560965, "MRm_new": 285.83869307763877, "HITS@1m_new": 0.20854407248547796, "HITS@3m_new": 0.32210464360806507, "HITS@10m_new": 0.44669049197333516}