{"MRRm_new": 0.16145487460932345, "MRm_new": 193.9186997824669, "HITS@1m_new": 0.08115772203607485, "HITS@3m_new": 0.1739707838807255, "HITS@10m_new": 0.32705450469218195}