{"MRRm_new": 0.4209461021180859, "MRm_new": 262.05496535200626, "HITS@1m_new": 0.33212952498805315, "HITS@3m_new": 0.4594195652335002, "HITS@10m_new": 0.5925297034956893}