{"MRRm_new": 0.10234802732927928, "MRm_new": 632.1922158566475, "HITS@1m_new": 0.05966328869986464, "HITS@3m_new": 0.1018529948557727, "HITS@10m_new": 0.18443778126217658}