{"MRRm_new": 0.5046322921254568, "MRm_new": 198.33232084110378, "HITS@1m_new": 0.39617042748531456, "HITS@3m_new": 0.5623695837181258, "HITS@10m_new": 0.720069424423913}