{"MRRm_new": 0.29234327859322456, "MRm_new": 2380.7812728829085, "HITS@1m_new": 0.21349727762141266, "HITS@3m_new": 0.3146013130141655, "HITS@10m_new": 0.45231076296279205}