{"MRRm_new": 0.11212399939297465, "MRm_new": 512.6642375921011, "HITS@1m_new": 0.06109632059230935, "HITS@3m_new": 0.11581284461758333, "HITS@10m_new": 0.21075845512798988}