{"MRRm_new": 0.4203750558073443, "MRm_new": 267.1787539398968, "HITS@1m_new": 0.3324423915418083, "HITS@3m_new": 0.45799545668978314, "HITS@10m_new": 0.5910951836789827}