{"MRRm_new": 0.09356241030254896, "MRm_new": 598.5404809320927, "HITS@1m_new": 0.05039461756641977, "HITS@3m_new": 0.09712889295745408, "HITS@10m_new": 0.1698305930009694}