{"MRRm_new": 0.24775966949763825, "MRm_new": 340.0239225301027, "HITS@1m_new": 0.16949074682652718, "HITS@3m_new": 0.2707711807752028, "HITS@10m_new": 0.40487258861362935}