{"MRRm_new": 0.4163103843675726, "MRm_new": 280.85977403312177, "HITS@1m_new": 0.3297764006860889, "HITS@3m_new": 0.453086889364542, "HITS@10m_new": 0.584446826975669}