{"MRRm_new": 0.2836282793554246, "MRm_new": 2520.2126467391254, "HITS@1m_new": 0.2066996559781255, "HITS@3m_new": 0.30822642549767626, "HITS@10m_new": 0.4370174694545567}