{"MRRm_new": 0.19288803159063536, "MRm_new": 404.18999686009886, "HITS@1m_new": 0.12986096274489536, "HITS@3m_new": 0.20202462719939648, "HITS@10m_new": 0.3208654264171841}