{"MRRm_new": 0.25271125777056, "MRm_new": 344.4393389106751, "HITS@1m_new": 0.1727174818827538, "HITS@3m_new": 0.27472005676096306, "HITS@10m_new": 0.41084620375130326}