{"MRRm_new": 0.3038606424884538, "MRm_new": 2181.647098054171, "HITS@1m_new": 0.2232567329130252, "HITS@3m_new": 0.33300970975460953, "HITS@10m_new": 0.46888212748715885}