{"MRRm_new": 0.089327506768686, "MRm_new": 666.8791381539584, "HITS@1m_new": 0.047546444403484926, "HITS@3m_new": 0.09040194292549276, "HITS@10m_new": 0.16488846137325744}