{"MRRm_new": 0.4032996583656841, "MRm_new": 354.1131632106006, "HITS@1m_new": 0.3348434831706472, "HITS@3m_new": 0.43297301426580814, "HITS@10m_new": 0.5303580683127366}