{"MRRm_new": 0.7293536269233954, "MRm_new": 37.98612416915596, "HITS@1m_new": 0.6383877178713737, "HITS@3m_new": 0.7951236367433739, "HITS@10m_new": 0.8864842689545476}