{"MRRm_new": 0.1345923742960931, "MRm_new": 14777.633726163804, "HITS@1m_new": 0.09277554637892171, "HITS@3m_new": 0.14907727149245328, "HITS@10m_new": 0.2187968513049418}