{"MRRm_new": 0.25509111137549145, "MRm_new": 3409.250793909192, "HITS@1m_new": 0.17754666698318033, "HITS@3m_new": 0.2775146587312192, "HITS@10m_new": 0.4071943411552929}