{"MRRm_new": 0.18103474751096219, "MRm_new": 337.8997990875244, "HITS@1m_new": 0.11150531278824782, "HITS@3m_new": 0.19595144853204255, "HITS@10m_new": 0.3193295017956756}