{"MRRm_new": 0.6893322886582764, "MRm_new": 194.40653627830744, "HITS@1m_new": 0.6328835458591129, "HITS@3m_new": 0.7190681281110701, "HITS@10m_new": 0.7960059187994629}