{"MRRm_new": 0.19905887074920903, "MRm_new": 294.49199214015005, "HITS@1m_new": 0.13115447930388618, "HITS@3m_new": 0.2019078114847187, "HITS@10m_new": 0.3341106764119002}