{"MRRm_new": 0.25130117259677065, "MRm_new": 356.8049730198383, "HITS@1m_new": 0.1752808940237388, "HITS@3m_new": 0.2704858785981312, "HITS@10m_new": 0.4034423313285224}