{"MRRm_new": 0.22100914805707433, "MRm_new": 357.16499134557245, "HITS@1m_new": 0.14257073244715576, "HITS@3m_new": 0.24232380458659028, "HITS@10m_new": 0.3758297366161016}