{"MRRm_new": 0.20669898854318453, "MRm_new": 181.33901433501242, "HITS@1m_new": 0.10046121333842166, "HITS@3m_new": 0.23330719286054372, "HITS@10m_new": 0.4361794114797376}