{"MRRm_new": 0.5037938241901502, "MRm_new": 205.74276285591722, "HITS@1m_new": 0.3977773163598904, "HITS@3m_new": 0.5609921102971239, "HITS@10m_new": 0.7110955141927116}