{"MRRm_new": 0.40749846501053344, "MRm_new": 216.73760959766804, "HITS@1m_new": 0.2949554163002358, "HITS@3m_new": 0.45746894599958615, "HITS@10m_new": 0.640292049204203}