{"MRRm_new": 0.40263853988444587, "MRm_new": 150.29692045927047, "HITS@1m_new": 0.29996131490262634, "HITS@3m_new": 0.44802369656149676, "HITS@10m_new": 0.6024545630902867}