{"MRRm_new": 0.1331981920881837, "MRm_new": 279.1999990401745, "HITS@1m_new": 0.0700767620987608, "HITS@3m_new": 0.14250502451350913, "HITS@10m_new": 0.25277578940321693}