{"MRRm_new": 0.11316817113020806, "MRm_new": 3633.9685499173643, "HITS@1m_new": 0.07248053999491967, "HITS@3m_new": 0.11738318031732924, "HITS@10m_new": 0.1987358720851131}