{"MRRm_new": 0.23147647744481128, "MRm_new": 3313.864870358482, "HITS@1m_new": 0.171496438127695, "HITS@3m_new": 0.25816388798820844, "HITS@10m_new": 0.34740445998301583}