{"MRRm_new": 0.24597521533185354, "MRm_new": 213.67220166049003, "HITS@1m_new": 0.16432389549463988, "HITS@3m_new": 0.2646987092316151, "HITS@10m_new": 0.40695329095250926}