{"MRRm_new": 0.22183024756010564, "MRm_new": 261.2022543602228, "HITS@1m_new": 0.14057664735363795, "HITS@3m_new": 0.23480234707733616, "HITS@10m_new": 0.3868619256745093}