{"MRRm_new": 0.2537931292718622, "MRm_new": 2250.178633645147, "HITS@1m_new": 0.18616034002800005, "HITS@3m_new": 0.27487637086969335, "HITS@10m_new": 0.38158165076875594}