{"MRRm_new": 0.31471216930993523, "MRm_new": 494.25900125721097, "HITS@1m_new": 0.21408418510551563, "HITS@3m_new": 0.3515083344769664, "HITS@10m_new": 0.5176468095183373}