{"MRRm_new": 0.23685255715489767, "MRm_new": 418.50617968137266, "HITS@1m_new": 0.16050944072913845, "HITS@3m_new": 0.25488122782669964, "HITS@10m_new": 0.3921950866715051}