{"MRRm_new": 0.2104752478450937, "MRm_new": 2155.230654545486, "HITS@1m_new": 0.1441749256212206, "HITS@3m_new": 0.22616259161022026, "HITS@10m_new": 0.3379980780675251}