{"MRRm_new": 0.2040477925009468, "MRm_new": 1521.6700722630023, "HITS@1m_new": 0.1315560012459755, "HITS@3m_new": 0.21941265341971303, "HITS@10m_new": 0.3443430804787786}