{"MRRm_new": 0.36802104579152, "MRm_new": 128.15037586660682, "HITS@1m_new": 0.2765283172698109, "HITS@3m_new": 0.4075141345047887, "HITS@10m_new": 0.5416819943551673}