{"MRRm_new": 0.20110356842145938, "MRm_new": 465.09767338828, "HITS@1m_new": 0.13289840913432271, "HITS@3m_new": 0.21775520002438134, "HITS@10m_new": 0.3347726392629193}