{"MRRm_new": 0.17351503288263848, "MRm_new": 559.5858704290912, "HITS@1m_new": 0.10668144612145261, "HITS@3m_new": 0.18806885286100442, "HITS@10m_new": 0.3082613835674892}