{"MRRm_new": 0.786033050718498, "MRm_new": 29.55735077635944, "HITS@1m_new": 0.7143017759815556, "HITS@3m_new": 0.838795718873851, "HITS@10m_new": 0.9055558223492699}