{"MRRm_new": 0.13647096671178588, "MRm_new": 630.9829779797569, "HITS@1m_new": 0.07593001730738978, "HITS@3m_new": 0.14402306685650546, "HITS@10m_new": 0.2611294276212939}