{"MRRm_new": 0.6819893678801864, "MRm_new": 167.07244412629305, "HITS@1m_new": 0.6299667166053404, "HITS@3m_new": 0.7088398253995328, "HITS@10m_new": 0.7795870688200521}