{"MRRm_new": 0.39257876835784467, "MRm_new": 321.1279937610105, "HITS@1m_new": 0.3058983373835508, "HITS@3m_new": 0.42937512098272057, "HITS@10m_new": 0.5621608257996995}