{"MRRm_new": 0.40547088150024135, "MRm_new": 283.1197179989219, "HITS@1m_new": 0.3155328491316468, "HITS@3m_new": 0.44299285899813184, "HITS@10m_new": 0.5825340241828526}