{"MRRm_new": 0.2931747360192362, "MRm_new": 2486.7013112111986, "HITS@1m_new": 0.22751977808613447, "HITS@3m_new": 0.30932281887132557, "HITS@10m_new": 0.4296209667401563}