{"MRRm_new": 0.30852727267337743, "MRm_new": 524.0641801241189, "HITS@1m_new": 0.24984498705712757, "HITS@3m_new": 0.32603647459985585, "HITS@10m_new": 0.4188058425463569}