{"MRRm_new": 0.1922356132153669, "MRm_new": 420.48736810235977, "HITS@1m_new": 0.12679616229488747, "HITS@3m_new": 0.20819855077816174, "HITS@10m_new": 0.31780848100779113}