{"MRRm_new": 0.14407270762650004, "MRm_new": 267.28337866899966, "HITS@1m_new": 0.07930034213126637, "HITS@3m_new": 0.15103427944041323, "HITS@10m_new": 0.2709913668430876}