{"MRRm_new": 0.2766884104497126, "MRm_new": 2219.725481173843, "HITS@1m_new": 0.20289903896360192, "HITS@3m_new": 0.30063381005218254, "HITS@10m_new": 0.4206788789119746}