{"MRRm_new": 0.5250938976904008, "MRm_new": 124.61319186078012, "HITS@1m_new": 0.4547702799551189, "HITS@3m_new": 0.558395478578168, "HITS@10m_new": 0.6525227318009129}