{"MRRm_new": 0.20278468776151112, "MRm_new": 1476.2000666756928, "HITS@1m_new": 0.13725768927764148, "HITS@3m_new": 0.21498553006834117, "HITS@10m_new": 0.330281079219596}