{"MRRm_new": 0.133330530670597, "MRm_new": 15463.87307852915, "HITS@1m_new": 0.09047339061216916, "HITS@3m_new": 0.1462680224274518, "HITS@10m_new": 0.21894566297344864}