{"MRRm_new": 0.31691714259806303, "MRm_new": 375.1444621629417, "HITS@1m_new": 0.23288991638432707, "HITS@3m_new": 0.3478866385605943, "HITS@10m_new": 0.4834618044293165}