{"MRRm_new": 0.3156412880113153, "MRm_new": 1616.0339790266753, "HITS@1m_new": 0.23132201423030346, "HITS@3m_new": 0.34797029559954534, "HITS@10m_new": 0.48228859712206756}