{"MRRm_new": 0.7072173630442421, "MRm_new": 157.31731423787772, "HITS@1m_new": 0.6554283303644479, "HITS@3m_new": 0.7366137717900492, "HITS@10m_new": 0.8023257793911908}