{"MRRm_new": 0.10162629318043764, "MRm_new": 633.6936998788357, "HITS@1m_new": 0.05989041518268641, "HITS@3m_new": 0.10068599602549802, "HITS@10m_new": 0.18037816984206437}