{"MRRm_new": 0.6852812543202972, "MRm_new": 50.94153604352474, "HITS@1m_new": 0.5870472112433054, "HITS@3m_new": 0.7529854198255053, "HITS@10m_new": 0.8594747015738685}