{"MRRm_new": 0.3009445134743755, "MRm_new": 3622.32131336163, "HITS@1m_new": 0.2637458730487997, "HITS@3m_new": 0.3160107394981023, "HITS@10m_new": 0.36968269003037857}