{"MRRm_new": 0.23915951838156907, "MRm_new": 366.2294142108679, "HITS@1m_new": 0.16397798013738357, "HITS@3m_new": 0.2583796048465185, "HITS@10m_new": 0.3938797904963605}