{"MRRm_new": 0.376749955820439, "MRm_new": 125.40509045234323, "HITS@1m_new": 0.27630927211538076, "HITS@3m_new": 0.42480413551526724, "HITS@10m_new": 0.5714117906352622}