{"MRRm_new": 0.1847993317748973, "MRm_new": 516.3592077147722, "HITS@1m_new": 0.12311235551749124, "HITS@3m_new": 0.196632604722213, "HITS@10m_new": 0.3089533841772936}