{"MRRm_new": 0.1790520536900576, "MRm_new": 494.48766990747305, "HITS@1m_new": 0.11251598028888112, "HITS@3m_new": 0.1917851793774862, "HITS@10m_new": 0.3147202639450552}