{"MRRm_new": 0.3107488642375224, "MRm_new": 1970.965537696868, "HITS@1m_new": 0.23410603310470468, "HITS@3m_new": 0.3333310085684061, "HITS@10m_new": 0.46853017251892015}