{"MRRm_new": 0.19517887253546543, "MRm_new": 557.2567419375554, "HITS@1m_new": 0.1280264349222125, "HITS@3m_new": 0.21162967547362133, "HITS@10m_new": 0.32952324404164757}