{"MRRm_new": 0.3736519167074512, "MRm_new": 321.1766854139492, "HITS@1m_new": 0.3069353881970019, "HITS@3m_new": 0.4009480425348738, "HITS@10m_new": 0.49628008077996494}