{"MRRm_new": 0.2978017379319354, "MRm_new": 2544.552118700117, "HITS@1m_new": 0.22496331996261143, "HITS@3m_new": 0.32496339725051077, "HITS@10m_new": 0.4459410900156945}