{"MRRm_new": 0.2783553859114127, "MRm_new": 472.47696360743043, "HITS@1m_new": 0.21883731394563075, "HITS@3m_new": 0.29632433785611284, "HITS@10m_new": 0.3887172281531457}