{"MRRm_new": 0.4337513862786227, "MRm_new": 296.1711369660646, "HITS@1m_new": 0.36191029714522666, "HITS@3m_new": 0.4673027829949569, "HITS@10m_new": 0.5656537098510307}