{"MRRm_new": 0.19365650996636397, "MRm_new": 527.6543521426395, "HITS@1m_new": 0.12437469650903223, "HITS@3m_new": 0.20961584080653847, "HITS@10m_new": 0.3306765548434705}