{"MRRm_new": 0.30265407411699746, "MRm_new": 2348.713021927297, "HITS@1m_new": 0.22154801452276296, "HITS@3m_new": 0.33715364189445973, "HITS@10m_new": 0.46603214532742276}