{"MRRm_new": 0.10126301938270917, "MRm_new": 659.5303733948946, "HITS@1m_new": 0.05834105521403253, "HITS@3m_new": 0.1020425284313038, "HITS@10m_new": 0.1842285295116715}