{"MRRm_new": 0.3024223826504394, "MRm_new": 479.1378397385404, "HITS@1m_new": 0.24482976552300534, "HITS@3m_new": 0.31987446160075345, "HITS@10m_new": 0.4086869942580306}