{"MRRm_new": 0.1872402281586892, "MRm_new": 2055.7241796076596, "HITS@1m_new": 0.12118392976588803, "HITS@3m_new": 0.19871160063208662, "HITS@10m_new": 0.31488995551364496}