{"MRRm_new": 0.13352946512155905, "MRm_new": 408.9891829973936, "HITS@1m_new": 0.07688371162121184, "HITS@3m_new": 0.13920631941836908, "HITS@10m_new": 0.24408672126471648}