{"MRRm_new": 0.25089195888272936, "MRm_new": 4635.842897862643, "HITS@1m_new": 0.17409611178946216, "HITS@3m_new": 0.2714559715119831, "HITS@10m_new": 0.4014973307360197}