{"MRRm_new": 0.43991680067856853, "MRm_new": 232.0994934945628, "HITS@1m_new": 0.3731619640307035, "HITS@3m_new": 0.46919223245463215, "HITS@10m_new": 0.5617187633584253}