{"MRRm_new": 0.1777499564855374, "MRm_new": 328.25681286637786, "HITS@1m_new": 0.10638806993840845, "HITS@3m_new": 0.1922540232622181, "HITS@10m_new": 0.31554841728904287}