{"MRRm_new": 0.12142013114911387, "MRm_new": 446.4338286288023, "HITS@1m_new": 0.06582202889990295, "HITS@3m_new": 0.12942345654417295, "HITS@10m_new": 0.22824321616762316}