{"MRRm_new": 0.4109884181192456, "MRm_new": 296.53321717178824, "HITS@1m_new": 0.3433574485011159, "HITS@3m_new": 0.44216041750610746, "HITS@10m_new": 0.5311263349270011}