{"MRRm_new": 0.41249968906675805, "MRm_new": 200.24822274796665, "HITS@1m_new": 0.29784176806484536, "HITS@3m_new": 0.46354148922268357, "HITS@10m_new": 0.6485713388364238}