{"MRRm_new": 0.32212741891466024, "MRm_new": 1662.0685776967407, "HITS@1m_new": 0.24091694052313686, "HITS@3m_new": 0.3513160917095374, "HITS@10m_new": 0.4817173243064899}