{"MRRm_new": 0.40077158624995807, "MRm_new": 293.2940777766257, "HITS@1m_new": 0.3123414671959763, "HITS@3m_new": 0.43837571711010603, "HITS@10m_new": 0.5730804702171445}