{"MRRm_new": 0.25922428690378435, "MRm_new": 342.41045021808145, "HITS@1m_new": 0.18077706280737185, "HITS@3m_new": 0.27663680797386914, "HITS@10m_new": 0.42001126534603533}