{"MRRm_new": 0.4608357980765122, "MRm_new": 208.9114594939798, "HITS@1m_new": 0.3922053952717106, "HITS@3m_new": 0.4915073738078063, "HITS@10m_new": 0.5843762669924181}