{"MRRm_new": 0.21290929141815287, "MRm_new": 1964.2665254237056, "HITS@1m_new": 0.1448397016694944, "HITS@3m_new": 0.22790489392282326, "HITS@10m_new": 0.34526711774643626}