{"MRRm_new": 0.19439683561485527, "MRm_new": 516.1495561457947, "HITS@1m_new": 0.12494096255979821, "HITS@3m_new": 0.21062370442147949, "HITS@10m_new": 0.3318649828352572}