{"MRRm_new": 0.47396304476130174, "MRm_new": 368.423588639915, "HITS@1m_new": 0.41141666057205656, "HITS@3m_new": 0.500343186431055, "HITS@10m_new": 0.5920163812265746}