{"MRRm_new": 0.2894599083340977, "MRm_new": 2397.492768399, "HITS@1m_new": 0.21168660900293618, "HITS@3m_new": 0.32130394425895065, "HITS@10m_new": 0.44315416683768855}