{"MRRm_new": 0.618431417242503, "MRm_new": 102.43117597632855, "HITS@1m_new": 0.5460072245476258, "HITS@3m_new": 0.658615772457044, "HITS@10m_new": 0.7493625947338587}