{"MRRm_new": 0.2626061411092942, "MRm_new": 2184.175801650524, "HITS@1m_new": 0.19162877123686484, "HITS@3m_new": 0.28464524325699314, "HITS@10m_new": 0.3986112205313984}