{"MRRm_new": 0.23090829855945777, "MRm_new": 417.9068501879215, "HITS@1m_new": 0.15500609065705212, "HITS@3m_new": 0.24760063501149415, "HITS@10m_new": 0.38380945818461476}