{"MRRm_new": 0.29588101815915435, "MRm_new": 2125.6705906636416, "HITS@1m_new": 0.2185816158420639, "HITS@3m_new": 0.3205344401350012, "HITS@10m_new": 0.4549170881123282}