{"MRRm_new": 0.18844597008126437, "MRm_new": 367.84716483101846, "HITS@1m_new": 0.11059731294129742, "HITS@3m_new": 0.20488259652691196, "HITS@10m_new": 0.34300785217974333}