{"MRRm_new": 0.5258781609743537, "MRm_new": 154.28937772232294, "HITS@1m_new": 0.4126578178789387, "HITS@3m_new": 0.5887903539590806, "HITS@10m_new": 0.7478206740794849}