{"MRRm_new": 0.09961964817761182, "MRm_new": 3652.6837611272094, "HITS@1m_new": 0.057863022051844744, "HITS@3m_new": 0.10470932534295134, "HITS@10m_new": 0.19029588521188126}