{"MRRm_new": 0.18385636711462866, "MRm_new": 182.38361729016304, "HITS@1m_new": 0.11226420278474689, "HITS@3m_new": 0.19345754007073118, "HITS@10m_new": 0.32391091650882736}