{"MRRm_new": 0.23973740793245088, "MRm_new": 354.3701156910896, "HITS@1m_new": 0.16411065901848487, "HITS@3m_new": 0.25963050657743586, "HITS@10m_new": 0.39612783337673174}