{"MRRm_new": 0.13142147847419983, "MRm_new": 294.77533459777834, "HITS@1m_new": 0.06594054963011295, "HITS@3m_new": 0.13817467440860345, "HITS@10m_new": 0.2698188138542697}