{"MRRm_new": 0.37369944242076053, "MRm_new": 252.29789838060736, "HITS@1m_new": 0.27547608042862703, "HITS@3m_new": 0.41267924537444195, "HITS@10m_new": 0.5669985904601926}