{"MRRm_new": 0.536060209292511, "MRm_new": 274.4034483934119, "HITS@1m_new": 0.4577985925955727, "HITS@3m_new": 0.5739358189690974, "HITS@10m_new": 0.6802569054566556}