{"MRRm_new": 0.07989780950572749, "MRm_new": 661.8127137695074, "HITS@1m_new": 0.03920468877875246, "HITS@3m_new": 0.07822570151878754, "HITS@10m_new": 0.16040136017706244}