{"MRRm_new": 0.2993792238964611, "MRm_new": 2060.7801309093834, "HITS@1m_new": 0.22586248069477732, "HITS@3m_new": 0.3206038825379219, "HITS@10m_new": 0.449051969375927}