{"MRRm_new": 0.31002280327693005, "MRm_new": 1781.377662130922, "HITS@1m_new": 0.22851865813345648, "HITS@3m_new": 0.3437026100200601, "HITS@10m_new": 0.48000453513790853}