{"MRRm_new": 0.23273951994389352, "MRm_new": 248.83644431812763, "HITS@1m_new": 0.15514171739495358, "HITS@3m_new": 0.24725055990400724, "HITS@10m_new": 0.38698883193787187}