{"MRRm_new": 0.293946409568136, "MRm_new": 1995.7366256160437, "HITS@1m_new": 0.21437929489946692, "HITS@3m_new": 0.32723265906143933, "HITS@10m_new": 0.45154671330796553}