{"MRRm_new": 0.3206360181773325, "MRm_new": 3180.811489201501, "HITS@1m_new": 0.2819013273121818, "HITS@3m_new": 0.3370689215855309, "HITS@10m_new": 0.3944874569708627}