{"MRRm_new": 0.29379943978880463, "MRm_new": 2222.3657604743244, "HITS@1m_new": 0.21703614898363593, "HITS@3m_new": 0.3182204375838628, "HITS@10m_new": 0.4515505576338619}