{"MRRm_new": 0.10633257600709621, "MRm_new": 3779.8143229237794, "HITS@1m_new": 0.06140940887290053, "HITS@3m_new": 0.1133942324875854, "HITS@10m_new": 0.19621056831050665}