{"MRRm_new": 0.19977624449365158, "MRm_new": 472.11368857171385, "HITS@1m_new": 0.13209646704672923, "HITS@3m_new": 0.21647583419152217, "HITS@10m_new": 0.3329714225965072}