{"MRRm_new": 0.5008167052987901, "MRm_new": 201.27408484181763, "HITS@1m_new": 0.39147716361976925, "HITS@3m_new": 0.5589187618593896, "HITS@10m_new": 0.7207879795802983}