{"MRRm_new": 0.12841979293613986, "MRm_new": 364.76732270913124, "HITS@1m_new": 0.0704418333357782, "HITS@3m_new": 0.1340604121221404, "HITS@10m_new": 0.24143372592565138}