{"MRRm_new": 0.2295831436991153, "MRm_new": 255.67924175789355, "HITS@1m_new": 0.14596664438165025, "HITS@3m_new": 0.24183210830870083, "HITS@10m_new": 0.3972532210234553}