{"MRRm_new": 0.2936916209826941, "MRm_new": 284.38015935269, "HITS@1m_new": 0.21150866446865985, "HITS@3m_new": 0.3246012833810237, "HITS@10m_new": 0.4506771753016801}