{"MRRm_new": 0.23912096227184085, "MRm_new": 225.92460653438567, "HITS@1m_new": 0.15393308618816082, "HITS@3m_new": 0.2563624737141654, "HITS@10m_new": 0.4141354517436586}