{"MRRm_new": 0.691113314111678, "MRm_new": 148.9883858217895, "HITS@1m_new": 0.6343181956018816, "HITS@3m_new": 0.7218497544574202, "HITS@10m_new": 0.7978211632228049}