{"MRRm_new": 0.1326063460791479, "MRm_new": 15953.22600446111, "HITS@1m_new": 0.08855878208531066, "HITS@3m_new": 0.14782910850015468, "HITS@10m_new": 0.22198522807389964}