{"MRRm_new": 0.2409551901429164, "MRm_new": 345.35263303790094, "HITS@1m_new": 0.16474802990951576, "HITS@3m_new": 0.26198266529077663, "HITS@10m_new": 0.39726227711355316}