{"MRRm_new": 0.133677207752321, "MRm_new": 15096.673119538784, "HITS@1m_new": 0.0919555876951199, "HITS@3m_new": 0.14778620799060446, "HITS@10m_new": 0.21862766849284526}