{"MRRm_new": 0.2176080131729914, "MRm_new": 3458.3420110225084, "HITS@1m_new": 0.1594647445501032, "HITS@3m_new": 0.24139710293221286, "HITS@10m_new": 0.3315411689245375}