{"MRRm_new": 0.2848471452929589, "MRm_new": 2725.358418017745, "HITS@1m_new": 0.2086116947887349, "HITS@3m_new": 0.31532948079472406, "HITS@10m_new": 0.4389357085400261}