{"MRRm_new": 0.2863515151611646, "MRm_new": 179.83700356063844, "HITS@1m_new": 0.17936824162853882, "HITS@3m_new": 0.3294755053735338, "HITS@10m_new": 0.501324772359617}