{"MRRm_new": 0.26302669103297466, "MRm_new": 2411.8931429992913, "HITS@1m_new": 0.19171813419670797, "HITS@3m_new": 0.287001995290746, "HITS@10m_new": 0.4042801567495917}