{"MRRm_new": 0.43044910526848523, "MRm_new": 218.40268015109004, "HITS@1m_new": 0.32156584556002415, "HITS@3m_new": 0.48121543462768024, "HITS@10m_new": 0.6529180397269956}