{"MRRm_new": 0.13598277341083484, "MRm_new": 645.5702296077087, "HITS@1m_new": 0.07565197936866389, "HITS@3m_new": 0.14396775153564523, "HITS@10m_new": 0.2601220161391393}