{"MRRm_new": 0.5718826523169964, "MRm_new": 210.8146373272687, "HITS@1m_new": 0.4936775296929554, "HITS@3m_new": 0.6103322557486753, "HITS@10m_new": 0.7234688311993377}