{"MRRm_new": 0.21719052425715243, "MRm_new": 1325.8249483992458, "HITS@1m_new": 0.14778101982735098, "HITS@3m_new": 0.2303405346442596, "HITS@10m_new": 0.35245612620707834}