{"MRRm_new": 0.7637109323501027, "MRm_new": 45.84870601218939, "HITS@1m_new": 0.6917751271286979, "HITS@3m_new": 0.8150952706934768, "HITS@10m_new": 0.8897452923209348}