{"MRRm_new": 0.1088177958981716, "MRm_new": 432.3329940857172, "HITS@1m_new": 0.055900944640534, "HITS@3m_new": 0.11421119783925823, "HITS@10m_new": 0.21000509276310914}