{"MRRm_new": 0.18513408861164063, "MRm_new": 436.64698646674157, "HITS@1m_new": 0.12221972231004039, "HITS@3m_new": 0.19764517538147047, "HITS@10m_new": 0.3071602723788703}