{"MRRm_new": 0.23928669973209035, "MRm_new": 447.72342510643006, "HITS@1m_new": 0.16540389037800488, "HITS@3m_new": 0.2538268139208667, "HITS@10m_new": 0.3907651854568161}