{"MRRm_new": 0.5215149028705982, "MRm_new": 232.69259091540425, "HITS@1m_new": 0.4583357493026997, "HITS@3m_new": 0.5476536019838968, "HITS@10m_new": 0.6420919959251514}