{"MRRm_new": 0.285933182731399, "MRm_new": 790.7986348616183, "HITS@1m_new": 0.18690390163776466, "HITS@3m_new": 0.3212640157288406, "HITS@10m_new": 0.48198773110518234}