{"MRRm_new": 0.0944973632641093, "MRm_new": 745.7960605900049, "HITS@1m_new": 0.05226881308357115, "HITS@3m_new": 0.09603414263018058, "HITS@10m_new": 0.17555866989106872}