{"MRRm_new": 0.39390107305877425, "MRm_new": 338.24494916518034, "HITS@1m_new": 0.30976117621149385, "HITS@3m_new": 0.4270801538164851, "HITS@10m_new": 0.5573465213066374}