{"MRRm_new": 0.2894339137039401, "MRm_new": 2405.424260153413, "HITS@1m_new": 0.2121196212202194, "HITS@3m_new": 0.32032303466368467, "HITS@10m_new": 0.4429444593838416}