{"MRRm_new": 0.33367954790029125, "MRm_new": 2854.7552773979155, "HITS@1m_new": 0.2948581964672194, "HITS@3m_new": 0.3521958113483488, "HITS@10m_new": 0.4040272931202053}