{"MRRm_new": 0.11625192123526358, "MRm_new": 3578.068273150182, "HITS@1m_new": 0.07365121149024927, "HITS@3m_new": 0.12299144310848788, "HITS@10m_new": 0.20497961173881776}