{"MRRm_new": 0.22479491256965847, "MRm_new": 249.2151056747675, "HITS@1m_new": 0.1421932502764859, "HITS@3m_new": 0.23961822302928196, "HITS@10m_new": 0.3871142047992442}