{"MRRm_new": 0.09905131246113597, "MRm_new": 478.3152609552145, "HITS@1m_new": 0.04738556788713904, "HITS@3m_new": 0.10376688337507657, "HITS@10m_new": 0.19847099503534846}