{"MRRm_new": 0.2683671514117632, "MRm_new": 621.4902570826114, "HITS@1m_new": 0.15879661898943595, "HITS@3m_new": 0.30947725056053604, "HITS@10m_new": 0.4930441031837836}