{"MRRm_new": 0.3869310496126018, "MRm_new": 352.20704816379396, "HITS@1m_new": 0.3181944313794811, "HITS@3m_new": 0.41680359023717756, "HITS@10m_new": 0.5166546515991067}