{"MRRm_new": 0.20854979016133984, "MRm_new": 2321.7359849703757, "HITS@1m_new": 0.14067429206163798, "HITS@3m_new": 0.2380092310782202, "HITS@10m_new": 0.34423706391452286}