{"MRRm_new": 0.24405610167956912, "MRm_new": 660.3328590704202, "HITS@1m_new": 0.18235381910925572, "HITS@3m_new": 0.26261240369761435, "HITS@10m_new": 0.3620910923400406}