{"MRRm_new": 0.1779371368454973, "MRm_new": 326.3167963915825, "HITS@1m_new": 0.1064960213868937, "HITS@3m_new": 0.19287780311285752, "HITS@10m_new": 0.3158018388199154}