{"MRRm_new": 0.1542053103531839, "MRm_new": 4268.848022720993, "HITS@1m_new": 0.10329393800225807, "HITS@3m_new": 0.1618336809671746, "HITS@10m_new": 0.25422999640618216}