{"MRRm_new": 0.20569170624487107, "MRm_new": 405.09943686468154, "HITS@1m_new": 0.13394021662425076, "HITS@3m_new": 0.221974880115391, "HITS@10m_new": 0.34781941757876483}