{"MRRm_new": 0.6786609760621158, "MRm_new": 213.62605840843915, "HITS@1m_new": 0.620036295453272, "HITS@3m_new": 0.7099127773585933, "HITS@10m_new": 0.7870612684242442}