{"MRRm_new": 0.14990620617743117, "MRm_new": 242.83033621447086, "HITS@1m_new": 0.07764378266399727, "HITS@3m_new": 0.15958827166762202, "HITS@10m_new": 0.29658830875232817}