{"MRRm_new": 0.11205705844020122, "MRm_new": 619.4900517463445, "HITS@1m_new": 0.06824098125854507, "HITS@3m_new": 0.11525593029238516, "HITS@10m_new": 0.19241438216627577}