{"MRRm_new": 0.3736200327737197, "MRm_new": 321.17686656432596, "HITS@1m_new": 0.3068712684398488, "HITS@3m_new": 0.40093129078915807, "HITS@10m_new": 0.49627945490139247}