{"MRRm_new": 0.22355893500004959, "MRm_new": 797.6493768744468, "HITS@1m_new": 0.15204170863970648, "HITS@3m_new": 0.2371977778171713, "HITS@10m_new": 0.36551127134883427}