{"MRRm_new": 0.25266568807633155, "MRm_new": 306.6739508569002, "HITS@1m_new": 0.17485302857095375, "HITS@3m_new": 0.27367420439785345, "HITS@10m_new": 0.4068267600347288}