{"MRRm_new": 0.21775582581872005, "MRm_new": 249.28997552337646, "HITS@1m_new": 0.12120770962573588, "HITS@3m_new": 0.2384036194860935, "HITS@10m_new": 0.422245055417344}