{"MRRm_new": 0.3013868694307944, "MRm_new": 2190.0747618855835, "HITS@1m_new": 0.22194436456193217, "HITS@3m_new": 0.3269822385193547, "HITS@10m_new": 0.4644184848017758}