{"MRRm_new": 0.13333049869442767, "MRm_new": 15463.872810474188, "HITS@1m_new": 0.09047339061216916, "HITS@3m_new": 0.1462680224274518, "HITS@10m_new": 0.21894566297344864}