{"MRRm_new": 0.3104355507883747, "MRm_new": 2077.62002989462, "HITS@1m_new": 0.2315007675504312, "HITS@3m_new": 0.33785582866566255, "HITS@10m_new": 0.47425799236638705}