{"MRRm_new": 0.09905478980019251, "MRm_new": 478.31524266769884, "HITS@1m_new": 0.04738556788713904, "HITS@3m_new": 0.10380688337567262, "HITS@10m_new": 0.19847899503964}