{"MRRm_new": 0.2992134162956954, "MRm_new": 2213.2119033870995, "HITS@1m_new": 0.232411058722093, "HITS@3m_new": 0.3166589033757045, "HITS@10m_new": 0.436674324038293}