{"MRRm_new": 0.10671895294210408, "MRm_new": 3767.555428067446, "HITS@1m_new": 0.06665982224475592, "HITS@3m_new": 0.11094555420423857, "HITS@10m_new": 0.19098659228184262}