{"MRRm_new": 0.15025043635037355, "MRm_new": 3959.7156950725616, "HITS@1m_new": 0.09802360922996013, "HITS@3m_new": 0.15931262779107783, "HITS@10m_new": 0.2527842574218812}