{"MRRm_new": 0.10587042208649218, "MRm_new": 3805.898578092885, "HITS@1m_new": 0.06131158934812993, "HITS@3m_new": 0.11232902979152277, "HITS@10m_new": 0.1951039422234986}