{"MRRm_new": 0.1303101662622371, "MRm_new": 16006.157164596558, "HITS@1m_new": 0.08845348980731796, "HITS@3m_new": 0.14581156636821105, "HITS@10m_new": 0.2142471987613244}