{"MRRm_new": 0.10464541323045269, "MRm_new": 493.51425921416285, "HITS@1m_new": 0.05027191358866403, "HITS@3m_new": 0.11090742428530939, "HITS@10m_new": 0.21132893411498516}