{"MRRm_new": 0.6007227134194846, "MRm_new": 206.63986928772925, "HITS@1m_new": 0.5315839339891827, "HITS@3m_new": 0.6323422056635536, "HITS@10m_new": 0.7352845553676307}