{"MRRm_new": 0.1973222522528149, "MRm_new": 2456.3121460678876, "HITS@1m_new": 0.13460674710430612, "HITS@3m_new": 0.22342174422643438, "HITS@10m_new": 0.32305621947464536}