{"MRRm_new": 0.30622753498141353, "MRm_new": 543.1578489472568, "HITS@1m_new": 0.24786352263167646, "HITS@3m_new": 0.32454224068301485, "HITS@10m_new": 0.4160809483212397}