{"MRRm_new": 0.23099090097857553, "MRm_new": 417.8973382014275, "HITS@1m_new": 0.15520609065705213, "HITS@3m_new": 0.24759345081001521, "HITS@10m_new": 0.38380945818461476}