{"MRRm_new": 0.30704626656114076, "MRm_new": 2402.474062107593, "HITS@1m_new": 0.23196788860089146, "HITS@3m_new": 0.3289654932562262, "HITS@10m_new": 0.45958914785971866}