{"MRRm_new": 0.18361788715674485, "MRm_new": 328.58615797896385, "HITS@1m_new": 0.10786482679921901, "HITS@3m_new": 0.19738263422194868, "HITS@10m_new": 0.3361508216210175}