{"MRRm_new": 0.4365326372651216, "MRm_new": 193.9254051256925, "HITS@1m_new": 0.3222424116157672, "HITS@3m_new": 0.48774054732895455, "HITS@10m_new": 0.6733494284557819}