{"MRRm_new": 0.6970320522040374, "MRm_new": 162.18924710278213, "HITS@1m_new": 0.6454836043392279, "HITS@3m_new": 0.7251518098803863, "HITS@10m_new": 0.7924266950086749}