{"MRRm_new": 0.31211678109639707, "MRm_new": 1925.0552489394247, "HITS@1m_new": 0.23257058021705598, "HITS@3m_new": 0.34049203260056676, "HITS@10m_new": 0.4843895847896347}