{"MRRm_new": 0.11534930569876596, "MRm_new": 352.41959204251765, "HITS@1m_new": 0.0561868995557772, "HITS@3m_new": 0.12401559454598464, "HITS@10m_new": 0.22960316345426254}