{"MRRm_new": 0.19214981595185235, "MRm_new": 1993.7713505198658, "HITS@1m_new": 0.1263303123069345, "HITS@3m_new": 0.2029324060071958, "HITS@10m_new": 0.3210900456935633}