{"MRRm_new": 0.09247180701180768, "MRm_new": 713.773738220191, "HITS@1m_new": 0.04883061193447793, "HITS@3m_new": 0.09464922813833691, "HITS@10m_new": 0.17069162849122657}