{"MRRm_new": 0.6929183280474562, "MRm_new": 146.60847442808748, "HITS@1m_new": 0.6361253172867728, "HITS@3m_new": 0.7236796586458222, "HITS@10m_new": 0.7991872631779697}