{"MRRm_new": 0.2217562691375293, "MRm_new": 262.5233335533857, "HITS@1m_new": 0.14034288112269713, "HITS@3m_new": 0.23475464145084843, "HITS@10m_new": 0.38721486938400196}