{"MRRm_new": 0.3351568667330207, "MRm_new": 1404.1349312814773, "HITS@1m_new": 0.21403601644141598, "HITS@3m_new": 0.3853842363029253, "HITS@10m_new": 0.5863140255180187}