{"MRRm_new": 0.6654434656436624, "MRm_new": 200.417301290147, "HITS@1m_new": 0.6097837209439749, "HITS@3m_new": 0.6948030180722126, "HITS@10m_new": 0.772100530404794}