{"MRRm_new": 0.2459215168386101, "MRm_new": 212.4247375963211, "HITS@1m_new": 0.1646057136759162, "HITS@3m_new": 0.2644171940773726, "HITS@10m_new": 0.40639753434895537}