{"MRRm_new": 0.2584346549273387, "MRm_new": 2573.323114339426, "HITS@1m_new": 0.21494892067585897, "HITS@3m_new": 0.274933604116246, "HITS@10m_new": 0.34366373661099353}