{"MRRm_new": 0.5511905610646772, "MRm_new": 190.0933626301512, "HITS@1m_new": 0.4862099899922905, "HITS@3m_new": 0.579879037077495, "HITS@10m_new": 0.6763556377178175}