{"MRRm_new": 0.2951274250025872, "MRm_new": 3370.0174274651854, "HITS@1m_new": 0.25756640824371424, "HITS@3m_new": 0.30983461328428163, "HITS@10m_new": 0.3673550421660184}