{"MRRm_new": 0.19295037349482155, "MRm_new": 314.29239526855946, "HITS@1m_new": 0.12057616365991998, "HITS@3m_new": 0.20187638217834755, "HITS@10m_new": 0.3322826230779174}