{"MRRm_new": 0.13662515196044797, "MRm_new": 4043.001096002847, "HITS@1m_new": 0.08814327991996834, "HITS@3m_new": 0.14137366511582514, "HITS@10m_new": 0.228170621214289}