{"MRRm_new": 0.3148623913286456, "MRm_new": 494.25961317649484, "HITS@1m_new": 0.21439668510551566, "HITS@3m_new": 0.35140833448292685, "HITS@10m_new": 0.5176468095183373}