{"MRRm_new": 0.1777401600137513, "MRm_new": 362.38259185938836, "HITS@1m_new": 0.10714728708658368, "HITS@3m_new": 0.18751704546646214, "HITS@10m_new": 0.3156665105824533}