{"MRRm_new": 0.683716929516173, "MRm_new": 200.2120892919749, "HITS@1m_new": 0.6272133969730712, "HITS@3m_new": 0.7132737471589898, "HITS@10m_new": 0.7904336783617327}