{"MRRm_new": 0.2935627678148667, "MRm_new": 2319.6282370592057, "HITS@1m_new": 0.215115268496098, "HITS@3m_new": 0.3166000030270079, "HITS@10m_new": 0.45338782885717227}