{"MRRm_new": 0.23552690075238497, "MRm_new": 439.8720183952093, "HITS@1m_new": 0.16052488660926464, "HITS@3m_new": 0.25276658561285587, "HITS@10m_new": 0.38952487336182967}