{"MRRm_new": 0.13067888345937245, "MRm_new": 408.89179829216005, "HITS@1m_new": 0.07478923612209037, "HITS@3m_new": 0.1365341005043185, "HITS@10m_new": 0.23702595481036698}