{"MRRm_new": 0.27141833224906625, "MRm_new": 2587.970932359129, "HITS@1m_new": 0.19959631692507537, "HITS@3m_new": 0.2932474116917001, "HITS@10m_new": 0.4128066832754121}