{"MRRm_new": 0.4399303358273655, "MRm_new": 232.09944907524437, "HITS@1m_new": 0.3731859647580422, "HITS@3m_new": 0.4691942419509578, "HITS@10m_new": 0.5617130154832266}