{"MRRm_new": 0.2227456839526726, "MRm_new": 1270.3464168060125, "HITS@1m_new": 0.1549300496543874, "HITS@3m_new": 0.23708874337049202, "HITS@10m_new": 0.35468869696679756}