{"MRRm_new": 0.4330796914525454, "MRm_new": 244.6853113073632, "HITS@1m_new": 0.3459361592653586, "HITS@3m_new": 0.46981975627147404, "HITS@10m_new": 0.60240690745764}