{"MRRm_new": 0.2351903470716803, "MRm_new": 215.6009709353447, "HITS@1m_new": 0.14699937181295827, "HITS@3m_new": 0.24895599033217877, "HITS@10m_new": 0.43343895010561684}