{"MRRm_new": 0.09228263875720441, "MRm_new": 511.09107891812323, "HITS@1m_new": 0.04313810936438386, "HITS@3m_new": 0.09618107671309263, "HITS@10m_new": 0.18401271056868135}