{"MRRm_new": 0.24033415663697377, "MRm_new": 419.2328204418659, "HITS@1m_new": 0.16564529501597863, "HITS@3m_new": 0.2543895261327736, "HITS@10m_new": 0.39285401424532757}