{"MRRm_new": 0.23657478836142626, "MRm_new": 4069.3579230864048, "HITS@1m_new": 0.16081476637985906, "HITS@3m_new": 0.2529489979338832, "HITS@10m_new": 0.3860450522409519}