{"MRRm_new": 0.5036398788975012, "MRm_new": 217.48968371456115, "HITS@1m_new": 0.4405928648537847, "HITS@3m_new": 0.5279534386249434, "HITS@10m_new": 0.6240392082111357}