{"MRRm_new": 0.08745744538419967, "MRm_new": 768.4609911791802, "HITS@1m_new": 0.04684958416449372, "HITS@3m_new": 0.08899973099669442, "HITS@10m_new": 0.16536262168491958}