{"MRRm_new": 0.4984252310819411, "MRm_new": 134.23729498146474, "HITS@1m_new": 0.38791858224988757, "HITS@3m_new": 0.5544212641562626, "HITS@10m_new": 0.7221863438835717}