{"MRRm_new": 0.2212172676930364, "MRm_new": 268.94425593729017, "HITS@1m_new": 0.14048854230409488, "HITS@3m_new": 0.23390811523059382, "HITS@10m_new": 0.38436019872361793}