{"MRRm_new": 0.15466391875344107, "MRm_new": 4197.86897140032, "HITS@1m_new": 0.10320020131976344, "HITS@3m_new": 0.16226942642706854, "HITS@10m_new": 0.2560471865357249}