{"MRRm_new": 0.23970276888699846, "MRm_new": 414.56919456252456, "HITS@1m_new": 0.161627021424516, "HITS@3m_new": 0.2710111779949657, "HITS@10m_new": 0.3860365490183467}