{"MRRm_new": 0.12601696501981932, "MRm_new": 346.3277983645916, "HITS@1m_new": 0.06361458241746296, "HITS@3m_new": 0.13529105071157682, "HITS@10m_new": 0.24728275917046702}