{"MRRm_new": 0.11431683825134678, "MRm_new": 612.2004343160153, "HITS@1m_new": 0.06983200061107055, "HITS@3m_new": 0.11793044709053356, "HITS@10m_new": 0.19638869064159226}