{"MRRm_new": 0.2656611087121695, "MRm_new": 294.92486621932983, "HITS@1m_new": 0.1839315052694641, "HITS@3m_new": 0.28815475107715466, "HITS@10m_new": 0.4285551520063542}