{"MRRm_new": 0.3084034994212525, "MRm_new": 223.47195590104164, "HITS@1m_new": 0.22554023252055777, "HITS@3m_new": 0.33957968343965333, "HITS@10m_new": 0.46873944996913636}