{"MRRm_new": 0.3101026509192502, "MRm_new": 2022.9589952291549, "HITS@1m_new": 0.23041819604788907, "HITS@3m_new": 0.33808777177752924, "HITS@10m_new": 0.4838031362007605}