{"MRRm_new": 0.30517423413887357, "MRm_new": 2195.699729800969, "HITS@1m_new": 0.22614997296268122, "HITS@3m_new": 0.326990860247286, "HITS@10m_new": 0.4739973597852513}