{"MRRm_new": 0.19427446722606692, "MRm_new": 388.75227662842275, "HITS@1m_new": 0.12830629673731747, "HITS@3m_new": 0.20992388024418615, "HITS@10m_new": 0.3196020107715856}