{"MRRm_new": 0.21273924308965214, "MRm_new": 310.716225494194, "HITS@1m_new": 0.13297451062401525, "HITS@3m_new": 0.2298665026344708, "HITS@10m_new": 0.37387578200671123}