{"MRRm_new": 0.3003574545674073, "MRm_new": 2189.0516661008, "HITS@1m_new": 0.22104914359305985, "HITS@3m_new": 0.3262852080989396, "HITS@10m_new": 0.46367256389965766}