{"MRRm_new": 0.07590883983909734, "MRm_new": 748.2233675845146, "HITS@1m_new": 0.03578591845400515, "HITS@3m_new": 0.07539432401778176, "HITS@10m_new": 0.1530661057371879}