{"MRRm_new": 0.22737881846498495, "MRm_new": 496.2050748249531, "HITS@1m_new": 0.15299021944219712, "HITS@3m_new": 0.24398502760576085, "HITS@10m_new": 0.3763589478511363}