{"MRRm_new": 0.20569869956410403, "MRm_new": 155.11148840773106, "HITS@1m_new": 0.11901991265583783, "HITS@3m_new": 0.22743789371643217, "HITS@10m_new": 0.38283434643037617}