{"MRRm_new": 0.13543446769337378, "MRm_new": 15987.303992468655, "HITS@1m_new": 0.08998800481960643, "HITS@3m_new": 0.14866497344779783, "HITS@10m_new": 0.23139909117040225}