{"MRRm_new": 0.5372266201861857, "MRm_new": 207.23811829482764, "HITS@1m_new": 0.4717971470427292, "HITS@3m_new": 0.5659671682774496, "HITS@10m_new": 0.6612035611958418}