{"MRRm_new": 0.712752657069429, "MRm_new": 125.33442745527626, "HITS@1m_new": 0.6549327108583675, "HITS@3m_new": 0.7449901130567886, "HITS@10m_new": 0.8212370493846538}