{"MRRm_new": 0.4104403716426114, "MRm_new": 207.0030118378401, "HITS@1m_new": 0.2974699082947809, "HITS@3m_new": 0.45974459434610615, "HITS@10m_new": 0.6442700129332661}