{"MRRm_new": 0.22530504923087574, "MRm_new": 255.3192510753393, "HITS@1m_new": 0.1422241018402972, "HITS@3m_new": 0.24017306044762954, "HITS@10m_new": 0.38864503820133395}