{"MRRm_new": 0.09843177417967817, "MRm_new": 479.9285782206297, "HITS@1m_new": 0.04678259906006278, "HITS@3m_new": 0.10315835549402982, "HITS@10m_new": 0.1983323739946354}