{"MRRm_new": 0.3223976251176637, "MRm_new": 1686.3986373967527, "HITS@1m_new": 0.24021731180395, "HITS@3m_new": 0.3549165654027602, "HITS@10m_new": 0.48480042606242935}