{"MRRm_new": 0.1598539975410804, "MRm_new": 3605.700980110407, "HITS@1m_new": 0.10417400785360952, "HITS@3m_new": 0.17143902017573417, "HITS@10m_new": 0.26757560841256056}