{"MRRm_new": 0.261075180769426, "MRm_new": 2420.770335316807, "HITS@1m_new": 0.18765182479302167, "HITS@3m_new": 0.2826104497726774, "HITS@10m_new": 0.4016583335205214}