{"MRRm_new": 0.18942945692718058, "MRm_new": 630.8034330868051, "HITS@1m_new": 0.12276327189812582, "HITS@3m_new": 0.2056852229247015, "HITS@10m_new": 0.32415624686490263}