{"MRRm_new": 0.19267841450128034, "MRm_new": 426.06886741786, "HITS@1m_new": 0.12754557022593216, "HITS@3m_new": 0.2085128734097816, "HITS@10m_new": 0.3179988974824315}