{"MRRm_new": 0.2862661244948604, "MRm_new": 221.56791237446666, "HITS@1m_new": 0.17142335808300413, "HITS@3m_new": 0.3287646365343826, "HITS@10m_new": 0.5225094985263422}