{"MRRm_new": 0.27216927547163594, "MRm_new": 540.0267837883979, "HITS@1m_new": 0.21372796954514342, "HITS@3m_new": 0.28951403598227987, "HITS@10m_new": 0.38096761274936214}