{"MRRm_new": 0.3381380834621141, "MRm_new": 2862.391717245653, "HITS@1m_new": 0.2993502763620054, "HITS@3m_new": 0.3559109848617445, "HITS@10m_new": 0.4093293175104045}