{"MRRm_new": 0.4943610364761662, "MRm_new": 214.636343247056, "HITS@1m_new": 0.3865715351006365, "HITS@3m_new": 0.5519570032294469, "HITS@10m_new": 0.7096884142978342}