{"MRRm_new": 0.3037809894753418, "MRm_new": 1945.5072552390695, "HITS@1m_new": 0.221586426243186, "HITS@3m_new": 0.338181339584291, "HITS@10m_new": 0.4680580020197667}