{"MRRm_new": 0.1360905348371889, "MRm_new": 3890.929053193927, "HITS@1m_new": 0.08771786869555945, "HITS@3m_new": 0.14267783282320307, "HITS@10m_new": 0.2321518235331023}