{"MRRm_new": 0.18405035262067532, "MRm_new": 2268.114988699943, "HITS@1m_new": 0.12123224374151323, "HITS@3m_new": 0.19271908884798178, "HITS@10m_new": 0.3058257942708442}