{"MRRm_new": 0.30726336091500617, "MRm_new": 160.38964418435097, "HITS@1m_new": 0.222960727524347, "HITS@3m_new": 0.3374090701707464, "HITS@10m_new": 0.4689292683927924}