{"MRRm_new": 0.15423394638814034, "MRm_new": 4285.770907898485, "HITS@1m_new": 0.10320917290735815, "HITS@3m_new": 0.16286878289215384, "HITS@10m_new": 0.2535283313745604}