{"MRRm_new": 0.3155168310877989, "MRm_new": 255.39393468250336, "HITS@1m_new": 0.22860645014057082, "HITS@3m_new": 0.3513094307460706, "HITS@10m_new": 0.4814447434911854}