{"MRRm_new": 0.5487840274393512, "MRm_new": 218.77123285536467, "HITS@1m_new": 0.4823972634483689, "HITS@3m_new": 0.5773009812500968, "HITS@10m_new": 0.6758549343434279}