{"MRRm_new": 0.22115359856591968, "MRm_new": 273.88249005064966, "HITS@1m_new": 0.14026154118096457, "HITS@3m_new": 0.2336902703746222, "HITS@10m_new": 0.38341843613618987}