{"MRRm_new": 0.37480180917565487, "MRm_new": 93.65481461292505, "HITS@1m_new": 0.24762790895221407, "HITS@3m_new": 0.4357021695820149, "HITS@10m_new": 0.6266639491489332}