{"MRRm_new": 0.1180213250313158, "MRm_new": 3692.487666020465, "HITS@1m_new": 0.07603295319201425, "HITS@3m_new": 0.12431934432787821, "HITS@10m_new": 0.20694313078890555}