{"MRRm_new": 0.08027932795665256, "MRm_new": 657.642513728857, "HITS@1m_new": 0.039555640103947375, "HITS@3m_new": 0.07841052250663051, "HITS@10m_new": 0.16068903237939813}