{"MRRm_new": 0.2788212888326743, "MRm_new": 542.6252811052203, "HITS@1m_new": 0.21863950546854904, "HITS@3m_new": 0.29619077245732117, "HITS@10m_new": 0.3931726987074435}