{"MRRm_new": 0.49025338518180067, "MRm_new": 161.93351184140147, "HITS@1m_new": 0.3827246570404277, "HITS@3m_new": 0.543972466420877, "HITS@10m_new": 0.7079311040001339}