{"MRRm_new": 0.2960144689178269, "MRm_new": 279.1633793927729, "HITS@1m_new": 0.21339444388525589, "HITS@3m_new": 0.32748838605117636, "HITS@10m_new": 0.45393645575788105}