{"MRRm_new": 0.5857349917312349, "MRm_new": 56.947165814444425, "HITS@1m_new": 0.5083590916624525, "HITS@3m_new": 0.6230769937591394, "HITS@10m_new": 0.7300120060967747}