{"MRRm_new": 0.10729186818775342, "MRm_new": 3735.3720589689733, "HITS@1m_new": 0.06385576165062376, "HITS@3m_new": 0.1106080738401506, "HITS@10m_new": 0.19965011718692258}