{"MRRm_new": 0.3017090033148556, "MRm_new": 2321.6112872632743, "HITS@1m_new": 0.2236969444374554, "HITS@3m_new": 0.3264305577061605, "HITS@10m_new": 0.4639562666309066}