{"MRRm_new": 0.18473745216923707, "MRm_new": 516.3591898548603, "HITS@1m_new": 0.12301914122913732, "HITS@3m_new": 0.196432604722213, "HITS@10m_new": 0.3089644970028661}