{"MRRm_new": 0.18843164643746058, "MRm_new": 595.0408061873093, "HITS@1m_new": 0.12056763530134776, "HITS@3m_new": 0.20515225342581106, "HITS@10m_new": 0.32198721520538676}