{"MRRm_new": 0.08639350462424628, "MRm_new": 626.3173413236618, "HITS@1m_new": 0.046145854322100055, "HITS@3m_new": 0.08511907202071743, "HITS@10m_new": 0.16370090967607684}