{"MRRm_new": 0.2534021432201014, "MRm_new": 367.8620324953318, "HITS@1m_new": 0.17711849468076835, "HITS@3m_new": 0.2725032448418904, "HITS@10m_new": 0.4097771614230238}