{"MRRm_new": 0.5048612636994021, "MRm_new": 196.50106208951772, "HITS@1m_new": 0.39762052940541254, "HITS@3m_new": 0.5646405183237184, "HITS@10m_new": 0.7129383148395791}