{"MRRm_new": 0.2038913305453425, "MRm_new": 2445.7010112543853, "HITS@1m_new": 0.13943285024976648, "HITS@3m_new": 0.23175323652110819, "HITS@10m_new": 0.33308030723352566}