{"MRRm_new": 0.47471776703080104, "MRm_new": 153.76304026520998, "HITS@1m_new": 0.4050726662748348, "HITS@3m_new": 0.5087477001491935, "HITS@10m_new": 0.6006768832873786}