{"MRRm_new": 0.2360773666193767, "MRm_new": 498.1550337279558, "HITS@1m_new": 0.1631053954477189, "HITS@3m_new": 0.250364283358492, "HITS@10m_new": 0.38581377776665615}