{"MRRm_new": 0.25195598834973726, "MRm_new": 2554.130642318666, "HITS@1m_new": 0.18590003468171926, "HITS@3m_new": 0.27056835127901285, "HITS@10m_new": 0.3800148976103519}