{"MRRm_new": 0.250970173429641, "MRm_new": 341.79167753808497, "HITS@1m_new": 0.17533911375725875, "HITS@3m_new": 0.2682635631469544, "HITS@10m_new": 0.40742403016788886}