{"MRRm_new": 0.6054812001151285, "MRm_new": 196.395031675905, "HITS@1m_new": 0.5312269035112549, "HITS@3m_new": 0.6438863482329762, "HITS@10m_new": 0.7489921534942113}