{"MRRm_new": 0.09675133417513279, "MRm_new": 518.346857209301, "HITS@1m_new": 0.04505246777316788, "HITS@3m_new": 0.10301422591621522, "HITS@10m_new": 0.19633763614078054}