{"MRRm_new": 0.13702048464130348, "MRm_new": 622.0739501674846, "HITS@1m_new": 0.07674902705588102, "HITS@3m_new": 0.14429944360761146, "HITS@10m_new": 0.26084203023603914}