{"MRRm_new": 0.4982246173468466, "MRm_new": 200.2739669455886, "HITS@1m_new": 0.39194412314832516, "HITS@3m_new": 0.5569611954582179, "HITS@10m_new": 0.7037373864726032}