{"MRRm_new": 0.3192908987335427, "MRm_new": 2091.6529383795855, "HITS@1m_new": 0.2399612418601755, "HITS@3m_new": 0.3497896564695984, "HITS@10m_new": 0.47263351077074184}