{"MRRm_new": 0.25857647175733145, "MRm_new": 351.6713478076935, "HITS@1m_new": 0.18013799061845057, "HITS@3m_new": 0.27586769464742394, "HITS@10m_new": 0.41847218284513804}