{"MRRm_new": 0.3342841080403305, "MRm_new": 2898.517037498355, "HITS@1m_new": 0.29567538940321536, "HITS@3m_new": 0.35170237112984615, "HITS@10m_new": 0.40461628961245877}