{"MRRm_new": 0.22320115456299244, "MRm_new": 263.7196376301289, "HITS@1m_new": 0.1403550497388118, "HITS@3m_new": 0.23753222358031198, "HITS@10m_new": 0.38896667309696786}