{"MRRm_new": 0.22167922326412517, "MRm_new": 152.4218843282461, "HITS@1m_new": 0.11055021178447641, "HITS@3m_new": 0.255117225919012, "HITS@10m_new": 0.4623999308624305}