{"MRRm_new": 0.2018961451428986, "MRm_new": 410.75801313631536, "HITS@1m_new": 0.13738704261617968, "HITS@3m_new": 0.21445755440040956, "HITS@10m_new": 0.33065010231630876}