{"MRRm_new": 0.121410849491501, "MRm_new": 446.4337138682127, "HITS@1m_new": 0.06584021071862663, "HITS@3m_new": 0.12921678987641352, "HITS@10m_new": 0.22824321616762316}