{"MRRm_new": 0.10657138656446623, "MRm_new": 729.5881138797045, "HITS@1m_new": 0.06383086383889895, "HITS@3m_new": 0.1094507618770469, "HITS@10m_new": 0.18873995560567128}