{"MRRm_new": 0.2008769361404542, "MRm_new": 394.6082619559288, "HITS@1m_new": 0.134503320932528, "HITS@3m_new": 0.2127842508855043, "HITS@10m_new": 0.3356604097607895}