{"MRRm_new": 0.2000497370232615, "MRm_new": 2400.1629501670004, "HITS@1m_new": 0.13612943874862685, "HITS@3m_new": 0.22704360980352795, "HITS@10m_new": 0.3268697037150268}