{"MRRm_new": 0.19807003432950587, "MRm_new": 273.150203460598, "HITS@1m_new": 0.1275553441089578, "HITS@3m_new": 0.20665082653573483, "HITS@10m_new": 0.34636460409445574}