{"MRRm_new": 0.3291504991811935, "MRm_new": 567.1486448070333, "HITS@1m_new": 0.2665926573981415, "HITS@3m_new": 0.3507138975267953, "HITS@10m_new": 0.4472216977450371}