{"MRRm_new": 0.36893438072855494, "MRm_new": 347.30322414633633, "HITS@1m_new": 0.29488415436950893, "HITS@3m_new": 0.3952804601027747, "HITS@10m_new": 0.511162468518487}