{"MRRm_new": 0.186008253780652, "MRm_new": 447.6670093211889, "HITS@1m_new": 0.12430465044165612, "HITS@3m_new": 0.19607649531208443, "HITS@10m_new": 0.30829037933286746}