{"MRRm_new": 0.30833418355856157, "MRm_new": 1938.2227124082149, "HITS@1m_new": 0.22665328475204297, "HITS@3m_new": 0.34081934276083486, "HITS@10m_new": 0.4784044754181523}