{"MRRm_new": 0.5203131729942106, "MRm_new": 176.54934718051553, "HITS@1m_new": 0.4103149234856501, "HITS@3m_new": 0.5837079274166644, "HITS@10m_new": 0.7323873218664813}