{"MRRm_new": 0.12462725517944928, "MRm_new": 568.18911891284, "HITS@1m_new": 0.07562200950833503, "HITS@3m_new": 0.1284418862799648, "HITS@10m_new": 0.21651554606204154}