{"MRRm_new": 0.2079104800330024, "MRm_new": 295.92525603961946, "HITS@1m_new": 0.1284231408735155, "HITS@3m_new": 0.23088501483452273, "HITS@10m_new": 0.36259493324481884}