{"MRRm_new": 0.2611371705665122, "MRm_new": 338.6289388637781, "HITS@1m_new": 0.18081362470658496, "HITS@3m_new": 0.28215828939513304, "HITS@10m_new": 0.4222958813899197}