{"MRRm_new": 0.11033276308983476, "MRm_new": 515.3638659427404, "HITS@1m_new": 0.060065616311860505, "HITS@3m_new": 0.11298500143648126, "HITS@10m_new": 0.20747621997068635}