{"MRRm_new": 0.7174699539876, "MRm_new": 149.71364619309455, "HITS@1m_new": 0.656560151466867, "HITS@3m_new": 0.7529515666648513, "HITS@10m_new": 0.8301453728411289}