{"MRRm_new": 0.14258586103891138, "MRm_new": 4120.6367497029605, "HITS@1m_new": 0.09469453972043994, "HITS@3m_new": 0.14722448437180718, "HITS@10m_new": 0.23247662214912998}