{"MRRm_new": 0.11386573719339503, "MRm_new": 3789.286470362997, "HITS@1m_new": 0.07308781636012718, "HITS@3m_new": 0.12133241361221299, "HITS@10m_new": 0.19653357532476076}