{"MRRm_new": 0.6710987745420225, "MRm_new": 217.10240658859908, "HITS@1m_new": 0.6127308279582757, "HITS@3m_new": 0.7019041999497131, "HITS@10m_new": 0.7790763532059282}