{"MRRm_new": 0.10037291359313967, "MRm_new": 3792.950738264799, "HITS@1m_new": 0.05852917740494013, "HITS@3m_new": 0.1069686760715209, "HITS@10m_new": 0.18751148119196295}