{"MRRm_new": 0.09356884540342143, "MRm_new": 598.5405709333896, "HITS@1m_new": 0.05039461756641977, "HITS@3m_new": 0.09716054546650266, "HITS@10m_new": 0.16983026937755058}