{"MRRm_new": 0.29489742560777993, "MRm_new": 281.0253995163143, "HITS@1m_new": 0.2124149935582027, "HITS@3m_new": 0.3262761039582256, "HITS@10m_new": 0.45222319237320335}