{"MRRm_new": 0.39285274267372733, "MRm_new": 174.00850208343564, "HITS@1m_new": 0.2923548618029017, "HITS@3m_new": 0.435943736654619, "HITS@10m_new": 0.5876456866738736}