{"MRRm_new": 0.31257896533827306, "MRm_new": 2087.546894900441, "HITS@1m_new": 0.2367250046939589, "HITS@3m_new": 0.3357982100609224, "HITS@10m_new": 0.46604732205322946}