{"MRRm_new": 0.23782657886524067, "MRm_new": 3195.718499685124, "HITS@1m_new": 0.1754961991703749, "HITS@3m_new": 0.2670567341613496, "HITS@10m_new": 0.3581682645569526}