{"MRRm_new": 0.1711193273218305, "MRm_new": 564.1657156621143, "HITS@1m_new": 0.10219336825610663, "HITS@3m_new": 0.18585282848979115, "HITS@10m_new": 0.31013015718843234}