{"MRRm_new": 0.28810840240475954, "MRm_new": 3185.123024130851, "HITS@1m_new": 0.25083223855862163, "HITS@3m_new": 0.30341423112427585, "HITS@10m_new": 0.3574804485394816}