{"MRRm_new": 0.2351213889411688, "MRm_new": 857.2143939430714, "HITS@1m_new": 0.1637676768580568, "HITS@3m_new": 0.2528274541561259, "HITS@10m_new": 0.37527992002334215}