{"MRRm_new": 0.1929523177744937, "MRm_new": 385.47942796607015, "HITS@1m_new": 0.11688726020882605, "HITS@3m_new": 0.2133640252410085, "HITS@10m_new": 0.3445870933679864}