{"MRRm_new": 0.4054495192950926, "MRm_new": 300.6294709037691, "HITS@1m_new": 0.337897460555756, "HITS@3m_new": 0.43596134584954416, "HITS@10m_new": 0.525872483565312}