{"MRRm_new": 0.3024173093366662, "MRm_new": 2371.3404150044917, "HITS@1m_new": 0.22156075642094947, "HITS@3m_new": 0.336373700237833, "HITS@10m_new": 0.46538844190957024}