{"MRRm_new": 0.2329259870658032, "MRm_new": 230.49581974935532, "HITS@1m_new": 0.1481005839261343, "HITS@3m_new": 0.24619083281685597, "HITS@10m_new": 0.4007244255213998}