{"MRRm_new": 0.13711865287948313, "MRm_new": 277.8949004969597, "HITS@1m_new": 0.07320604435497662, "HITS@3m_new": 0.14713143676519394, "HITS@10m_new": 0.25940187634569595}