{"MRRm_new": 0.5047791041957007, "MRm_new": 198.89434201928972, "HITS@1m_new": 0.3997043386342302, "HITS@3m_new": 0.5620218077303325, "HITS@10m_new": 0.710193533351834}