{"MRRm_new": 0.27530819010796315, "MRm_new": 2350.999062718004, "HITS@1m_new": 0.2015743430579314, "HITS@3m_new": 0.30023825550585753, "HITS@10m_new": 0.4175872998359555}