{"MRRm_new": 0.2332259065997365, "MRm_new": 243.20314986696243, "HITS@1m_new": 0.15432489125612192, "HITS@3m_new": 0.2493038933326956, "HITS@10m_new": 0.38959074397254734}