{"MRRm_new": 0.42944743958859816, "MRm_new": 234.50774841000884, "HITS@1m_new": 0.36131536567110745, "HITS@3m_new": 0.45997146299389713, "HITS@10m_new": 0.5534664520531515}