{"MRRm_new": 0.5115244027436875, "MRm_new": 241.67564494400472, "HITS@1m_new": 0.4503736517962243, "HITS@3m_new": 0.5346445551462929, "HITS@10m_new": 0.6309690510734799}