{"MRRm_new": 0.09906928975171322, "MRm_new": 478.7633807333231, "HITS@1m_new": 0.047118592125747816, "HITS@3m_new": 0.10420087654539384, "HITS@10m_new": 0.19920385175803676}