{"MRRm_new": 0.13351983049823002, "MRm_new": 15325.583491111696, "HITS@1m_new": 0.0918088798248209, "HITS@3m_new": 0.1482761799840955, "HITS@10m_new": 0.2175864789102343}