{"MRRm_new": 0.6387996571491894, "MRm_new": 203.20554819897563, "HITS@1m_new": 0.5829385462739992, "HITS@3m_new": 0.6661372746660491, "HITS@10m_new": 0.7446149283379636}