{"MRRm_new": 0.2947154608293322, "MRm_new": 2338.7154796524346, "HITS@1m_new": 0.21590658335317858, "HITS@3m_new": 0.3179939862532774, "HITS@10m_new": 0.455131936642807}