{"MRRm_new": 0.3209359737104187, "MRm_new": 252.10354684183002, "HITS@1m_new": 0.23325044589080063, "HITS@3m_new": 0.35810695985666824, "HITS@10m_new": 0.4884152218644449}