{"MRRm_new": 0.10400986460881395, "MRm_new": 3854.0340601290227, "HITS@1m_new": 0.06019322468540631, "HITS@3m_new": 0.10880028119534255, "HITS@10m_new": 0.1937697022111155}