{"MRRm_new": 0.24827446543855186, "MRm_new": 362.62523684630395, "HITS@1m_new": 0.1730095673561562, "HITS@3m_new": 0.26678288979222997, "HITS@10m_new": 0.40060262313159184}