{"MRRm_new": 0.6654906614009142, "MRm_new": 200.41669560173898, "HITS@1m_new": 0.6098427720245818, "HITS@3m_new": 0.6949935885123559, "HITS@10m_new": 0.7721005699114976}