{"MRRm_new": 0.3539831375055073, "MRm_new": 414.2291722743437, "HITS@1m_new": 0.2852401965488098, "HITS@3m_new": 0.38250969614909264, "HITS@10m_new": 0.48121754200923894}