{"MRRm_new": 0.10668384610019566, "MRm_new": 711.0422543244839, "HITS@1m_new": 0.06380872157106642, "HITS@3m_new": 0.10915910877193091, "HITS@10m_new": 0.18969442789211172}