{"MRRm_new": 0.12610756372633333, "MRm_new": 427.16875716674326, "HITS@1m_new": 0.0709015876038, "HITS@3m_new": 0.13219094411619006, "HITS@10m_new": 0.23190145373921842}