{"MRRm_new": 0.12753288692697534, "MRm_new": 429.4925333098888, "HITS@1m_new": 0.07217743106649722, "HITS@3m_new": 0.13335020663579925, "HITS@10m_new": 0.23488707437297562}