{"MRRm_new": 0.4174353360744308, "MRm_new": 257.8388546699956, "HITS@1m_new": 0.3510732910579973, "HITS@3m_new": 0.4454366853603278, "HITS@10m_new": 0.5392750562749862}