{"MRRm_new": 0.6376036114450062, "MRm_new": 32.83317385751009, "HITS@1m_new": 0.48861813074085514, "HITS@3m_new": 0.7555821719979576, "HITS@10m_new": 0.8902061959794956}