{"MRRm_new": 0.14289782967043865, "MRm_new": 341.68483578329085, "HITS@1m_new": 0.07935958586006892, "HITS@3m_new": 0.15173360699559563, "HITS@10m_new": 0.2670778826154768}