{"MRRm_new": 0.12238866312322061, "MRm_new": 582.1697171972752, "HITS@1m_new": 0.07450779679031111, "HITS@3m_new": 0.12595244005905698, "HITS@10m_new": 0.21350628625972895}