{"MRRm_new": 0.3141545086839533, "MRm_new": 380.0437873095721, "HITS@1m_new": 0.2313260779151351, "HITS@3m_new": 0.34505344316284026, "HITS@10m_new": 0.4780408257132367}