{"MRRm_new": 0.5193918300228033, "MRm_new": 250.43858697678894, "HITS@1m_new": 0.4537391498402576, "HITS@3m_new": 0.5455811371990058, "HITS@10m_new": 0.6463110082519125}