{"MRRm_new": 0.10353944668457989, "MRm_new": 445.7469397615433, "HITS@1m_new": 0.05202565257046372, "HITS@3m_new": 0.10640496423081496, "HITS@10m_new": 0.20292228995375336}