{"MRRm_new": 0.31930156762121986, "MRm_new": 1698.7635149288774, "HITS@1m_new": 0.2373478201094549, "HITS@3m_new": 0.3510816859094193, "HITS@10m_new": 0.4829147219879087}