{"MRRm_new": 0.2333218481188145, "MRm_new": 242.36389982509613, "HITS@1m_new": 0.15461922566401773, "HITS@3m_new": 0.2494387418141123, "HITS@10m_new": 0.38895679774750025}