{"MRRm_new": 0.11841356473884952, "MRm_new": 343.79707826159, "HITS@1m_new": 0.05834805013334844, "HITS@3m_new": 0.12742516086548566, "HITS@10m_new": 0.23358985640145838}