{"MRRm_new": 0.45152389231349754, "MRm_new": 256.16216401590407, "HITS@1m_new": 0.3808244582972657, "HITS@3m_new": 0.48668810455829953, "HITS@10m_new": 0.5773977086780069}