{"MRRm_new": 0.2512673565663848, "MRm_new": 358.01167226092815, "HITS@1m_new": 0.17143589396148454, "HITS@3m_new": 0.2724055157906376, "HITS@10m_new": 0.4088224056329578}