{"MRRm_new": 0.2394840107411169, "MRm_new": 3627.137022020966, "HITS@1m_new": 0.17540180624841015, "HITS@3m_new": 0.2608258214099915, "HITS@10m_new": 0.3610781873456435}