{"MRRm_new": 0.18410993770438072, "MRm_new": 321.8025994775295, "HITS@1m_new": 0.11416432740822784, "HITS@3m_new": 0.199601771470753, "HITS@10m_new": 0.3232349404237408}