{"MRRm_new": 0.12106504086680651, "MRm_new": 459.17607655243876, "HITS@1m_new": 0.06806591338482686, "HITS@3m_new": 0.125409463448124, "HITS@10m_new": 0.22553091886145993}