{"MRRm_new": 0.5415125049469952, "MRm_new": 187.06799417284876, "HITS@1m_new": 0.47546384494252564, "HITS@3m_new": 0.5708021212354579, "HITS@10m_new": 0.6665861248646979}