{"MRRm_new": 0.21290106103500966, "MRm_new": 1964.2675155821444, "HITS@1m_new": 0.14483312272300827, "HITS@3m_new": 0.2278955608543183, "HITS@10m_new": 0.34526008612688747}