{"MRRm_new": 0.7258087190196894, "MRm_new": 136.2988177385479, "HITS@1m_new": 0.6647147473585355, "HITS@3m_new": 0.7613777957284001, "HITS@10m_new": 0.839313923230773}