{"MRRm_new": 0.4937731054493306, "MRm_new": 215.3348373668641, "HITS@1m_new": 0.3899467667506833, "HITS@3m_new": 0.5482919286971264, "HITS@10m_new": 0.6969462951285532}