{"MRRm_new": 0.16969220283485265, "MRm_new": 608.6657470643595, "HITS@1m_new": 0.10454257931328903, "HITS@3m_new": 0.18467479579160864, "HITS@10m_new": 0.3008685444446855}