{"MRRm_new": 0.24821141034667235, "MRm_new": 362.0796194038868, "HITS@1m_new": 0.17290033844341524, "HITS@3m_new": 0.26676590871065853, "HITS@10m_new": 0.4017507874578238}