{"MRRm_new": 0.5785472975170387, "MRm_new": 200.52639951877296, "HITS@1m_new": 0.4992082985019806, "HITS@3m_new": 0.6181498672388188, "HITS@10m_new": 0.7302299923411337}