{"MRRm_new": 0.1835130791783231, "MRm_new": 332.5013624729157, "HITS@1m_new": 0.10764200256768382, "HITS@3m_new": 0.197716157985013, "HITS@10m_new": 0.33553305332963357}