{"MRRm_new": 0.2327589746797399, "MRm_new": 242.9553797965765, "HITS@1m_new": 0.15474872642527335, "HITS@3m_new": 0.24848661558623425, "HITS@10m_new": 0.3868248579379171}