{"MRRm_new": 0.11359608575656457, "MRm_new": 649.6065963605165, "HITS@1m_new": 0.0686088498668978, "HITS@3m_new": 0.11840423845516634, "HITS@10m_new": 0.19539543760207015}