{"MRRm_new": 0.6953658075327303, "MRm_new": 162.4450098593682, "HITS@1m_new": 0.6439663979520992, "HITS@3m_new": 0.7230374668730583, "HITS@10m_new": 0.790211853812827}