{"MRRm_new": 0.4887907716328482, "MRm_new": 165.43102596345543, "HITS@1m_new": 0.38177783565740175, "HITS@3m_new": 0.5418831261410086, "HITS@10m_new": 0.7055986269296264}