{"MRRm_new": 0.4586938951005377, "MRm_new": 211.61911506012083, "HITS@1m_new": 0.39010305368778064, "HITS@3m_new": 0.48907231521981887, "HITS@10m_new": 0.5822759713478154}