{"MRRm_new": 0.4526525826533061, "MRm_new": 214.024915621005, "HITS@1m_new": 0.38474931935762285, "HITS@3m_new": 0.4836757516438083, "HITS@10m_new": 0.576007955291585}