{"MRRm_new": 0.2454505901902172, "MRm_new": 356.34420318505767, "HITS@1m_new": 0.16695201940838014, "HITS@3m_new": 0.2679651974198408, "HITS@10m_new": 0.40156554031530395}