{"MRRm_new": 0.09873034242673166, "MRm_new": 640.1432918945551, "HITS@1m_new": 0.05686730614945991, "HITS@3m_new": 0.09891340743683977, "HITS@10m_new": 0.18125428376059863}