{"MRRm_new": 0.12912002583692084, "MRm_new": 416.7490820089102, "HITS@1m_new": 0.07266670646017882, "HITS@3m_new": 0.13592775405636057, "HITS@10m_new": 0.23893829075676623}