{"MRRm_new": 0.5121060873464994, "MRm_new": 190.34114361263812, "HITS@1m_new": 0.4054116765964027, "HITS@3m_new": 0.5704308399509355, "HITS@10m_new": 0.720890147476297}