{"MRRm_new": 0.16777952862698295, "MRm_new": 628.1298952462151, "HITS@1m_new": 0.09964692726799694, "HITS@3m_new": 0.18279666745648138, "HITS@10m_new": 0.30444978667161193}