{"MRRm_new": 0.2998502428718966, "MRm_new": 2056.665022946328, "HITS@1m_new": 0.22602096085052473, "HITS@3m_new": 0.3212542055726517, "HITS@10m_new": 0.4501493664025329}