{"MRRm_new": 0.23837913558380097, "MRm_new": 377.48958398025036, "HITS@1m_new": 0.16138188855790067, "HITS@3m_new": 0.25571064281836153, "HITS@10m_new": 0.394851607043203}