{"MRRm_new": 0.41119659819545995, "MRm_new": 141.03672979576885, "HITS@1m_new": 0.30779775531854103, "HITS@3m_new": 0.4564721061659366, "HITS@10m_new": 0.6133978156754456}