{"MRRm_new": 0.2772161784508789, "MRm_new": 560.2196724487245, "HITS@1m_new": 0.21708947687630278, "HITS@3m_new": 0.29537434093876436, "HITS@10m_new": 0.39097663489997647}