{"MRRm_new": 0.32940401978906264, "MRm_new": 3461.671294033788, "HITS@1m_new": 0.29290611755386636, "HITS@3m_new": 0.3453094102139876, "HITS@10m_new": 0.39693587854650103}