{"MRRm_new": 0.2416503549942595, "MRm_new": 2928.6907033634484, "HITS@1m_new": 0.1675698908236227, "HITS@3m_new": 0.2545203171566245, "HITS@10m_new": 0.3949389413087629}