{"MRRm_new": 0.2555326679254242, "MRm_new": 293.6006889059305, "HITS@1m_new": 0.17492775587781798, "HITS@3m_new": 0.27755733792483805, "HITS@10m_new": 0.41501919565089046}