{"MRRm_new": 0.15960804941751267, "MRm_new": 479.83880224554537, "HITS@1m_new": 0.08830345322858775, "HITS@3m_new": 0.17404374096505343, "HITS@10m_new": 0.29933470958662217}