{"MRRm_new": 0.09975862985624408, "MRm_new": 3569.021825938559, "HITS@1m_new": 0.05805137253003195, "HITS@3m_new": 0.10512513572662137, "HITS@10m_new": 0.19051527478252536}