{"MRRm_new": 0.23322422852031013, "MRm_new": 260.9689410849333, "HITS@1m_new": 0.15044275724575853, "HITS@3m_new": 0.24989636160144582, "HITS@10m_new": 0.39316984644369224}