{"MRRm_new": 0.5042020532730584, "MRm_new": 264.7289416712746, "HITS@1m_new": 0.43685612245832456, "HITS@3m_new": 0.5317133236055088, "HITS@10m_new": 0.6318829999801746}