{"MRRm_new": 0.09231229987441475, "MRm_new": 638.7682162336588, "HITS@1m_new": 0.04928833756807726, "HITS@3m_new": 0.09548480059293797, "HITS@10m_new": 0.16860335940200602}