{"MRRm_new": 0.13619354903597558, "MRm_new": 4252.41242485252, "HITS@1m_new": 0.08769949247474142, "HITS@3m_new": 0.14125129203200049, "HITS@10m_new": 0.22702209894092812}