{"MRRm_new": 0.435752531492778, "MRm_new": 203.66678326547145, "HITS@1m_new": 0.32330060941112243, "HITS@3m_new": 0.4856151068301406, "HITS@10m_new": 0.6687949455522175}