{"MRRm_new": 0.3326118548680852, "MRm_new": 539.3673261000738, "HITS@1m_new": 0.26904305976575416, "HITS@3m_new": 0.35480536729458984, "HITS@10m_new": 0.4544584715860037}