{"MRRm_new": 0.22751983599763625, "MRm_new": 340.5275281148195, "HITS@1m_new": 0.1497343516948982, "HITS@3m_new": 0.24709513940457253, "HITS@10m_new": 0.3833578754240705}