{"MRRm_new": 0.12626793278210835, "MRm_new": 15296.873961593717, "HITS@1m_new": 0.08150678012822754, "HITS@3m_new": 0.14070202418393454, "HITS@10m_new": 0.21145287966006435}