{"MRRm_new": 0.5024883132258073, "MRm_new": 122.98000376316905, "HITS@1m_new": 0.3905210874918157, "HITS@3m_new": 0.5593699912615412, "HITS@10m_new": 0.7287308158283704}