{"MRRm_new": 0.11151553794614301, "MRm_new": 3861.180973955178, "HITS@1m_new": 0.06668621710005682, "HITS@3m_new": 0.11536275563067756, "HITS@10m_new": 0.20487938274396583}