{"MRRm_new": 0.13108727489941702, "MRm_new": 15037.943984190255, "HITS@1m_new": 0.08936457948002499, "HITS@3m_new": 0.14497417900094298, "HITS@10m_new": 0.2145104686699342}