{"MRRm_new": 0.5012127328424831, "MRm_new": 200.55889832362533, "HITS@1m_new": 0.39162171312299326, "HITS@3m_new": 0.5597512013638952, "HITS@10m_new": 0.7214261934583301}