{"MRRm_new": 0.12482347600801295, "MRm_new": 427.4728761591911, "HITS@1m_new": 0.06970975262057036, "HITS@3m_new": 0.1316012572650332, "HITS@10m_new": 0.2322418902012985}