{"MRRm_new": 0.18309542516724905, "MRm_new": 324.754678541708, "HITS@1m_new": 0.1109518201441737, "HITS@3m_new": 0.1944551193983294, "HITS@10m_new": 0.32031462780988657}