{"MRRm_new": 0.27315116052483474, "MRm_new": 396.49292259088156, "HITS@1m_new": 0.16140917735465338, "HITS@3m_new": 0.31456819514383094, "HITS@10m_new": 0.4992464712765068}