{"MRRm_new": 0.29040292969142867, "MRm_new": 2475.478895889491, "HITS@1m_new": 0.21229216105747037, "HITS@3m_new": 0.3119046364008682, "HITS@10m_new": 0.45196910692052916}