{"MRRm_new": 0.42749336379362557, "MRm_new": 262.30993534562737, "HITS@1m_new": 0.3356016502661696, "HITS@3m_new": 0.46984793459721186, "HITS@10m_new": 0.6026941642726306}