{"MRRm_new": 0.4374322060561626, "MRm_new": 194.35152558650077, "HITS@1m_new": 0.32647936521572773, "HITS@3m_new": 0.4885278947160841, "HITS@10m_new": 0.6653912691853183}