{"MRRm_new": 0.4172569929709507, "MRm_new": 288.6557310926467, "HITS@1m_new": 0.3496757500952044, "HITS@3m_new": 0.4484173796390096, "HITS@10m_new": 0.5376424569239753}