{"MRRm_new": 0.5755885716319635, "MRm_new": 241.7605139619261, "HITS@1m_new": 0.5060131574510451, "HITS@3m_new": 0.6094112110019778, "HITS@10m_new": 0.7100917886866082}