{"MRRm_new": 0.0888558569831177, "MRm_new": 660.0224120180845, "HITS@1m_new": 0.04724192049294943, "HITS@3m_new": 0.08933165454011177, "HITS@10m_new": 0.16426693712847773}