{"MRRm_new": 0.2750634683743497, "MRm_new": 3198.7982627500296, "HITS@1m_new": 0.2093655146638921, "HITS@3m_new": 0.2951196361129696, "HITS@10m_new": 0.4015987011921534}