{"MRRm_new": 0.39062864703503236, "MRm_new": 346.39302014629544, "HITS@1m_new": 0.32099718136066074, "HITS@3m_new": 0.4149786965846433, "HITS@10m_new": 0.5248942133568125}