{"MRRm_new": 0.1872255599375756, "MRm_new": 366.82472785737514, "HITS@1m_new": 0.12011032719384529, "HITS@3m_new": 0.19201006091144518, "HITS@10m_new": 0.3301479726075195}