{"MRRm_new": 0.3234840232190304, "MRm_new": 1702.1460891287327, "HITS@1m_new": 0.24405364200868643, "HITS@3m_new": 0.3538101752891671, "HITS@10m_new": 0.47965471134358084}