{"MRRm_new": 0.31029561866699623, "MRm_new": 1796.5247520068883, "HITS@1m_new": 0.2284353248050902, "HITS@3m_new": 0.343992193356622, "HITS@10m_new": 0.480726410131203}