{"MRRm_new": 0.10730649097166897, "MRm_new": 3676.1735710652115, "HITS@1m_new": 0.06268284156457521, "HITS@3m_new": 0.11097065529418178, "HITS@10m_new": 0.20208962193336338}