{"MRRm_new": 0.15479947535190194, "MRm_new": 4160.244471247792, "HITS@1m_new": 0.10303701467555948, "HITS@3m_new": 0.16270216253386752, "HITS@10m_new": 0.2569392300643376}