{"MRRm_new": 0.7335276823488457, "MRm_new": 128.31020213228464, "HITS@1m_new": 0.6717241981811967, "HITS@3m_new": 0.7703959201802026, "HITS@10m_new": 0.8478295831816794}