{"MRRm_new": 0.5013449167917033, "MRm_new": 197.13291025814414, "HITS@1m_new": 0.3945826299668879, "HITS@3m_new": 0.5607416944642573, "HITS@10m_new": 0.7078191675940397}