{"MRRm_new": 0.15755355070588029, "MRm_new": 3535.229595394462, "HITS@1m_new": 0.10441224941131076, "HITS@3m_new": 0.16802696196683972, "HITS@10m_new": 0.25900513595429947}