{"MRRm_new": 0.42947958466384806, "MRm_new": 234.50760059710592, "HITS@1m_new": 0.3613801468032616, "HITS@3m_new": 0.4599841309008334, "HITS@10m_new": 0.5534681463072629}