{"MRRm_new": 0.1167057400803591, "MRm_new": 505.74070085599425, "HITS@1m_new": 0.06387256606351584, "HITS@3m_new": 0.11989447369789705, "HITS@10m_new": 0.21905842627030797}