{"MRRm_new": 0.24535984440027095, "MRm_new": 365.5345898589611, "HITS@1m_new": 0.1668973561331979, "HITS@3m_new": 0.2675341908308677, "HITS@10m_new": 0.40066455249181016}