{"MRRm_new": 0.2505605136800441, "MRm_new": 392.2418118195832, "HITS@1m_new": 0.1734290214751236, "HITS@3m_new": 0.2800795684431359, "HITS@10m_new": 0.39655425959193963}