{"MRRm_new": 0.4996888615596508, "MRm_new": 49.30827862651646, "HITS@1m_new": 0.39977209373752703, "HITS@3m_new": 0.549584616151551, "HITS@10m_new": 0.6870755359210307}