{"MRRm_new": 0.16992963967933064, "MRm_new": 593.7345040651336, "HITS@1m_new": 0.10188335135753732, "HITS@3m_new": 0.18437444668491662, "HITS@10m_new": 0.306971747220392}