{"MRRm_new": 0.2229629087554378, "MRm_new": 339.36127068169117, "HITS@1m_new": 0.14480133479605428, "HITS@3m_new": 0.24450133703018073, "HITS@10m_new": 0.37858118181215833}