{"MRRm_new": 0.509468835434057, "MRm_new": 195.54799103765188, "HITS@1m_new": 0.4019788944518368, "HITS@3m_new": 0.5680161426901286, "HITS@10m_new": 0.7190515906224028}