{"MRRm_new": 0.6710893553505284, "MRm_new": 196.5418954249844, "HITS@1m_new": 0.6154866946480615, "HITS@3m_new": 0.7008733385357191, "HITS@10m_new": 0.7769995853029468}