{"MRRm_new": 0.6076689915010738, "MRm_new": 198.15106179997326, "HITS@1m_new": 0.5372058931706851, "HITS@3m_new": 0.640656518902506, "HITS@10m_new": 0.743904420792911}