{"MRRm_new": 0.31240850215704996, "MRm_new": 2057.6421106129287, "HITS@1m_new": 0.23333983821584844, "HITS@3m_new": 0.33981927249534055, "HITS@10m_new": 0.47635171961697054}