{"MRRm_new": 0.22466059378259234, "MRm_new": 252.3362234705448, "HITS@1m_new": 0.14326522975262487, "HITS@3m_new": 0.23835618977611883, "HITS@10m_new": 0.38633598042014056}