{"MRRm_new": 0.31352496880583614, "MRm_new": 1825.9893384380937, "HITS@1m_new": 0.23370784973795525, "HITS@3m_new": 0.34237799058575186, "HITS@10m_new": 0.48613085742120166}