{"MRRm_new": 0.16883300965264936, "MRm_new": 277.8729539611816, "HITS@1m_new": 0.1007773279428482, "HITS@3m_new": 0.18015465803388506, "HITS@10m_new": 0.3051287788830232}