{"MRRm_new": 0.41024697910792474, "MRm_new": 208.11773002573847, "HITS@1m_new": 0.29762240295049924, "HITS@3m_new": 0.45913518529252906, "HITS@10m_new": 0.6428349919323518}