{"MRRm_new": 0.15538196135330826, "MRm_new": 3969.079671000093, "HITS@1m_new": 0.10169853588209662, "HITS@3m_new": 0.16239565482881152, "HITS@10m_new": 0.26254306316789006}