{"MRRm_new": 0.33571406360122363, "MRm_new": 204.936169370234, "HITS@1m_new": 0.24815510022782836, "HITS@3m_new": 0.37115536288314616, "HITS@10m_new": 0.5029224443469866}