{"MRRm_new": 0.49787477000001945, "MRm_new": 271.25867272976785, "HITS@1m_new": 0.4312446519751393, "HITS@3m_new": 0.524726209221495, "HITS@10m_new": 0.6249681301700403}