{"MRRm_new": 0.475320993862636, "MRm_new": 223.1516675270051, "HITS@1m_new": 0.374287113420316, "HITS@3m_new": 0.5267633530335551, "HITS@10m_new": 0.6738024504157656}