{"MRRm_new": 0.4675778797584853, "MRm_new": 318.7447270601317, "HITS@1m_new": 0.40757200963560897, "HITS@3m_new": 0.48989146703667574, "HITS@10m_new": 0.5816978518136602}