{"MRRm_new": 0.12026154402042885, "MRm_new": 3599.7266625988723, "HITS@1m_new": 0.0777799228515476, "HITS@3m_new": 0.12680219039777293, "HITS@10m_new": 0.20970010196040384}