{"MRRm_new": 0.3137957055657944, "MRm_new": 1783.9358135246337, "HITS@1m_new": 0.23412660496192983, "HITS@3m_new": 0.34240018148440865, "HITS@10m_new": 0.48656375872169155}