{"MRRm_new": 0.26387376622424424, "MRm_new": 638.2599126427174, "HITS@1m_new": 0.15483848273928744, "HITS@3m_new": 0.3020651982576819, "HITS@10m_new": 0.4841214796199929}