{"MRRm_new": 0.29237241005113174, "MRm_new": 572.5473358158916, "HITS@1m_new": 0.2266998715599584, "HITS@3m_new": 0.3131394621536674, "HITS@10m_new": 0.4192034191082421}