{"MRRm_new": 0.607615351082528, "MRm_new": 197.79085466969013, "HITS@1m_new": 0.5373118861267722, "HITS@3m_new": 0.6404395951869591, "HITS@10m_new": 0.7435266371125763}