{"MRRm_new": 0.23685742418656736, "MRm_new": 411.213621123147, "HITS@1m_new": 0.16039602038741577, "HITS@3m_new": 0.25468366683442145, "HITS@10m_new": 0.39268152384785937}