{"MRRm_new": 0.17619884479904577, "MRm_new": 386.0300275254488, "HITS@1m_new": 0.11173331991648884, "HITS@3m_new": 0.18541504194915762, "HITS@10m_new": 0.30639251575947274}