{"MRRm_new": 0.2132342507225665, "MRm_new": 331.79499004967215, "HITS@1m_new": 0.13722025702865795, "HITS@3m_new": 0.23033445496866478, "HITS@10m_new": 0.3657495875762368}