{"MRRm_new": 0.30576512434472125, "MRm_new": 2170.9313503406943, "HITS@1m_new": 0.226583470327314, "HITS@3m_new": 0.3274940550227184, "HITS@10m_new": 0.4751757953701308}