{"MRRm_new": 0.43459499416213293, "MRm_new": 82.07184636056424, "HITS@1m_new": 0.33912369483002114, "HITS@3m_new": 0.47932909332297274, "HITS@10m_new": 0.6173763090964057}