{"MRRm_new": 0.11964733947524801, "MRm_new": 590.8152443574429, "HITS@1m_new": 0.07218013577040984, "HITS@3m_new": 0.12300488398597227, "HITS@10m_new": 0.211067760192859}