{"MRRm_new": 0.4921849004090918, "MRm_new": 215.7446885561049, "HITS@1m_new": 0.3850772372718784, "HITS@3m_new": 0.5490684787949758, "HITS@10m_new": 0.706242432541283}