{"MRRm_new": 0.14052204812977606, "MRm_new": 15612.828086499274, "HITS@1m_new": 0.09412113068182952, "HITS@3m_new": 0.15621725770889316, "HITS@10m_new": 0.23288423770351802}