{"MRRm_new": 0.7064268711107752, "MRm_new": 155.25780810108037, "HITS@1m_new": 0.6460588891915977, "HITS@3m_new": 0.7406765603413805, "HITS@10m_new": 0.81803827839109}