{"MRRm_new": 0.4175573463929277, "MRm_new": 296.41477480389176, "HITS@1m_new": 0.32863236129554935, "HITS@3m_new": 0.45683828374145014, "HITS@10m_new": 0.5874429361731163}