{"MRRm_new": 0.11980077201749373, "MRm_new": 3648.3852506883622, "HITS@1m_new": 0.07656788841588423, "HITS@3m_new": 0.12606474466957152, "HITS@10m_new": 0.20728735183202662}