{"MRRm_new": 0.15705187246536953, "MRm_new": 281.01233870308397, "HITS@1m_new": 0.09204985195188783, "HITS@3m_new": 0.16539796182145364, "HITS@10m_new": 0.28652806186379165}