{"MRRm_new": 0.31212968569602934, "MRm_new": 1737.9744903168678, "HITS@1m_new": 0.22820492046885194, "HITS@3m_new": 0.34396373603853864, "HITS@10m_new": 0.4792915097514633}