{"MRRm_new": 0.13749472924898, "MRm_new": 270.47317912456987, "HITS@1m_new": 0.07560001310189254, "HITS@3m_new": 0.14270262039650697, "HITS@10m_new": 0.2616031095506158}