{"MRRm_new": 0.3456190831488593, "MRm_new": 402.7607892363593, "HITS@1m_new": 0.2790967052523847, "HITS@3m_new": 0.3720280935009723, "HITS@10m_new": 0.4642439076022201}