{"MRRm_new": 0.23444881831418607, "MRm_new": 226.59210725722312, "HITS@1m_new": 0.14680756935300304, "HITS@3m_new": 0.2479491638323292, "HITS@10m_new": 0.4304210128185805}