{"MRRm_new": 0.19817905242860726, "MRm_new": 301.87281952369216, "HITS@1m_new": 0.130501384919486, "HITS@3m_new": 0.2008288008711301, "HITS@10m_new": 0.33366504315537165}