{"MRRm_new": 0.10602635579616762, "MRm_new": 446.74590552945136, "HITS@1m_new": 0.05339319410496391, "HITS@3m_new": 0.11023960022139363, "HITS@10m_new": 0.2069630091879051}