{"MRRm_new": 0.24777003507795306, "MRm_new": 340.0243935483217, "HITS@1m_new": 0.16949074682652718, "HITS@3m_new": 0.27077199378255756, "HITS@10m_new": 0.40487258861362935}