{"MRRm_new": 0.07606377834195009, "MRm_new": 745.9614915646315, "HITS@1m_new": 0.03578557585586677, "HITS@3m_new": 0.07531504627782852, "HITS@10m_new": 0.15340161176149267}