{"MRRm_new": 0.4339159225910107, "MRm_new": 252.0764199587032, "HITS@1m_new": 0.3403015418717005, "HITS@3m_new": 0.47697722117637387, "HITS@10m_new": 0.6137482142574808}