{"MRRm_new": 0.40750651041226227, "MRm_new": 160.3016058449298, "HITS@1m_new": 0.3040067706507034, "HITS@3m_new": 0.45250994077111684, "HITS@10m_new": 0.6100429297348455}