{"MRRm_new": 0.177400764343403, "MRm_new": 332.0924102905989, "HITS@1m_new": 0.10584267751267762, "HITS@3m_new": 0.19197731242730515, "HITS@10m_new": 0.31547335157794876}