{"MRRm_new": 0.2790981967828734, "MRm_new": 855.0088508998454, "HITS@1m_new": 0.18229102578014136, "HITS@3m_new": 0.31353736302698965, "HITS@10m_new": 0.4747221595495939}