{"MRRm_new": 0.4178364944887617, "MRm_new": 248.18911255484073, "HITS@1m_new": 0.3489525218313647, "HITS@3m_new": 0.4490652175636933, "HITS@10m_new": 0.5428739583492425}