{"MRRm_new": 0.21121347905492585, "MRm_new": 347.689508870697, "HITS@1m_new": 0.13559532946534456, "HITS@3m_new": 0.22794336129219736, "HITS@10m_new": 0.36342509879936113}