{"MRRm_new": 0.7059516811489693, "MRm_new": 130.85650989292563, "HITS@1m_new": 0.648558280589481, "HITS@3m_new": 0.7374455078590545, "HITS@10m_new": 0.8136931680313719}