{"MRRm_new": 0.41026510246593717, "MRm_new": 146.2831845960468, "HITS@1m_new": 0.30718232719916705, "HITS@3m_new": 0.4549650131460949, "HITS@10m_new": 0.6115054408980359}