{"MRRm_new": 0.2674727067532485, "MRm_new": 300.23700524096193, "HITS@1m_new": 0.18949610990877408, "HITS@3m_new": 0.2931500827744821, "HITS@10m_new": 0.4165584006951758}