{"MRRm_new": 0.1481140645122591, "MRm_new": 4562.900100759566, "HITS@1m_new": 0.10102513024535438, "HITS@3m_new": 0.15481973937299334, "HITS@10m_new": 0.2375023698280711}