{"MRRm_new": 0.15130105668154575, "MRm_new": 240.36154823031424, "HITS@1m_new": 0.07748777893176302, "HITS@3m_new": 0.16169154289597645, "HITS@10m_new": 0.29951218697112053}