{"MRRm_new": 0.3149117179521054, "MRm_new": 1871.9403309153317, "HITS@1m_new": 0.2325595139587531, "HITS@3m_new": 0.3398375152698718, "HITS@10m_new": 0.48789535377849824}