{"MRRm_new": 0.44006955600393394, "MRm_new": 177.67479395338893, "HITS@1m_new": 0.3225961725785346, "HITS@3m_new": 0.4948152934748214, "HITS@10m_new": 0.6811501356546942}