{"MRRm_new": 0.10719636459925241, "MRm_new": 446.10693784885405, "HITS@1m_new": 0.05409993296456523, "HITS@3m_new": 0.11225778220961802, "HITS@10m_new": 0.20901178203909657}