{"MRRm_new": 0.23329914128964538, "MRm_new": 3091.5686218304186, "HITS@1m_new": 0.1714478614446998, "HITS@3m_new": 0.25860405632418404, "HITS@10m_new": 0.3574220715376141}