{"MRRm_new": 0.3018351161320561, "MRm_new": 2461.370575034201, "HITS@1m_new": 0.22108475430333055, "HITS@3m_new": 0.33542495172983033, "HITS@10m_new": 0.46528105673985554}