{"MRRm_new": 0.13660035681492172, "MRm_new": 4042.999162857324, "HITS@1m_new": 0.08814307959993312, "HITS@3m_new": 0.14137435859351535, "HITS@10m_new": 0.2284352035819029}