{"MRRm_new": 0.2765076219328839, "MRm_new": 2247.50437956354, "HITS@1m_new": 0.20804782748273282, "HITS@3m_new": 0.29842022776942756, "HITS@10m_new": 0.40619571078626904}