{"MRRm_new": 0.09329257539776736, "MRm_new": 611.7327458049774, "HITS@1m_new": 0.05011212373578455, "HITS@3m_new": 0.09704937769802055, "HITS@10m_new": 0.1699118144869455}