{"MRRm_new": 0.20832742330366547, "MRm_new": 2209.1352362416387, "HITS@1m_new": 0.142413924471708, "HITS@3m_new": 0.22334737737689284, "HITS@10m_new": 0.33488460489475985}