{"MRRm_new": 0.28558042075097184, "MRm_new": 2617.211847321987, "HITS@1m_new": 0.2118671946004324, "HITS@3m_new": 0.31178375148860504, "HITS@10m_new": 0.4297997818006552}