{"MRRm_new": 0.43699799056015853, "MRm_new": 196.27678584063054, "HITS@1m_new": 0.3262327305982799, "HITS@3m_new": 0.487822297792256, "HITS@10m_new": 0.6647780193134386}