{"MRRm_new": 0.1162529956773913, "MRm_new": 680.0603217868805, "HITS@1m_new": 0.0694509114736109, "HITS@3m_new": 0.12015549703196157, "HITS@10m_new": 0.2073001158755389}