{"MRRm_new": 0.29110417819725537, "MRm_new": 585.1678144657164, "HITS@1m_new": 0.22554432497777815, "HITS@3m_new": 0.31205645799968623, "HITS@10m_new": 0.41716383245745237}