{"MRRm_new": 0.36171308032444904, "MRm_new": 410.3914782783166, "HITS@1m_new": 0.296403662105673, "HITS@3m_new": 0.3874818575828685, "HITS@10m_new": 0.4843301822059293}