{"MRRm_new": 0.7172114835470166, "MRm_new": 149.95643401630224, "HITS@1m_new": 0.6563698826867185, "HITS@3m_new": 0.7524215397702173, "HITS@10m_new": 0.8302879892223572}