{"MRRm_new": 0.5293484561152891, "MRm_new": 236.5115973271653, "HITS@1m_new": 0.4632084474737931, "HITS@3m_new": 0.556522528995054, "HITS@10m_new": 0.6568922723562574}