{"MRRm_new": 0.2253672996060719, "MRm_new": 257.9582903794527, "HITS@1m_new": 0.14239037889648462, "HITS@3m_new": 0.24027933749621733, "HITS@10m_new": 0.38826732528996655}