{"MRRm_new": 0.25969137079671345, "MRm_new": 327.60647196052076, "HITS@1m_new": 0.18332464993987233, "HITS@3m_new": 0.27561406397670507, "HITS@10m_new": 0.41738845255188645}