{"MRRm_new": 0.6119421354532133, "MRm_new": 89.0797073565051, "HITS@1m_new": 0.538392431641565, "HITS@3m_new": 0.6497159540440334, "HITS@10m_new": 0.7465108340472798}