{"MRRm_new": 0.5139826316587641, "MRm_new": 86.94481631667912, "HITS@1m_new": 0.43550063693558333, "HITS@3m_new": 0.5520399890761474, "HITS@10m_new": 0.6573453787339968}