{"MRRm_new": 0.2563515815996012, "MRm_new": 365.8903204526424, "HITS@1m_new": 0.17947734855762684, "HITS@3m_new": 0.2742392987359315, "HITS@10m_new": 0.41343154499921947}