{"MRRm_new": 0.24090184996241296, "MRm_new": 328.00569479928015, "HITS@1m_new": 0.16458312012772075, "HITS@3m_new": 0.26154302243934946, "HITS@10m_new": 0.3980130304149352}