{"MRRm_new": 0.2934028431061074, "MRm_new": 2245.563582478881, "HITS@1m_new": 0.21689738040382509, "HITS@3m_new": 0.31800333691656124, "HITS@10m_new": 0.44975069267954676}