{"MRRm_new": 0.30680902924322573, "MRm_new": 1960.4650261957943, "HITS@1m_new": 0.2257195625747554, "HITS@3m_new": 0.33928766459738835, "HITS@10m_new": 0.47618282376066784}