{"MRRm_new": 0.09716142605049972, "MRm_new": 672.821544345355, "HITS@1m_new": 0.05341792721871752, "HITS@3m_new": 0.09861018239107798, "HITS@10m_new": 0.17718706103661097}