{"MRRm_new": 0.32004114198607475, "MRm_new": 1682.682003009081, "HITS@1m_new": 0.23775966069172136, "HITS@3m_new": 0.3517538844946539, "HITS@10m_new": 0.48330867767822927}