{"MRRm_new": 0.298273796001617, "MRm_new": 2089.750146364659, "HITS@1m_new": 0.22428024347161407, "HITS@3m_new": 0.31988187619880776, "HITS@10m_new": 0.4482486061467789}