{"MRRm_new": 0.1018800287118138, "MRm_new": 592.7831190243006, "HITS@1m_new": 0.058148584369779564, "HITS@3m_new": 0.10264953694739379, "HITS@10m_new": 0.18621644819937647}