{"MRRm_new": 0.30246797367399497, "MRm_new": 2173.3614584528805, "HITS@1m_new": 0.22237680503283627, "HITS@3m_new": 0.32924712742993145, "HITS@10m_new": 0.4650009596127784}