{"MRRm_new": 0.08694585085580475, "MRm_new": 665.5601020084858, "HITS@1m_new": 0.045383560515061254, "HITS@3m_new": 0.08570713343076641, "HITS@10m_new": 0.16538156970734708}