{"MRRm_new": 0.34036743407106135, "MRm_new": 196.34763514721394, "HITS@1m_new": 0.24615333136744447, "HITS@3m_new": 0.38400193380686687, "HITS@10m_new": 0.5191522123262985}