{"MRRm_new": 0.08783895650282503, "MRm_new": 817.8382691654206, "HITS@1m_new": 0.04621376073809806, "HITS@3m_new": 0.08928292411090806, "HITS@10m_new": 0.16678680069583351}