{"MRRm_new": 0.20443343474786962, "MRm_new": 312.1120231907606, "HITS@1m_new": 0.1253440865736804, "HITS@3m_new": 0.22768339769666782, "HITS@10m_new": 0.359077060868172}