{"MRRm_new": 0.09227828640039079, "MRm_new": 511.0912739504814, "HITS@1m_new": 0.04313810936438386, "HITS@3m_new": 0.09614107671249658, "HITS@10m_new": 0.18400471056438983}