{"MRRm_new": 0.30578463712350457, "MRm_new": 2183.8008367922603, "HITS@1m_new": 0.22677955993125215, "HITS@3m_new": 0.32754601872735656, "HITS@10m_new": 0.4745368505161023}