{"MRRm_new": 0.22123354546921764, "MRm_new": 275.0041819359064, "HITS@1m_new": 0.1405480496908538, "HITS@3m_new": 0.23350210490906612, "HITS@10m_new": 0.3835501608849503}