{"MRRm_new": 0.23889135955911917, "MRm_new": 227.387058422184, "HITS@1m_new": 0.15375550924057607, "HITS@3m_new": 0.255367534233816, "HITS@10m_new": 0.4132897344409488}