{"MRRm_new": 0.3339466713810543, "MRm_new": 3108.694554166518, "HITS@1m_new": 0.2944919895453495, "HITS@3m_new": 0.35129184494382937, "HITS@10m_new": 0.4090395357612615}