{"MRRm_new": 0.13101462301114633, "MRm_new": 15094.574741782575, "HITS@1m_new": 0.08934694140648936, "HITS@3m_new": 0.14475184721953702, "HITS@10m_new": 0.2145715547041036}