{"MRRm_new": 0.13450256652472764, "MRm_new": 14873.335474385738, "HITS@1m_new": 0.09266977714886888, "HITS@3m_new": 0.1490246272489894, "HITS@10m_new": 0.21863055109255947}