{"MRRm_new": 0.1959099892279919, "MRm_new": 685.9478973616839, "HITS@1m_new": 0.12477767176016932, "HITS@3m_new": 0.2097036070652539, "HITS@10m_new": 0.3430899564006831}