{"MRRm_new": 0.23670021142531003, "MRm_new": 624.7349088430404, "HITS@1m_new": 0.1561082603185787, "HITS@3m_new": 0.2552871719904942, "HITS@10m_new": 0.39377372439799363}