{"MRRm_new": 0.15842014317763825, "MRm_new": 265.4226155075312, "HITS@1m_new": 0.08869399662214564, "HITS@3m_new": 0.17063175277032425, "HITS@10m_new": 0.2977340483079199}