{"MRRm_new": 0.25191229293150247, "MRm_new": 154.54088302192687, "HITS@1m_new": 0.14681118151750416, "HITS@3m_new": 0.28264697920624166, "HITS@10m_new": 0.47103062258027495}