{"MRRm_new": 0.02958233810931506, "MRm_new": 3834.0277150048314, "HITS@1m_new": 0.01772179932393192, "HITS@3m_new": 0.030241355241327254, "HITS@10m_new": 0.04793382493757963}