{"MRRm_new": 0.10403934517887956, "MRm_new": 1677.0805577743054, "HITS@1m_new": 0.06455176848834163, "HITS@3m_new": 0.11045733921215288, "HITS@10m_new": 0.178591825702606}