{"MRRm_new": 0.32864289633264526, "MRm_new": 378.0655819958299, "HITS@1m_new": 0.225308878717311, "HITS@3m_new": 0.36924152283286094, "HITS@10m_new": 0.5372129273454702}