{"MRRm_new": 0.108704280298503, "MRm_new": 1487.8190114870072, "HITS@1m_new": 0.055513158294884485, "HITS@3m_new": 0.11364327092221937, "HITS@10m_new": 0.216441855105618}