{"MRRm_new": 0.15448123447568504, "MRm_new": 245.78432863559723, "HITS@1m_new": 0.08415283808764071, "HITS@3m_new": 0.16477700276338728, "HITS@10m_new": 0.2904699454319198}