{"MRRm_new": 0.3323554508123825, "MRm_new": 154.8076374174878, "HITS@1m_new": 0.23832880501764156, "HITS@3m_new": 0.36841802820980957, "HITS@10m_new": 0.5167035761081206}