{"MRRm_new": 0.1625757544197736, "MRm_new": 5963.584283871591, "HITS@1m_new": 0.095807133545517, "HITS@3m_new": 0.1818919707008172, "HITS@10m_new": 0.2941659308297094}