{"MRRm_new": 0.22455540364785428, "MRm_new": 5685.571237626612, "HITS@1m_new": 0.15627474155754317, "HITS@3m_new": 0.24346347537846305, "HITS@10m_new": 0.36178630852367494}