{"MRRm_new": 0.18276118895508117, "MRm_new": 513.1174787411451, "HITS@1m_new": 0.10539946391265839, "HITS@3m_new": 0.19209571618088522, "HITS@10m_new": 0.3487328475483693}