{"MRRm_new": 0.10017877578793268, "MRm_new": 1903.987539164233, "HITS@1m_new": 0.05740831359522417, "HITS@3m_new": 0.10369829649822787, "HITS@10m_new": 0.1843212279102765}