{"MRRm_new": 0.18151058517182828, "MRm_new": 257.74458708605766, "HITS@1m_new": 0.10935313680678956, "HITS@3m_new": 0.19497916055560344, "HITS@10m_new": 0.3249760185972322}