{"MRRm_new": 0.20258964647552422, "MRm_new": 6040.675178079576, "HITS@1m_new": 0.1415285394617822, "HITS@3m_new": 0.21701485887618038, "HITS@10m_new": 0.3281909106596722}