{"MRRm_new": 0.17252047499289164, "MRm_new": 307.111743411988, "HITS@1m_new": 0.10246659175195964, "HITS@3m_new": 0.18491865229976975, "HITS@10m_new": 0.30888535524133476}