{"MRRm_new": 0.1774120044665601, "MRm_new": 1931.6648779867887, "HITS@1m_new": 0.11380216515625943, "HITS@3m_new": 0.18923711094303872, "HITS@10m_new": 0.30379387776080696}