{"MRRm_new": 0.153800427219011, "MRm_new": 6961.6820870752035, "HITS@1m_new": 0.11171104936918709, "HITS@3m_new": 0.16482514461525716, "HITS@10m_new": 0.23258343025596695}