{"MRRm_new": 0.14825019688933025, "MRm_new": 2235.373902539909, "HITS@1m_new": 0.0906102625636413, "HITS@3m_new": 0.1525871251229546, "HITS@10m_new": 0.25977147539728324}