{"MRRm_new": 0.3308628869766944, "MRm_new": 375.66745797613265, "HITS@1m_new": 0.22823922819143627, "HITS@3m_new": 0.36936087869296896, "HITS@10m_new": 0.540395615423433}