{"MRRm_new": 0.155342883963237, "MRm_new": 6864.417794096619, "HITS@1m_new": 0.09184547549753916, "HITS@3m_new": 0.17255404060683213, "HITS@10m_new": 0.2817552972452249}