{"MRRm_new": 0.1720190688533521, "MRm_new": 308.716921103254, "HITS@1m_new": 0.10233424054696662, "HITS@3m_new": 0.18477772281067154, "HITS@10m_new": 0.30745443364570385}