{"MRRm_new": 0.10054130255293058, "MRm_new": 1612.262749159515, "HITS@1m_new": 0.059609383825794796, "HITS@3m_new": 0.1068876202919928, "HITS@10m_new": 0.17990496208120021}