{"MRRm_new": 0.23726909832728008, "MRm_new": 911.2088332687914, "HITS@1m_new": 0.16994365975359688, "HITS@3m_new": 0.2506849251787644, "HITS@10m_new": 0.3676800409577554}