{"MRRm_new": 0.14466116954571917, "MRm_new": 777.1867722432137, "HITS@1m_new": 0.0801844331176253, "HITS@3m_new": 0.1531192067313241, "HITS@10m_new": 0.2759892381285783}