{"MRRm_new": 0.11889754058450053, "MRm_new": 1067.4402687746049, "HITS@1m_new": 0.06444940240497235, "HITS@3m_new": 0.1258258635880309, "HITS@10m_new": 0.22664212662783684}