{"MRRm_new": 0.35596503223424497, "MRm_new": 434.95080081453176, "HITS@1m_new": 0.2686116499997224, "HITS@3m_new": 0.3913287785918947, "HITS@10m_new": 0.5239999234408315}