{"MRRm_new": 0.20173394907299225, "MRm_new": 641.1387053789377, "HITS@1m_new": 0.12852180060247193, "HITS@3m_new": 0.21294293944668025, "HITS@10m_new": 0.3554445499821566}