{"MRRm_new": 0.17225958352789167, "MRm_new": 309.43382073040306, "HITS@1m_new": 0.10210540122040766, "HITS@3m_new": 0.18528111905039987, "HITS@10m_new": 0.3103564218881074}