{"MRRm_new": 0.11348823453374499, "MRm_new": 456.11517581722734, "HITS@1m_new": 0.06464122204306769, "HITS@3m_new": 0.11702458605441497, "HITS@10m_new": 0.20501292417727526}