{"MRRm_new": 0.09547531392220263, "MRm_new": 1577.3546899294377, "HITS@1m_new": 0.05440420952553395, "HITS@3m_new": 0.09636441658078693, "HITS@10m_new": 0.17609642677898518}