{"MRRm_new": 0.14932924711776968, "MRm_new": 2201.830579477638, "HITS@1m_new": 0.09191845420125173, "HITS@3m_new": 0.15311374439951034, "HITS@10m_new": 0.2635917762944009}