{"MRRm_new": 0.2355539363723774, "MRm_new": 5277.587731979847, "HITS@1m_new": 0.1610277228242485, "HITS@3m_new": 0.2575715306769125, "HITS@10m_new": 0.38340757024043703}