{"MRRm_new": 0.18376427300589712, "MRm_new": 514.3528046105862, "HITS@1m_new": 0.10664962054407225, "HITS@3m_new": 0.19469407573812642, "HITS@10m_new": 0.34848231013030745}