{"MRRm_new": 0.16056730063122632, "MRm_new": 6983.23455416733, "HITS@1m_new": 0.09494414584926562, "HITS@3m_new": 0.1713493109163828, "HITS@10m_new": 0.2991945499903522}