{"MRRm_new": 0.170754636228231, "MRm_new": 6812.98607204488, "HITS@1m_new": 0.12466163666409556, "HITS@3m_new": 0.18234045942663216, "HITS@10m_new": 0.2594788728719286}