{"MRRm_new": 0.029651293068742233, "MRm_new": 3867.155376951873, "HITS@1m_new": 0.018562534945387597, "HITS@3m_new": 0.029301355941151998, "HITS@10m_new": 0.048248255129365133}