{"MRRm_new": 0.1289281616580247, "MRm_new": 3295.10923544991, "HITS@1m_new": 0.07764464874689293, "HITS@3m_new": 0.13472470302897271, "HITS@10m_new": 0.22338948691127006}