{"MRRm_new": 0.24849862315304017, "MRm_new": 264.5194185316712, "HITS@1m_new": 0.16841846384356904, "HITS@3m_new": 0.2753238036911207, "HITS@10m_new": 0.40301007748005213}