{"MRRm_new": 0.15691633671360022, "MRm_new": 2931.6631389777363, "HITS@1m_new": 0.0991445139569987, "HITS@3m_new": 0.16722744273781426, "HITS@10m_new": 0.269164332030472}