{"MRRm_new": 0.08462104858863459, "MRm_new": 1767.8576755074978, "HITS@1m_new": 0.04041132748620584, "HITS@3m_new": 0.08908711149762384, "HITS@10m_new": 0.17510236126468517}