{"MRRm_new": 0.04642592316432274, "MRm_new": 2275.1354705782414, "HITS@1m_new": 0.020948422645544633, "HITS@3m_new": 0.04496907577384263, "HITS@10m_new": 0.0931593501388561}