{"MRRm_new": 0.23759245450856542, "MRm_new": 318.9779560721293, "HITS@1m_new": 0.16279774649433967, "HITS@3m_new": 0.25756476599368033, "HITS@10m_new": 0.3818955605533265}