{"MRRm_new": 0.2051818037725002, "MRm_new": 7130.847341279924, "HITS@1m_new": 0.14246932779729832, "HITS@3m_new": 0.22313613367907237, "HITS@10m_new": 0.3277856667591259}