{"MRRm_new": 0.13878811624904983, "MRm_new": 2919.3235388689636, "HITS@1m_new": 0.08370763259188971, "HITS@3m_new": 0.14263958203876972, "HITS@10m_new": 0.2505620660723071}