{"MRRm_new": 0.24356492189369464, "MRm_new": 4825.097282853633, "HITS@1m_new": 0.1735433171126642, "HITS@3m_new": 0.2648329774082522, "HITS@10m_new": 0.38075427927373673}