{"MRRm_new": 0.09971946055185399, "MRm_new": 427.68631439414025, "HITS@1m_new": 0.051818312824727035, "HITS@3m_new": 0.10152656081514433, "HITS@10m_new": 0.19005115345879459}