{"MRRm_new": 0.25986736569713687, "MRm_new": 634.1043786600233, "HITS@1m_new": 0.18350394415244228, "HITS@3m_new": 0.27880831552902235, "HITS@10m_new": 0.4128371363281039}