{"MRRm_new": 0.19740115194382962, "MRm_new": 234.96400248806478, "HITS@1m_new": 0.1227997381477384, "HITS@3m_new": 0.21370672828718087, "HITS@10m_new": 0.34494988535009324}