{"MRRm_new": 0.10800063003996456, "MRm_new": 1075.2905720053614, "HITS@1m_new": 0.06767228820095625, "HITS@3m_new": 0.1130072238749417, "HITS@10m_new": 0.1823994440108945}