{"MRRm_new": 0.13993297147914519, "MRm_new": 2907.408357503742, "HITS@1m_new": 0.08503559023191337, "HITS@3m_new": 0.14199460211180848, "HITS@10m_new": 0.2517825036313734}