{"MRRm_new": 0.34341245073540994, "MRm_new": 103.874876571998, "HITS@1m_new": 0.2379764118119929, "HITS@3m_new": 0.38804682081173814, "HITS@10m_new": 0.5497947982758633}