{"MRRm_new": 0.11245323899958894, "MRm_new": 1240.0885127122401, "HITS@1m_new": 0.06506196050029248, "HITS@3m_new": 0.11660078845156822, "HITS@10m_new": 0.20667644035397098}