{"MRRm_new": 0.18237916503429324, "MRm_new": 1910.6783137847483, "HITS@1m_new": 0.1163725260830106, "HITS@3m_new": 0.1940572884981957, "HITS@10m_new": 0.3111622697257844}