{"MRRm_new": 0.0823553534423636, "MRm_new": 1158.7809954256265, "HITS@1m_new": 0.04769909074863972, "HITS@3m_new": 0.08357234946499376, "HITS@10m_new": 0.14624791391733016}