{"MRRm_new": 0.1385879225812576, "MRm_new": 297.0710596491337, "HITS@1m_new": 0.08034822521236493, "HITS@3m_new": 0.14630977160490583, "HITS@10m_new": 0.2465808738875785}