{"MRRm_new": 0.1705189650335582, "MRm_new": 234.17532295997142, "HITS@1m_new": 0.09868599482359132, "HITS@3m_new": 0.18430132837663404, "HITS@10m_new": 0.31441871364330876}