{"MRRm_new": 0.18892386364721914, "MRm_new": 1251.0495210933834, "HITS@1m_new": 0.12898343320857747, "HITS@3m_new": 0.20647151213922188, "HITS@10m_new": 0.3045990979858616}