{"MRRm_new": 0.185248787544058, "MRm_new": 236.3138482248783, "HITS@1m_new": 0.1122918631098175, "HITS@3m_new": 0.19777763753903563, "HITS@10m_new": 0.334383960181009}