{"MRRm_new": 0.023815191003312065, "MRm_new": 4110.500147062987, "HITS@1m_new": 0.013803723242275736, "HITS@3m_new": 0.024045218389142975, "HITS@10m_new": 0.03909053028091876}