{"MRRm_new": 0.19581050406014402, "MRm_new": 499.50759771500526, "HITS@1m_new": 0.13438843852912397, "HITS@3m_new": 0.20812039548796746, "HITS@10m_new": 0.3168527789334039}