{"MRRm_new": 0.18768933168685908, "MRm_new": 369.3313958224535, "HITS@1m_new": 0.12330168288161512, "HITS@3m_new": 0.20467890785967466, "HITS@10m_new": 0.3121482015519403}