{"MRRm_new": 0.20120330208541326, "MRm_new": 4714.024268889993, "HITS@1m_new": 0.14186533057238557, "HITS@3m_new": 0.22216135141142876, "HITS@10m_new": 0.31196466708922527}