{"MRRm_new": 0.7542806343709508, "MRm_new": 50.71078031881154, "HITS@1m_new": 0.6896709378392843, "HITS@3m_new": 0.7955001359095913, "HITS@10m_new": 0.8676865172456019}