{"MRRm_new": 0.28276176187754026, "MRm_new": 197.22523345310987, "HITS@1m_new": 0.18694018423104716, "HITS@3m_new": 0.31941561347804964, "HITS@10m_new": 0.4730643178479222}