{"MRRm_new": 0.12697240844315383, "MRm_new": 1535.7867766797065, "HITS@1m_new": 0.07247748229298741, "HITS@3m_new": 0.13311912300856785, "HITS@10m_new": 0.23368202333096416}