{"MRRm_new": 0.15771946925510127, "MRm_new": 237.47703390934467, "HITS@1m_new": 0.08676929036186776, "HITS@3m_new": 0.16978618561659242, "HITS@10m_new": 0.296526965736039}