{"MRRm_new": 0.18678690788019595, "MRm_new": 847.9958016073853, "HITS@1m_new": 0.12313363073297295, "HITS@3m_new": 0.20301974562297984, "HITS@10m_new": 0.31379509413411144}