{"MRRm_new": 0.3812066744665067, "MRm_new": 1083.4774627388715, "HITS@1m_new": 0.25437689340766517, "HITS@3m_new": 0.4396096367926802, "HITS@10m_new": 0.644440196715761}