{"MRRm_new": 0.09657341074789746, "MRm_new": 2269.7501595557183, "HITS@1m_new": 0.06146938157351542, "HITS@3m_new": 0.1011079398560687, "HITS@10m_new": 0.16570985197377014}