{"MRRm_new": 0.22634461409119286, "MRm_new": 848.3355945600122, "HITS@1m_new": 0.13688128256813797, "HITS@3m_new": 0.2520333848518931, "HITS@10m_new": 0.4132277071724384}