{"MRRm_new": 0.7755873792866405, "MRm_new": 37.85969029103965, "HITS@1m_new": 0.7105579914815026, "HITS@3m_new": 0.817359493487049, "HITS@10m_new": 0.8907638292266056}