{"MRRm_new": 0.06993022710912483, "MRm_new": 1835.9095708349944, "HITS@1m_new": 0.037456966220209144, "HITS@3m_new": 0.07028324113333365, "HITS@10m_new": 0.1307408453973243}