{"MRRm_new": 0.11095519805425283, "MRm_new": 1428.3980456579923, "HITS@1m_new": 0.055592877481412145, "HITS@3m_new": 0.1167370146890171, "HITS@10m_new": 0.22059214286054485}