{"MRRm_new": 0.16903727315293918, "MRm_new": 6335.9412639741, "HITS@1m_new": 0.09797253011952853, "HITS@3m_new": 0.18812145843257894, "HITS@10m_new": 0.3130325493795681}