{"MRRm_new": 0.16049240570652637, "MRm_new": 7435.40655024904, "HITS@1m_new": 0.09627904991578544, "HITS@3m_new": 0.1735931265138206, "HITS@10m_new": 0.29379041310306636}