{"MRRm_new": 0.1946520712717509, "MRm_new": 236.6298577025175, "HITS@1m_new": 0.12094982999258791, "HITS@3m_new": 0.21199446374666878, "HITS@10m_new": 0.3396085055991076}