{"MRRm_new": 0.4638205377208151, "MRm_new": 99.2856423330307, "HITS@1m_new": 0.37346086529808237, "HITS@3m_new": 0.5054174033867602, "HITS@10m_new": 0.6357283745546011}