{"MRRm_new": 0.16694103366030186, "MRm_new": 7047.487978219986, "HITS@1m_new": 0.1212628943825839, "HITS@3m_new": 0.18003550779775832, "HITS@10m_new": 0.2544421807739418}