{"MRRm_new": 0.09977678166684928, "MRm_new": 463.00342889215943, "HITS@1m_new": 0.05399137031153659, "HITS@3m_new": 0.09961338978731074, "HITS@10m_new": 0.18875456321891398}