{"MRRm_new": 0.11248133979181585, "MRm_new": 1128.279429874301, "HITS@1m_new": 0.06299888155965018, "HITS@3m_new": 0.11644346523330897, "HITS@10m_new": 0.20794391472704593}