{"MRRm_new": 0.22055010303463177, "MRm_new": 5372.057025523723, "HITS@1m_new": 0.1556042157249758, "HITS@3m_new": 0.2345734266891377, "HITS@10m_new": 0.3532181264978717}