{"MRRm_new": 0.1118426408284111, "MRm_new": 1329.6730093647004, "HITS@1m_new": 0.05477455878201872, "HITS@3m_new": 0.11631303887111134, "HITS@10m_new": 0.22696884622587823}