{"MRRm_new": 0.260718495081157, "MRm_new": 643.952901772201, "HITS@1m_new": 0.1843226621733629, "HITS@3m_new": 0.27855377570353446, "HITS@10m_new": 0.4129433098912705}