{"MRRm_new": 0.29965306091959154, "MRm_new": 135.81755936977268, "HITS@1m_new": 0.1967262641013076, "HITS@3m_new": 0.33987695209377855, "HITS@10m_new": 0.5016692913998558}