{"MRRm_new": 0.2013350326222644, "MRm_new": 641.8596918334484, "HITS@1m_new": 0.12884739156258293, "HITS@3m_new": 0.21325113799511455, "HITS@10m_new": 0.3546560266900808}