{"MRRm_new": 0.40894112889813095, "MRm_new": 360.2068463366926, "HITS@1m_new": 0.3175526916627059, "HITS@3m_new": 0.4460831328638233, "HITS@10m_new": 0.5861662480189552}