{"MRRm_new": 0.18708236280766433, "MRm_new": 255.96715217082502, "HITS@1m_new": 0.11348092919382034, "HITS@3m_new": 0.20351496585144196, "HITS@10m_new": 0.3319006186130922}