{"MRRm_new": 0.3034192256653978, "MRm_new": 137.2873618005365, "HITS@1m_new": 0.2022220960961713, "HITS@3m_new": 0.34261784563219405, "HITS@10m_new": 0.5043135427242669}