{"MRRm_new": 0.19157358366449626, "MRm_new": 243.11657201485335, "HITS@1m_new": 0.11549634172504375, "HITS@3m_new": 0.20919141767120164, "HITS@10m_new": 0.3395630530772905}