{"MRRm_new": 0.17933113236168355, "MRm_new": 276.71833424186707, "HITS@1m_new": 0.10402815422412823, "HITS@3m_new": 0.19604001227180562, "HITS@10m_new": 0.32559123431384795}