{"MRRm_new": 0.7293364451550224, "MRm_new": 37.98613552248478, "HITS@1m_new": 0.6384033428713738, "HITS@3m_new": 0.7952173867396486, "HITS@10m_new": 0.8863592689545476}