{"MRRm_new": 0.24086137914947084, "MRm_new": 858.7837475987226, "HITS@1m_new": 0.17401586096434402, "HITS@3m_new": 0.26420663853822773, "HITS@10m_new": 0.368164653806969}