{"MRRm_new": 0.11610310416258061, "MRm_new": 9105.152240801186, "HITS@1m_new": 0.06958596988825592, "HITS@3m_new": 0.1230331311164773, "HITS@10m_new": 0.21039254407346017}