{"MRRm_new": 0.13284879721280005, "MRm_new": 8318.313304799498, "HITS@1m_new": 0.07794958421366754, "HITS@3m_new": 0.14461106267780996, "HITS@10m_new": 0.24207003093301319}