{"MRRm_new": 0.28123554633026376, "MRm_new": 588.986796915859, "HITS@1m_new": 0.19999022088217316, "HITS@3m_new": 0.30221695564017864, "HITS@10m_new": 0.4446075766722206}