{"MRRm_new": 0.10337530546708376, "MRm_new": 9027.480184266955, "HITS@1m_new": 0.06055648869642755, "HITS@3m_new": 0.1105644409036031, "HITS@10m_new": 0.186405472739134}