{"MRRm_new": 0.1901305045563986, "MRm_new": 821.0561444149464, "HITS@1m_new": 0.12481546403939865, "HITS@3m_new": 0.2077219546128399, "HITS@10m_new": 0.3201583846420399}