{"MRRm_new": 0.17792886626328436, "MRm_new": 1931.7258401805461, "HITS@1m_new": 0.1143720950820716, "HITS@3m_new": 0.1896410577641218, "HITS@10m_new": 0.3031531459074904}