{"MRRm_new": 0.034386765481534895, "MRm_new": 2640.1858930668236, "HITS@1m_new": 0.017342541669706408, "HITS@3m_new": 0.033225534946046534, "HITS@10m_new": 0.061851855293469274}