{"MRRm_new": 0.17071621728547035, "MRm_new": 251.0351856013775, "HITS@1m_new": 0.09945504606390022, "HITS@3m_new": 0.18203505725360009, "HITS@10m_new": 0.3127302717515733}