{"MRRm_new": 0.1612897597297424, "MRm_new": 2302.1837263969483, "HITS@1m_new": 0.10325885768643639, "HITS@3m_new": 0.17004776802056584, "HITS@10m_new": 0.27099500835465734}