{"MRRm_new": 0.41892720580671494, "MRm_new": 941.9499318504036, "HITS@1m_new": 0.2855571699074935, "HITS@3m_new": 0.4931632795385085, "HITS@10m_new": 0.6833354397562799}