{"MRRm_new": 0.15469411487415072, "MRm_new": 6987.8622643134595, "HITS@1m_new": 0.1141112010240322, "HITS@3m_new": 0.1640516505979467, "HITS@10m_new": 0.233836572642409}