{"MRRm_new": 0.1700231399667289, "MRm_new": 234.35875821394922, "HITS@1m_new": 0.09889412106786621, "HITS@3m_new": 0.1833561509039253, "HITS@10m_new": 0.31435209685144944}