{"MRRm_new": 0.14881880701660558, "MRm_new": 720.2676540036201, "HITS@1m_new": 0.08288603184639942, "HITS@3m_new": 0.1589704081867123, "HITS@10m_new": 0.2807069403735455}