{"MRRm_new": 0.05372366759936722, "MRm_new": 2349.9336617741883, "HITS@1m_new": 0.030305055841461582, "HITS@3m_new": 0.05419495367469062, "HITS@10m_new": 0.09529807561202323}