{"MRRm_new": 0.12638004504204, "MRm_new": 1557.2980374481679, "HITS@1m_new": 0.07258475433303975, "HITS@3m_new": 0.13170867534745484, "HITS@10m_new": 0.23096794815589675}