{"MRRm_new": 0.12556651077975986, "MRm_new": 1067.4061412777662, "HITS@1m_new": 0.07488715881909011, "HITS@3m_new": 0.13194751642411576, "HITS@10m_new": 0.22678470661194297}