{"MRRm_new": 0.06931976200982899, "MRm_new": 1820.7554214496374, "HITS@1m_new": 0.03672824678941397, "HITS@3m_new": 0.06975676898423117, "HITS@10m_new": 0.12903927997497375}