{"MRRm_new": 0.026163893203729457, "MRm_new": 4053.2035125641078, "HITS@1m_new": 0.016154012640650764, "HITS@3m_new": 0.025893782649822242, "HITS@10m_new": 0.041190783358040786}