{"MRRm_new": 0.17479458519240287, "MRm_new": 773.0496641508341, "HITS@1m_new": 0.10772522543502273, "HITS@3m_new": 0.18725015665669925, "HITS@10m_new": 0.31135916578839534}