{"MRRm_new": 0.22043721180317924, "MRm_new": 5378.52478894648, "HITS@1m_new": 0.1556716358406702, "HITS@3m_new": 0.233852598453057, "HITS@10m_new": 0.35361328540829706}