{"MRRm_new": 0.18721522009824548, "MRm_new": 256.24209430520534, "HITS@1m_new": 0.11299990009025206, "HITS@3m_new": 0.20385599613753147, "HITS@10m_new": 0.3330005793576594}