{"MRRm_new": 0.11266404860830807, "MRm_new": 1124.1545994097949, "HITS@1m_new": 0.06307862840431626, "HITS@3m_new": 0.11595947147618862, "HITS@10m_new": 0.2104990948753839}