{"MRRm_new": 0.2727020263749961, "MRm_new": 203.5521946278095, "HITS@1m_new": 0.1694852184043266, "HITS@3m_new": 0.3107748886737041, "HITS@10m_new": 0.4812563597664237}