{"MRRm_new": 0.19301414790460839, "MRm_new": 506.7513386545181, "HITS@1m_new": 0.11711218237166758, "HITS@3m_new": 0.20388252562994602, "HITS@10m_new": 0.3483804627075326}