{"MRRm_new": 0.1172056975586398, "MRm_new": 1659.0527009733914, "HITS@1m_new": 0.06599904384566471, "HITS@3m_new": 0.11867523355828598, "HITS@10m_new": 0.2191381351245567}