{"MRRm_new": 0.14905051292871066, "MRm_new": 284.52841609737874, "HITS@1m_new": 0.08326743519157172, "HITS@3m_new": 0.15745036659361794, "HITS@10m_new": 0.2801117228403222}