{"MRRm_new": 0.15382716520318354, "MRm_new": 905.2785342836619, "HITS@1m_new": 0.09369735038617509, "HITS@3m_new": 0.15893655091274994, "HITS@10m_new": 0.27630884630801156}