{"MRRm_new": 0.2374361443385087, "MRm_new": 322.98036590524765, "HITS@1m_new": 0.162718682979772, "HITS@3m_new": 0.2567657694874797, "HITS@10m_new": 0.38233536252516204}