{"MRRm_new": 0.14667925992718028, "MRm_new": 477.70518359553813, "HITS@1m_new": 0.0876372691113138, "HITS@3m_new": 0.15562127318387503, "HITS@10m_new": 0.26197176723834126}