{"MRRm_new": 0.27531819297160653, "MRm_new": 622.147052570641, "HITS@1m_new": 0.19637065120233455, "HITS@3m_new": 0.29254175003129057, "HITS@10m_new": 0.4383790909885429}