{"MRRm_new": 0.07142808914179932, "MRm_new": 2738.2596706605405, "HITS@1m_new": 0.048130071826599306, "HITS@3m_new": 0.07282428619418352, "HITS@10m_new": 0.11585226030173362}