{"MRRm_new": 0.1123786913534932, "MRm_new": 1376.6616322869063, "HITS@1m_new": 0.055799535881448536, "HITS@3m_new": 0.11632204736717977, "HITS@10m_new": 0.2273593491980806}