{"MRRm_new": 0.4059623440030164, "MRm_new": 97.36355285643042, "HITS@1m_new": 0.3063842330179032, "HITS@3m_new": 0.44970171665654923, "HITS@10m_new": 0.5987216720120341}