{"MRRm_new": 0.16674878732615844, "MRm_new": 1846.69856899485, "HITS@1m_new": 0.10175046031766397, "HITS@3m_new": 0.17722648431180277, "HITS@10m_new": 0.2947894432635512}