{"MRRm_new": 0.5986989642804335, "MRm_new": 913.7265524401959, "HITS@1m_new": 0.5075028740355978, "HITS@3m_new": 0.6576426154766566, "HITS@10m_new": 0.7623988254819937}