{"MRRm_new": 0.18619741766011283, "MRm_new": 255.82125790503025, "HITS@1m_new": 0.11331329348360887, "HITS@3m_new": 0.2002017320845509, "HITS@10m_new": 0.33182895507928917}