{"MRRm_new": 0.40414111162877636, "MRm_new": 361.89276634176076, "HITS@1m_new": 0.3099113835548924, "HITS@3m_new": 0.4457642359912716, "HITS@10m_new": 0.5832238323650927}