{"MRRm_new": 0.2701088858624862, "MRm_new": 161.19202668884395, "HITS@1m_new": 0.1750679320575291, "HITS@3m_new": 0.30248864665684233, "HITS@10m_new": 0.45709199631187947}