{"MRRm_new": 0.09130006723610859, "MRm_new": 539.6892072353363, "HITS@1m_new": 0.0466009967269958, "HITS@3m_new": 0.09303769076785538, "HITS@10m_new": 0.1753137585442979}