{"MRRm_new": 0.17217653473279498, "MRm_new": 233.66007694478034, "HITS@1m_new": 0.10002807668633759, "HITS@3m_new": 0.18601644286888186, "HITS@10m_new": 0.3143395732346922}