{"MRRm_new": 0.0887514029748827, "MRm_new": 1671.8297331671267, "HITS@1m_new": 0.05598054743828834, "HITS@3m_new": 0.0925619302514242, "HITS@10m_new": 0.1470445421212644}