{"MRRm_new": 0.27627583482066487, "MRm_new": 575.4100932385326, "HITS@1m_new": 0.19421131365693872, "HITS@3m_new": 0.2950294642701047, "HITS@10m_new": 0.442003042682074}