{"MRRm_new": 0.15481486162725197, "MRm_new": 464.97565529879927, "HITS@1m_new": 0.0920798817141549, "HITS@3m_new": 0.1664194973611884, "HITS@10m_new": 0.2772391008018458}