{"MRRm_new": 0.20185479852005372, "MRm_new": 641.3351928363562, "HITS@1m_new": 0.12913707483705367, "HITS@3m_new": 0.2123589737551287, "HITS@10m_new": 0.35308320950837807}