{"MRRm_new": 0.18724175837238, "MRm_new": 284.92075547763704, "HITS@1m_new": 0.11300027769169538, "HITS@3m_new": 0.20461726533105684, "HITS@10m_new": 0.3344128501085215}