{"MRRm_new": 0.10945172232718096, "MRm_new": 10188.859215812565, "HITS@1m_new": 0.08444827747441014, "HITS@3m_new": 0.11506462598391226, "HITS@10m_new": 0.1550643999671738}