{"MRRm_new": 0.20239536982789832, "MRm_new": 197.32067590928077, "HITS@1m_new": 0.12250002403902181, "HITS@3m_new": 0.21997645795808057, "HITS@10m_new": 0.35856560245965374}