{"MRRm_new": 0.17394495134493174, "MRm_new": 1214.9400236853958, "HITS@1m_new": 0.11998246123946228, "HITS@3m_new": 0.1851883961924468, "HITS@10m_new": 0.2772586398235544}