{"MRRm_new": 0.2018486769942654, "MRm_new": 647.0077953956365, "HITS@1m_new": 0.12965885056599508, "HITS@3m_new": 0.21041315493159926, "HITS@10m_new": 0.3544627274192404}