{"MRRm_new": 0.09423243836588881, "MRm_new": 1727.5578864149004, "HITS@1m_new": 0.06363232244856044, "HITS@3m_new": 0.09751324826984638, "HITS@10m_new": 0.14879376083659007}