{"MRRm_new": 0.20356562959541188, "MRm_new": 228.01674659368993, "HITS@1m_new": 0.12793283117543905, "HITS@3m_new": 0.21944070662462617, "HITS@10m_new": 0.35485002809406724}