{"MRRm_new": 0.10546542722357208, "MRm_new": 11155.564140909135, "HITS@1m_new": 0.06183961602975614, "HITS@3m_new": 0.11232733787444886, "HITS@10m_new": 0.1903340636577923}