{"MRRm_new": 0.22006854120845493, "MRm_new": 5592.59591819033, "HITS@1m_new": 0.15499096140050098, "HITS@3m_new": 0.23678161488164914, "HITS@10m_new": 0.3512065569026745}