{"MRRm_new": 0.23227040994890377, "MRm_new": 289.47416676390174, "HITS@1m_new": 0.1556184699634323, "HITS@3m_new": 0.2565498285152571, "HITS@10m_new": 0.3804460599167214}