{"MRRm_new": 0.11427572746149672, "MRm_new": 320.4300576118708, "HITS@1m_new": 0.05932591583294561, "HITS@3m_new": 0.11940476901833899, "HITS@10m_new": 0.21687947690957227}