{"MRRm_new": 0.17008267450684753, "MRm_new": 6913.26242205146, "HITS@1m_new": 0.09990362688730238, "HITS@3m_new": 0.1931107244596933, "HITS@10m_new": 0.31148819445166737}