{"MRRm_new": 0.10150420502737252, "MRm_new": 442.6283952126503, "HITS@1m_new": 0.054472905504790836, "HITS@3m_new": 0.10238370030766819, "HITS@10m_new": 0.19229305060640908}