{"MRRm_new": 0.2597240126149427, "MRm_new": 250.50167897583543, "HITS@1m_new": 0.1801995348228629, "HITS@3m_new": 0.28358246179400887, "HITS@10m_new": 0.4143258366219961}