{"MRRm_new": 0.1639840354713956, "MRm_new": 2026.1152071754932, "HITS@1m_new": 0.10166631721844897, "HITS@3m_new": 0.171232482367981, "HITS@10m_new": 0.2836210282871034}