{"MRRm_new": 0.16742416055067152, "MRm_new": 234.62529579217434, "HITS@1m_new": 0.09692997840525931, "HITS@3m_new": 0.17964107756696177, "HITS@10m_new": 0.3080338057661895}