{"MRRm_new": 0.4068291670328181, "MRm_new": 135.3528332879916, "HITS@1m_new": 0.315287033953995, "HITS@3m_new": 0.44800983090809315, "HITS@10m_new": 0.5789679093593295}