{"MRRm_new": 0.5824919389612956, "MRm_new": 917.2350107049494, "HITS@1m_new": 0.4847535722629147, "HITS@3m_new": 0.6440511693681266, "HITS@10m_new": 0.7625903039623771}