{"MRRm_new": 0.1828843818387131, "MRm_new": 1907.6792132273615, "HITS@1m_new": 0.11719207892222039, "HITS@3m_new": 0.19491429168688773, "HITS@10m_new": 0.3118869497037085}