{"MRRm_new": 0.21342923381395348, "MRm_new": 5876.496945132941, "HITS@1m_new": 0.1485664769851137, "HITS@3m_new": 0.23393747002305462, "HITS@10m_new": 0.34435667757591}