{"MRRm_new": 0.13648995216920412, "MRm_new": 8541.559756611914, "HITS@1m_new": 0.08031474459997844, "HITS@3m_new": 0.1457925440967083, "HITS@10m_new": 0.2515074000080931}