{"MRRm_new": 0.03017752180584921, "MRm_new": 2969.3572463014425, "HITS@1m_new": 0.017669093029566284, "HITS@3m_new": 0.026911732974043843, "HITS@10m_new": 0.05144003038769006}