{"MRRm_new": 0.1610028053813244, "MRm_new": 7134.350582908958, "HITS@1m_new": 0.09540238370426232, "HITS@3m_new": 0.17396781173819909, "HITS@10m_new": 0.2999778692019172}