{"MRRm_new": 0.0674297752522516, "MRm_new": 2772.4309764288664, "HITS@1m_new": 0.042936956895562615, "HITS@3m_new": 0.0706212131624925, "HITS@10m_new": 0.11025385091453427}