{"MRRm_new": 0.25642087526978047, "MRm_new": 526.1093202214688, "HITS@1m_new": 0.16783929063834513, "HITS@3m_new": 0.2849113913620895, "HITS@10m_new": 0.4369819852890796}