{"MRRm_new": 0.24626480053546448, "MRm_new": 793.6718698377312, "HITS@1m_new": 0.16856707617489156, "HITS@3m_new": 0.2621936787921004, "HITS@10m_new": 0.40101998440979514}