{"MRRm_new": 0.16710885088889482, "MRm_new": 281.3486187030077, "HITS@1m_new": 0.09956083640808938, "HITS@3m_new": 0.17865166089688428, "HITS@10m_new": 0.29817557831755837}