{"MRRm_new": 0.2474191020258286, "MRm_new": 570.6612216232866, "HITS@1m_new": 0.16260385581056108, "HITS@3m_new": 0.27205640305058476, "HITS@10m_new": 0.419028000354243}