{"MRRm_new": 0.10410597292500606, "MRm_new": 1307.7590796325208, "HITS@1m_new": 0.058790951243788005, "HITS@3m_new": 0.10795670713111759, "HITS@10m_new": 0.19391728115938603}