{"MRRm_new": 0.08211623688176632, "MRm_new": 11188.020789995462, "HITS@1m_new": 0.048912599589035384, "HITS@3m_new": 0.08654616764711681, "HITS@10m_new": 0.1456928160819225}