{"MRRm_new": 0.24847010169255418, "MRm_new": 800.9973366141618, "HITS@1m_new": 0.17136475837306353, "HITS@3m_new": 0.2641982371181948, "HITS@10m_new": 0.4005899468152784}