{"MRRm_new": 0.299085041569655, "MRm_new": 623.5366764914245, "HITS@1m_new": 0.2191526733123319, "HITS@3m_new": 0.3292980860896823, "HITS@10m_new": 0.45140601238081945}