{"MRRm_new": 0.39497484546148187, "MRm_new": 136.8016725107953, "HITS@1m_new": 0.3026729473242158, "HITS@3m_new": 0.43423831985041034, "HITS@10m_new": 0.5720601253855857}