{"MRRm_new": 0.23473976173610617, "MRm_new": 5538.34805921486, "HITS@1m_new": 0.1593354114741087, "HITS@3m_new": 0.26233489957486744, "HITS@10m_new": 0.38486778988398146}