{"MRRm_new": 0.10680629978537617, "MRm_new": 367.1199112050295, "HITS@1m_new": 0.056914383542106955, "HITS@3m_new": 0.10846805802155286, "HITS@10m_new": 0.2045641222913284}