{"MRRm_new": 0.17668365024107696, "MRm_new": 1938.795151807666, "HITS@1m_new": 0.11332085380714853, "HITS@3m_new": 0.18746660470307688, "HITS@10m_new": 0.3019954046332277}