{"MRRm_new": 0.30084683216533903, "MRm_new": 136.6880329746604, "HITS@1m_new": 0.1986926732840366, "HITS@3m_new": 0.34055390328509383, "HITS@10m_new": 0.5015445189282473}