{"MRRm_new": 0.06982756704450639, "MRm_new": 2769.74039356935, "HITS@1m_new": 0.046565629413540595, "HITS@3m_new": 0.07267457580099654, "HITS@10m_new": 0.11125263697693663}