{"MRRm_new": 0.08994653670744301, "MRm_new": 1643.8980663623333, "HITS@1m_new": 0.04223164984229952, "HITS@3m_new": 0.09695146686728112, "HITS@10m_new": 0.17893264120691457}