{"MRRm_new": 0.3629995512637634, "MRm_new": 125.27940174585581, "HITS@1m_new": 0.2661311232872831, "HITS@3m_new": 0.40184192741256264, "HITS@10m_new": 0.5523929771068069}