{"MRRm_new": 0.088821336934584, "MRm_new": 1924.5262452257275, "HITS@1m_new": 0.05526638042347622, "HITS@3m_new": 0.09357927242184814, "HITS@10m_new": 0.14895800180500374}