{"MRRm_new": 0.18322294378524384, "MRm_new": 512.9855631818533, "HITS@1m_new": 0.10566842511100695, "HITS@3m_new": 0.19517448059575399, "HITS@10m_new": 0.34894088398008605}