{"MRRm_new": 0.1345704338203409, "MRm_new": 8188.66626470989, "HITS@1m_new": 0.07818528816278558, "HITS@3m_new": 0.144543348552892, "HITS@10m_new": 0.2499293346578488}