{"MRRm_new": 0.08832330695237033, "MRm_new": 1508.9638132350922, "HITS@1m_new": 0.048843431587627856, "HITS@3m_new": 0.09014928367238026, "HITS@10m_new": 0.1642287923436612}