{"MRRm_new": 0.12754297128963807, "MRm_new": 1558.4594890116691, "HITS@1m_new": 0.07310127624338493, "HITS@3m_new": 0.13334152459059842, "HITS@10m_new": 0.23351703977081925}