{"MRRm_new": 0.04681939556103025, "MRm_new": 2231.387783162403, "HITS@1m_new": 0.023009852458635578, "HITS@3m_new": 0.04425094757131301, "HITS@10m_new": 0.08845269761480158}