{"MRRm_new": 0.11599055290539691, "MRm_new": 314.36482602992055, "HITS@1m_new": 0.061745818485761994, "HITS@3m_new": 0.1199534634309588, "HITS@10m_new": 0.22229824566305614}