{"MRRm_new": 0.212795082940479, "MRm_new": 6009.212145670086, "HITS@1m_new": 0.1503933936995454, "HITS@3m_new": 0.23026792338676752, "HITS@10m_new": 0.33988356828666294}