{"MRRm_new": 0.24778923964785235, "MRm_new": 806.7276899649501, "HITS@1m_new": 0.170000953280658, "HITS@3m_new": 0.26400595658709064, "HITS@10m_new": 0.4007819613981992}