{"MRRm_new": 0.06292528307057946, "MRm_new": 2050.757322091055, "HITS@1m_new": 0.02895425793416798, "HITS@3m_new": 0.06425681945830583, "HITS@10m_new": 0.12625930194668472}