{"MRRm_new": 0.6225348928630938, "MRm_new": 34.62253316661715, "HITS@1m_new": 0.4745460717689712, "HITS@3m_new": 0.7373734371038154, "HITS@10m_new": 0.8792550533374015}