{"MRRm_new": 0.4657919415071496, "MRm_new": 100.49353639342775, "HITS@1m_new": 0.36468332902488826, "HITS@3m_new": 0.5117207896185253, "HITS@10m_new": 0.6707959574697545}