{"MRRm_new": 0.33235405703065135, "MRm_new": 107.58635824123024, "HITS@1m_new": 0.22600999140572095, "HITS@3m_new": 0.3763804361296643, "HITS@10m_new": 0.5405310717530374}