{"MRRm_new": 0.42902457726298054, "MRm_new": 135.22078458010085, "HITS@1m_new": 0.32303642870250526, "HITS@3m_new": 0.47726555761247025, "HITS@10m_new": 0.6458396173037952}