{"MRRm_new": 0.10537056917303707, "MRm_new": 1505.4729754140615, "HITS@1m_new": 0.05301360182585195, "HITS@3m_new": 0.10927732797064818, "HITS@10m_new": 0.21053660153113304}