{"MRRm_new": 0.2955595385601573, "MRm_new": 419.8417335832119, "HITS@1m_new": 0.1990094455695871, "HITS@3m_new": 0.33197960428067746, "HITS@10m_new": 0.4885870916106869}