{"MRRm_new": 0.20373956344496674, "MRm_new": 189.31395579610765, "HITS@1m_new": 0.123673805223807, "HITS@3m_new": 0.22148778646344727, "HITS@10m_new": 0.36088492225980734}