{"MRRm_new": 0.2789907837390961, "MRm_new": 576.7632452143431, "HITS@1m_new": 0.1976965136785875, "HITS@3m_new": 0.2990228623595322, "HITS@10m_new": 0.4436838334205095}