{"MRRm_new": 0.10827423236545, "MRm_new": 1120.7920555296182, "HITS@1m_new": 0.05965098242823151, "HITS@3m_new": 0.11120467961080721, "HITS@10m_new": 0.19981530358057353}