{"MRRm_new": 0.18237760296016786, "MRm_new": 705.0626102742195, "HITS@1m_new": 0.1132399942027987, "HITS@3m_new": 0.19341054327964083, "HITS@10m_new": 0.32447428718402516}