{"MRRm_new": 0.16404026748567685, "MRm_new": 1226.4980199396311, "HITS@1m_new": 0.09801770141659653, "HITS@3m_new": 0.18042544069422, "HITS@10m_new": 0.29911250041791937}