{"MRRm_new": 0.23657843251017494, "MRm_new": 319.83539310106636, "HITS@1m_new": 0.16272866319936294, "HITS@3m_new": 0.2561213504191619, "HITS@10m_new": 0.3803101908249664}