{"MRRm_new": 0.10861012695038608, "MRm_new": 2066.414565884709, "HITS@1m_new": 0.07244200005270614, "HITS@3m_new": 0.11493264919668218, "HITS@10m_new": 0.17617398179414887}