{"MRRm_new": 0.14395069357797038, "MRm_new": 284.20687137925626, "HITS@1m_new": 0.07886736497860401, "HITS@3m_new": 0.15451946266036248, "HITS@10m_new": 0.2728632471886929}