{"MRRm_new": 0.8724932001880257, "MRm_new": 53.74747029750369, "HITS@1m_new": 0.8415813165986304, "HITS@3m_new": 0.8928638709136575, "HITS@10m_new": 0.9258089667173689}