{"MRRm_new": 0.22142876396497968, "MRm_new": 6120.463783470393, "HITS@1m_new": 0.1550310276861419, "HITS@3m_new": 0.23825130360131153, "HITS@10m_new": 0.3629813555220608}