{"MRRm_new": 0.15515839789807942, "MRm_new": 885.9261749503374, "HITS@1m_new": 0.09382751980394824, "HITS@3m_new": 0.162406253521482, "HITS@10m_new": 0.2801223709580954}