{"MRRm_new": 0.19161158090962818, "MRm_new": 846.2407092788518, "HITS@1m_new": 0.12114645787881455, "HITS@3m_new": 0.2000393253288348, "HITS@10m_new": 0.3336076176195638}