{"MRRm_new": 0.15553239540606592, "MRm_new": 906.0802993994713, "HITS@1m_new": 0.09457110361499363, "HITS@3m_new": 0.16368690716800047, "HITS@10m_new": 0.2768958950572647}