{"MRRm_new": 0.20754911516664787, "MRm_new": 5774.704291059673, "HITS@1m_new": 0.1450943081304431, "HITS@3m_new": 0.22333817569195527, "HITS@10m_new": 0.33636974921781804}