{"MRRm_new": 0.1761578451894102, "MRm_new": 1203.2498219866752, "HITS@1m_new": 0.12138393465679109, "HITS@3m_new": 0.1873922589125177, "HITS@10m_new": 0.281803421984092}