{"MRRm_new": 0.21667564087060873, "MRm_new": 938.8892081372663, "HITS@1m_new": 0.15558853028105296, "HITS@3m_new": 0.23524162972558407, "HITS@10m_new": 0.3346353914485371}