{"MRRm_new": 0.30809783892099585, "MRm_new": 155.58101337315142, "HITS@1m_new": 0.21661656869429863, "HITS@3m_new": 0.33919127760958506, "HITS@10m_new": 0.4873892990464228}