{"MRRm_new": 0.17593839809903875, "MRm_new": 784.3356707319259, "HITS@1m_new": 0.1099646461587865, "HITS@3m_new": 0.18771429792023264, "HITS@10m_new": 0.3115122605902608}