{"MRRm_new": 0.16492015258978154, "MRm_new": 2415.3421594343486, "HITS@1m_new": 0.10368203134735814, "HITS@3m_new": 0.17190082810411694, "HITS@10m_new": 0.29294507201544184}