{"MRRm_new": 0.10479151723218365, "MRm_new": 2125.5351640530525, "HITS@1m_new": 0.06971236700972076, "HITS@3m_new": 0.11007892200296192, "HITS@10m_new": 0.17006355835848808}