{"MRRm_new": 0.18155373254555343, "MRm_new": 2035.4010360046625, "HITS@1m_new": 0.11664266193832737, "HITS@3m_new": 0.19506445235980208, "HITS@10m_new": 0.30669408519570424}