{"MRRm_new": 0.0572148934173616, "MRm_new": 2031.5721395499706, "HITS@1m_new": 0.028925048779987264, "HITS@3m_new": 0.05862060982662952, "HITS@10m_new": 0.10641197010681498}