{"MRRm_new": 0.09248859930232865, "MRm_new": 1498.7402595760107, "HITS@1m_new": 0.050992943640594604, "HITS@3m_new": 0.09506880907026352, "HITS@10m_new": 0.1708742461612448}