{"MRRm_new": 0.3313692499926383, "MRm_new": 376.97533555439117, "HITS@1m_new": 0.22925685670261736, "HITS@3m_new": 0.3697504294015234, "HITS@10m_new": 0.5390450043907913}