{"MRRm_new": 0.11117520025187405, "MRm_new": 1399.4927069701432, "HITS@1m_new": 0.055177940065506845, "HITS@3m_new": 0.11387683410872705, "HITS@10m_new": 0.22561430055475795}