{"MRRm_new": 0.073334939068128, "MRm_new": 1799.3031040234566, "HITS@1m_new": 0.03995957245276659, "HITS@3m_new": 0.07532706223530695, "HITS@10m_new": 0.1359482759874314}