{"MRRm_new": 0.19109586184848923, "MRm_new": 5360.030002404898, "HITS@1m_new": 0.1348674038677127, "HITS@3m_new": 0.20806134040962207, "HITS@10m_new": 0.29824923752300675}