{"MRRm_new": 0.07323844159742475, "MRm_new": 2654.1104109204857, "HITS@1m_new": 0.04731526715632935, "HITS@3m_new": 0.07568077051397995, "HITS@10m_new": 0.12080874418209714}