{"MRRm_new": 0.17006380548575398, "MRm_new": 280.09414632918833, "HITS@1m_new": 0.10126762412512907, "HITS@3m_new": 0.1835871425522724, "HITS@10m_new": 0.30781976181855425}