{"MRRm_new": 0.19564326917803118, "MRm_new": 682.8592198328018, "HITS@1m_new": 0.12352950064735486, "HITS@3m_new": 0.2091299255084945, "HITS@10m_new": 0.34491211344366896}