{"MRRm_new": 0.17836721840877726, "MRm_new": 1193.1218145412952, "HITS@1m_new": 0.1232294498997835, "HITS@3m_new": 0.1902395190527859, "HITS@10m_new": 0.2848642916665631}