{"MRRm_new": 0.10269494236840983, "MRm_new": 386.57513210132123, "HITS@1m_new": 0.05391862882475834, "HITS@3m_new": 0.10306476912521757, "HITS@10m_new": 0.1970729356655851}