{"MRRm_new": 0.4482538272344904, "MRm_new": 146.28601220507235, "HITS@1m_new": 0.3486623503854639, "HITS@3m_new": 0.4933797006077484, "HITS@10m_new": 0.6493691541825268}