{"MRRm_new": 0.24207781238341022, "MRm_new": 794.1572965590656, "HITS@1m_new": 0.16431135132047348, "HITS@3m_new": 0.2598527416838333, "HITS@10m_new": 0.39579452654032504}