{"MRRm_new": 0.11369483503929313, "MRm_new": 1567.5385112492888, "HITS@1m_new": 0.06628139509216999, "HITS@3m_new": 0.12430317082881083, "HITS@10m_new": 0.2061697725530539}