{"MRRm_new": 0.13459269085248887, "MRm_new": 9002.71501801747, "HITS@1m_new": 0.0999036559300148, "HITS@3m_new": 0.14356966757576448, "HITS@10m_new": 0.19632021154122775}