{"MRRm_new": 0.16946656544486904, "MRm_new": 1254.6726709707827, "HITS@1m_new": 0.1156419434718664, "HITS@3m_new": 0.18154389449117297, "HITS@10m_new": 0.27037267524276465}