{"MRRm_new": 0.1128815617167973, "MRm_new": 329.0851287408352, "HITS@1m_new": 0.059538914020429365, "HITS@3m_new": 0.11595677967823576, "HITS@10m_new": 0.21342720028711482}