{"MRRm_new": 0.18749565676721977, "MRm_new": 284.677009318918, "HITS@1m_new": 0.11360920394223649, "HITS@3m_new": 0.20297393660055968, "HITS@10m_new": 0.3357936976996134}