{"MRRm_new": 0.166600364251924, "MRm_new": 1850.3425449492336, "HITS@1m_new": 0.10183414473907032, "HITS@3m_new": 0.17682628725585528, "HITS@10m_new": 0.2940300278627547}