{"MRRm_new": 0.23823420942043821, "MRm_new": 4692.513000838489, "HITS@1m_new": 0.16756066774087958, "HITS@3m_new": 0.2569184092090582, "HITS@10m_new": 0.3818363208275405}