{"MRRm_new": 0.05927246027672209, "MRm_new": 3082.6413983819634, "HITS@1m_new": 0.03910129018174848, "HITS@3m_new": 0.061970818141784546, "HITS@10m_new": 0.0942806123902592}