{"MRRm_new": 0.17190404825042496, "MRm_new": 785.8542164366245, "HITS@1m_new": 0.10504898448177846, "HITS@3m_new": 0.18231658610366286, "HITS@10m_new": 0.30825137204956266}