{"MRRm_new": 0.26022816699198986, "MRm_new": 796.0028325959742, "HITS@1m_new": 0.18089547775301618, "HITS@3m_new": 0.2776841448341729, "HITS@10m_new": 0.42548092785815245}