{"MRRm_new": 0.27700374271767353, "MRm_new": 632.3244877267182, "HITS@1m_new": 0.1968010156477103, "HITS@3m_new": 0.2984993200667668, "HITS@10m_new": 0.4382600802066736}