{"MRRm_new": 0.1678588873439221, "MRm_new": 234.76284783899783, "HITS@1m_new": 0.0969581431209459, "HITS@3m_new": 0.1816454381801188, "HITS@10m_new": 0.31026857503643257}