{"MRRm_new": 0.2142653711513244, "MRm_new": 4973.209912653893, "HITS@1m_new": 0.15640218138528872, "HITS@3m_new": 0.23520042390999152, "HITS@10m_new": 0.3227441769790894}