{"MRRm_new": 0.31273965480603877, "MRm_new": 131.98250497289, "HITS@1m_new": 0.21264102563777124, "HITS@3m_new": 0.35093372959717817, "HITS@10m_new": 0.5113436698036384}