{"MRRm_new": 0.0894159430140944, "MRm_new": 1652.3074011500478, "HITS@1m_new": 0.056177427466856895, "HITS@3m_new": 0.0926677543896185, "HITS@10m_new": 0.15048993479998898}