{"MRRm_new": 0.2351355302013908, "MRm_new": 706.6886523379087, "HITS@1m_new": 0.16807431729562813, "HITS@3m_new": 0.24840829841373488, "HITS@10m_new": 0.36696239772206174}