{"MRRm_new": 0.1033676987617573, "MRm_new": 1725.3272553754448, "HITS@1m_new": 0.0648667522977048, "HITS@3m_new": 0.10938486492438824, "HITS@10m_new": 0.17786068204307232}