{"MRRm_new": 0.21197874528914326, "MRm_new": 5076.259836946934, "HITS@1m_new": 0.1565205743261322, "HITS@3m_new": 0.2293901041439385, "HITS@10m_new": 0.31489599137878393}