{"MRRm_new": 0.14556066360107342, "MRm_new": 785.3568780914694, "HITS@1m_new": 0.09478020694730367, "HITS@3m_new": 0.1557618091983968, "HITS@10m_new": 0.2422088313215063}