{"MRRm_new": 0.14835945394203418, "MRm_new": 2231.990278313339, "HITS@1m_new": 0.09009156209605862, "HITS@3m_new": 0.15345153285580454, "HITS@10m_new": 0.26058246913657057}