{"MRRm_new": 0.0322155155980372, "MRm_new": 3694.8888623463513, "HITS@1m_new": 0.0191476455639895, "HITS@3m_new": 0.03192782136837559, "HITS@10m_new": 0.0542277881561713}