{"MRRm_new": 0.09615083094732381, "MRm_new": 1219.7730121704935, "HITS@1m_new": 0.05999253260735713, "HITS@3m_new": 0.10003261762304465, "HITS@10m_new": 0.16278439331646952}