{"MRRm_new": 0.23948618683893802, "MRm_new": 800.3410618271828, "HITS@1m_new": 0.16053483194235013, "HITS@3m_new": 0.25715028515807353, "HITS@10m_new": 0.39995471689896656}