{"MRRm_new": 0.11521265114028502, "MRm_new": 318.47949059660436, "HITS@1m_new": 0.06051528023625724, "HITS@3m_new": 0.12053010151460766, "HITS@10m_new": 0.21799700407828204}