{"MRRm_new": 0.011745009316998222, "MRm_new": 4737.225907862961, "HITS@1m_new": 0.005573148471255991, "HITS@3m_new": 0.010284509840686951, "HITS@10m_new": 0.020778257919726456}