{"MRRm_new": 0.26542420635435426, "MRm_new": 806.8569943315089, "HITS@1m_new": 0.18696661041656626, "HITS@3m_new": 0.28210243188083406, "HITS@10m_new": 0.4267295675391797}