{"MRRm_new": 0.10874766979388323, "MRm_new": 8982.95161766535, "HITS@1m_new": 0.06278713477787096, "HITS@3m_new": 0.11641250385553575, "HITS@10m_new": 0.19878721999470145}