{"MRRm_new": 0.0902923528600586, "MRm_new": 1702.6170790599822, "HITS@1m_new": 0.043160297771776095, "HITS@3m_new": 0.09767240147870034, "HITS@10m_new": 0.17998583950549363}