{"MRRm_new": 0.030247093852053694, "MRm_new": 3034.6372489332853, "HITS@1m_new": 0.017334739772020838, "HITS@3m_new": 0.029019080741418294, "HITS@10m_new": 0.05163163497743517}