{"MRRm_new": 0.26148649304687344, "MRm_new": 600.6754336581827, "HITS@1m_new": 0.1830909784883843, "HITS@3m_new": 0.2803194454742479, "HITS@10m_new": 0.4198639712702716}