{"MRRm_new": 0.2254368689886419, "MRm_new": 804.9976069819033, "HITS@1m_new": 0.14885280558440717, "HITS@3m_new": 0.2409128043850651, "HITS@10m_new": 0.3735983690333087}