{"MRRm_new": 0.19729544716066447, "MRm_new": 264.39499689139427, "HITS@1m_new": 0.11998279290564097, "HITS@3m_new": 0.21495002427238796, "HITS@10m_new": 0.34991439961496507}