{"MRRm_new": 0.2576985291354322, "MRm_new": 869.6605485152304, "HITS@1m_new": 0.18909111254825256, "HITS@3m_new": 0.27212998549558687, "HITS@10m_new": 0.39116935660631863}