{"MRRm_new": 0.7751573661410488, "MRm_new": 52.285591651213814, "HITS@1m_new": 0.6827532578538834, "HITS@3m_new": 0.8537677366767038, "HITS@10m_new": 0.9167127768005158}