{"MRRm_new": 0.39391041356276985, "MRm_new": 120.49403686416149, "HITS@1m_new": 0.2880696265589446, "HITS@3m_new": 0.43920959450267255, "HITS@10m_new": 0.6055875641811639}