{"MRRm_new": 0.0977703194771584, "MRm_new": 2247.7502254442575, "HITS@1m_new": 0.06616563536376997, "HITS@3m_new": 0.10099464990851993, "HITS@10m_new": 0.15632389991800666}