{"MRRm_new": 0.19909280570020202, "MRm_new": 230.98891613719462, "HITS@1m_new": 0.12475333489608602, "HITS@3m_new": 0.21316437479229644, "HITS@10m_new": 0.349606167095853}