{"MRRm_new": 0.08004961360145972, "MRm_new": 1656.9457729937315, "HITS@1m_new": 0.04237604978362797, "HITS@3m_new": 0.08375513853135053, "HITS@10m_new": 0.1522584463164443}