{"MRRm_new": 0.1044145160982749, "MRm_new": 388.72462527339457, "HITS@1m_new": 0.05588329421547823, "HITS@3m_new": 0.10453995883013122, "HITS@10m_new": 0.19754109945991077}