{"MRRm_new": 0.431230129121318, "MRm_new": 97.81420006093383, "HITS@1m_new": 0.3324007541750179, "HITS@3m_new": 0.4795435564779618, "HITS@10m_new": 0.6199168212480727}