{"MRRm_new": 0.3642668112505471, "MRm_new": 154.87577503615617, "HITS@1m_new": 0.272485357953592, "HITS@3m_new": 0.40152960142487426, "HITS@10m_new": 0.5425306142374174}