{"MRRm_new": 0.10859395234861267, "MRm_new": 9094.19504864335, "HITS@1m_new": 0.06424602892540861, "HITS@3m_new": 0.1134296888092067, "HITS@10m_new": 0.1960215244188439}