{"MRRm_new": 0.2207033207053164, "MRm_new": 5494.703245204806, "HITS@1m_new": 0.15551372481248107, "HITS@3m_new": 0.23849625281826592, "HITS@10m_new": 0.3531326045325841}