{"MRRm_new": 0.09112283251274403, "MRm_new": 1766.7875693292915, "HITS@1m_new": 0.06058411794201675, "HITS@3m_new": 0.09354810476186685, "HITS@10m_new": 0.14748010954385973}