{"MRRm_new": 0.11296988569589449, "MRm_new": 326.94343052885534, "HITS@1m_new": 0.059734461932664275, "HITS@3m_new": 0.11582157051991672, "HITS@10m_new": 0.2116564667362254}