{"MRRm_new": 0.02089290842014998, "MRm_new": 3283.5334010033907, "HITS@1m_new": 0.011206290104120853, "HITS@3m_new": 0.01882432662404608, "HITS@10m_new": 0.03552063749836816}