{"MRRm_new": 0.15724714818925759, "MRm_new": 2931.569151486963, "HITS@1m_new": 0.09964677408678108, "HITS@3m_new": 0.1674001801929553, "HITS@10m_new": 0.2686746467418707}