{"MRRm_new": 0.4550513728424839, "MRm_new": 102.49848756869137, "HITS@1m_new": 0.3635108918932965, "HITS@3m_new": 0.4984163697434706, "HITS@10m_new": 0.6295066482193215}