{"MRRm_new": 0.13881190861578507, "MRm_new": 301.0747182033777, "HITS@1m_new": 0.08120275462951977, "HITS@3m_new": 0.14554814941440708, "HITS@10m_new": 0.24599942947037634}