{"MRRm_new": 0.025625460295689663, "MRm_new": 4019.468694918573, "HITS@1m_new": 0.015435442057558249, "HITS@3m_new": 0.0244553968440523, "HITS@10m_new": 0.04221986198302329}