{"MRRm_new": 0.18925378001339868, "MRm_new": 5424.691900099576, "HITS@1m_new": 0.1327396452840185, "HITS@3m_new": 0.20752423810289475, "HITS@10m_new": 0.29682384941913187}