{"MRRm_new": 0.10320983623789798, "MRm_new": 388.94884019227027, "HITS@1m_new": 0.05447915667644702, "HITS@3m_new": 0.10350956838931888, "HITS@10m_new": 0.19544853927148506}