{"MRRm_new": 0.2287072673005232, "MRm_new": 673.4814835030138, "HITS@1m_new": 0.16009333271841752, "HITS@3m_new": 0.2417357460662024, "HITS@10m_new": 0.363909146105987}