{"MRRm_new": 0.19224347977363795, "MRm_new": 360.0727346100807, "HITS@1m_new": 0.128652987834753, "HITS@3m_new": 0.20754277448079084, "HITS@10m_new": 0.3157933639179915}