{"MRRm_new": 0.328346616879403, "MRm_new": 377.5472632380277, "HITS@1m_new": 0.22501806015446346, "HITS@3m_new": 0.36722943969181504, "HITS@10m_new": 0.5362708713946995}