{"MRRm_new": 0.24471043073394594, "MRm_new": 580.8284568646103, "HITS@1m_new": 0.15922157897627404, "HITS@3m_new": 0.2714507839249927, "HITS@10m_new": 0.41734054743890736}