{"MRRm_new": 0.06947508876387001, "MRm_new": 1831.6813884946584, "HITS@1m_new": 0.03654981095631956, "HITS@3m_new": 0.07095941261654952, "HITS@10m_new": 0.13060642165176103}