{"MRRm_new": 0.16632144485399475, "MRm_new": 1191.286538893491, "HITS@1m_new": 0.10857949677349098, "HITS@3m_new": 0.17707531856973582, "HITS@10m_new": 0.28237134181704826}