{"MRRm_new": 0.11632414869209315, "MRm_new": 1184.3546452298879, "HITS@1m_new": 0.06745001861066557, "HITS@3m_new": 0.12287146706820931, "HITS@10m_new": 0.2132002476119902}