{"MRRm_new": 0.3351568684615554, "MRm_new": 1404.1347656587661, "HITS@1m_new": 0.21403601644141598, "HITS@3m_new": 0.3853842363029253, "HITS@10m_new": 0.5863140255180187}