{"MRRm_new": 0.22286598287451762, "MRm_new": 6113.106852831721, "HITS@1m_new": 0.15579187685705256, "HITS@3m_new": 0.2382113051204942, "HITS@10m_new": 0.36234868291136807}