{"MRRm_new": 0.1911571910230614, "MRm_new": 5391.1952029150725, "HITS@1m_new": 0.13490447265980765, "HITS@3m_new": 0.208468105690612, "HITS@10m_new": 0.2983946293906192}