{"MRRm_new": 0.793712728312633, "MRm_new": 20.479656945146807, "HITS@1m_new": 0.6990362607240511, "HITS@3m_new": 0.8750360226302052, "HITS@10m_new": 0.93969347983186}