{"MRRm_new": 0.3495494800150218, "MRm_new": 161.79376882765442, "HITS@1m_new": 0.2583516087618555, "HITS@3m_new": 0.3843169011918508, "HITS@10m_new": 0.5273024478362349}