{"MRRm_new": 0.16666756042576888, "MRm_new": 1845.8135835714638, "HITS@1m_new": 0.10162593636622477, "HITS@3m_new": 0.17679201430873945, "HITS@10m_new": 0.2944926068271743}