{"MRRm_new": 0.20165441475283297, "MRm_new": 232.34192597312926, "HITS@1m_new": 0.12740193077744916, "HITS@3m_new": 0.21912095515965485, "HITS@10m_new": 0.3476540094662923}