{"MRRm_new": 0.1280364999967991, "MRm_new": 1042.2421624768972, "HITS@1m_new": 0.07558076209775172, "HITS@3m_new": 0.13477350045269124, "HITS@10m_new": 0.23103700949153863}