{"MRRm_new": 0.1664149596809989, "MRm_new": 1825.5654053852857, "HITS@1m_new": 0.10200198267002998, "HITS@3m_new": 0.17660665255688945, "HITS@10m_new": 0.29070346166566013}