{"MRRm_new": 0.13235664545789813, "MRm_new": 9174.044230268835, "HITS@1m_new": 0.10004874296014896, "HITS@3m_new": 0.1400890821511275, "HITS@10m_new": 0.18963509463937953}