{"MRRm_new": 0.10676930507274847, "MRm_new": 1560.1935190611332, "HITS@1m_new": 0.07186157660022946, "HITS@3m_new": 0.11175091616951977, "HITS@10m_new": 0.17098342271058936}