{"MRRm_new": 0.1377265804785775, "MRm_new": 8707.289500282885, "HITS@1m_new": 0.09907617849859525, "HITS@3m_new": 0.1481294085405825, "HITS@10m_new": 0.2135553849794378}