{"MRRm_new": 0.20185798599967075, "MRm_new": 198.5913131686896, "HITS@1m_new": 0.12185193263132532, "HITS@3m_new": 0.22071289506844186, "HITS@10m_new": 0.35825918060020195}