{"MRRm_new": 0.16073547947464611, "MRm_new": 6719.072324186414, "HITS@1m_new": 0.09448737174348207, "HITS@3m_new": 0.17385158020298694, "HITS@10m_new": 0.30053126900154165}