{"MRRm_new": 0.45571262192401535, "MRm_new": 808.2958768669367, "HITS@1m_new": 0.3391010188560467, "HITS@3m_new": 0.5232676460943185, "HITS@10m_new": 0.6743269270779565}