{"MRRm_new": 0.23758979493637708, "MRm_new": 321.48022562778, "HITS@1m_new": 0.16378203374445002, "HITS@3m_new": 0.2578648516664616, "HITS@10m_new": 0.37976074590958886}