{"MRRm_new": 0.10931655429726525, "MRm_new": 1486.5318376713515, "HITS@1m_new": 0.05496437444430776, "HITS@3m_new": 0.11450841611744836, "HITS@10m_new": 0.2180901909872424}