{"MRRm_new": 0.12089557085233973, "MRm_new": 1053.0563610650777, "HITS@1m_new": 0.06768206058873912, "HITS@3m_new": 0.12520360812220024, "HITS@10m_new": 0.22891388293060008}