{"MRRm_new": 0.19775460126675398, "MRm_new": 6202.761866397798, "HITS@1m_new": 0.1474793077745999, "HITS@3m_new": 0.214040985831758, "HITS@10m_new": 0.29262984459238944}