{"MRRm_new": 0.1720878320683887, "MRm_new": 308.8874845265001, "HITS@1m_new": 0.10230559819836343, "HITS@3m_new": 0.18441929219014128, "HITS@10m_new": 0.3071481163361459}