{"MRRm_new": 0.18602522505507513, "MRm_new": 213.8834380689621, "HITS@1m_new": 0.08680535908606835, "HITS@3m_new": 0.20828068287493662, "HITS@10m_new": 0.4006635738405399}