{"MRRm_new": 0.18343359971485043, "MRm_new": 513.1307260964394, "HITS@1m_new": 0.10561753693205538, "HITS@3m_new": 0.19385405965314711, "HITS@10m_new": 0.3478738933298737}