{"MRRm_new": 0.15465622853284822, "MRm_new": 6973.9840544810595, "HITS@1m_new": 0.11287891717848833, "HITS@3m_new": 0.16488278374273796, "HITS@10m_new": 0.23314151148239035}