{"MRRm_new": 0.20219313416229215, "MRm_new": 796.1156635138392, "HITS@1m_new": 0.13128173475080257, "HITS@3m_new": 0.22139625609535504, "HITS@10m_new": 0.3454679854961141}