{"MRRm_new": 0.2764884584944534, "MRm_new": 628.6543758849799, "HITS@1m_new": 0.19629778972856002, "HITS@3m_new": 0.29674771312845405, "HITS@10m_new": 0.43804128869925624}