{"MRRm_new": 0.028645071585491677, "MRm_new": 2919.0593595367523, "HITS@1m_new": 0.014099938896193634, "HITS@3m_new": 0.027171195158211047, "HITS@10m_new": 0.053842511244496565}