{"MRRm_new": 0.1352402192534978, "MRm_new": 8692.148556643187, "HITS@1m_new": 0.07927282844902947, "HITS@3m_new": 0.14583408072777093, "HITS@10m_new": 0.25070522241859}