{"MRRm_new": 0.11067169732548354, "MRm_new": 450.36833339631556, "HITS@1m_new": 0.062130066963203716, "HITS@3m_new": 0.11296255462918198, "HITS@10m_new": 0.20346579861245118}