{"MRRm_new": 0.24666561571933654, "MRm_new": 569.071108671829, "HITS@1m_new": 0.16217969867961074, "HITS@3m_new": 0.2709720426966669, "HITS@10m_new": 0.41954358703892647}