{"MRRm_new": 0.2308692260978951, "MRm_new": 287.8318412769586, "HITS@1m_new": 0.15320921310744598, "HITS@3m_new": 0.25531941923269186, "HITS@10m_new": 0.38215440427337305}