{"MRRm_new": 0.26697609704471414, "MRm_new": 811.6796653114259, "HITS@1m_new": 0.1887657509969722, "HITS@3m_new": 0.2836479449766921, "HITS@10m_new": 0.42760106836410705}