{"MRRm_new": 0.7866949690603388, "MRm_new": 41.56971851762384, "HITS@1m_new": 0.7229570272470591, "HITS@3m_new": 0.8279420412678737, "HITS@10m_new": 0.9012345093907789}