{"MRRm_new": 0.17814551418264363, "MRm_new": 1198.6886326965987, "HITS@1m_new": 0.12214895240946134, "HITS@3m_new": 0.190785975227609, "HITS@10m_new": 0.285633479641856}