{"MRRm_new": 0.273978394250285, "MRm_new": 620.5791882657111, "HITS@1m_new": 0.19454067105113063, "HITS@3m_new": 0.29230808044236617, "HITS@10m_new": 0.4355359893976711}