{"MRRm_new": 0.15541265478917485, "MRm_new": 903.6599472786903, "HITS@1m_new": 0.09460368872279651, "HITS@3m_new": 0.16147284874230391, "HITS@10m_new": 0.27700603297050114}