{"MRRm_new": 0.7963874390181854, "MRm_new": 30.69782942447066, "HITS@1m_new": 0.7343647985688876, "HITS@3m_new": 0.8374796608793549, "HITS@10m_new": 0.9063449402432888}