{"MRRm_new": 0.07722052227107778, "MRm_new": 2132.2733607073783, "HITS@1m_new": 0.04191328537235968, "HITS@3m_new": 0.07947624050923623, "HITS@10m_new": 0.14199447982986457}