{"MRRm_new": 0.12674211158815016, "MRm_new": 1547.1019288273096, "HITS@1m_new": 0.0720325396317523, "HITS@3m_new": 0.1321281820354052, "HITS@10m_new": 0.23294885893305764}