{"MRRm_new": 0.2844086283913872, "MRm_new": 144.18226113574505, "HITS@1m_new": 0.17321991146001964, "HITS@3m_new": 0.3213441552068107, "HITS@10m_new": 0.5214408490173519}