{"MRRm_new": 0.22068968028936753, "MRm_new": 5344.7422599848505, "HITS@1m_new": 0.1553698668841971, "HITS@3m_new": 0.23547528613172472, "HITS@10m_new": 0.3542903587105102}