{"MRRm_new": 0.13654332522694168, "MRm_new": 315.34625547430517, "HITS@1m_new": 0.07930889034359716, "HITS@3m_new": 0.14193810675452695, "HITS@10m_new": 0.24432813748463522}