{"MRRm_new": 0.11477945092050214, "MRm_new": 314.02769567854403, "HITS@1m_new": 0.06015831533468445, "HITS@3m_new": 0.11882832884963136, "HITS@10m_new": 0.22024246563676278}