{"MRRm_new": 0.16652658153020639, "MRm_new": 1847.9733352631629, "HITS@1m_new": 0.10166463333046705, "HITS@3m_new": 0.17687928516441026, "HITS@10m_new": 0.2935247684366768}