{"MRRm_new": 0.14834288072068103, "MRm_new": 2245.113385315597, "HITS@1m_new": 0.09051211803409387, "HITS@3m_new": 0.15357510428869864, "HITS@10m_new": 0.26165631229942665}