{"MRRm_new": 0.14792491333654925, "MRm_new": 1397.8255088233202, "HITS@1m_new": 0.08891841466729966, "HITS@3m_new": 0.15990946374479972, "HITS@10m_new": 0.2672573361522227}