{"MRRm_new": 0.11167040878598927, "MRm_new": 424.1268197737217, "HITS@1m_new": 0.06276513814558857, "HITS@3m_new": 0.11369778675361886, "HITS@10m_new": 0.20366914580644807}