{"MRRm_new": 0.21333578073778062, "MRm_new": 5887.3413944731055, "HITS@1m_new": 0.14840466526919044, "HITS@3m_new": 0.23409807124128565, "HITS@10m_new": 0.34335697292949774}