{"MRRm_new": 0.16476201870655904, "MRm_new": 6501.716009248823, "HITS@1m_new": 0.09737035325868056, "HITS@3m_new": 0.179528583217063, "HITS@10m_new": 0.3041503245993517}