{"MRRm_new": 0.2753923173183489, "MRm_new": 622.9816938184201, "HITS@1m_new": 0.19559644312952879, "HITS@3m_new": 0.2937278370482381, "HITS@10m_new": 0.43843267027358523}