{"MRRm_new": 0.20100377780707276, "MRm_new": 4714.461242967456, "HITS@1m_new": 0.14187350213041647, "HITS@3m_new": 0.21954508543759585, "HITS@10m_new": 0.3118921598810703}