{"MRRm_new": 0.0915516604958917, "MRm_new": 1929.0171720775365, "HITS@1m_new": 0.051675235832855104, "HITS@3m_new": 0.09132820049701258, "HITS@10m_new": 0.17197630414227025}