{"MRRm_new": 0.3027454524359919, "MRm_new": 103.25420245350897, "HITS@1m_new": 0.19400580582016846, "HITS@3m_new": 0.3461453100108047, "HITS@10m_new": 0.5136543161091977}