{"MRRm_new": 0.1887738425186835, "MRm_new": 279.29189190867544, "HITS@1m_new": 0.1142173914120067, "HITS@3m_new": 0.20617256709971843, "HITS@10m_new": 0.3387409598932718}