{"MRRm_new": 0.029195301680237207, "MRm_new": 3999.4075962415786, "HITS@1m_new": 0.018536421075783436, "HITS@3m_new": 0.028992664622193843, "HITS@10m_new": 0.04669433863021186}