{"MRRm_new": 0.2014849749320806, "MRm_new": 4791.062537631839, "HITS@1m_new": 0.14253906904283212, "HITS@3m_new": 0.22063628657936352, "HITS@10m_new": 0.31300166700762927}