{"MRRm_new": 0.23771779548174618, "MRm_new": 4690.014253250599, "HITS@1m_new": 0.16643571826955303, "HITS@3m_new": 0.256352446629724, "HITS@10m_new": 0.38144888219685524}