{"MRRm_new": 0.2358378102557781, "MRm_new": 5508.115232350678, "HITS@1m_new": 0.16003090123814764, "HITS@3m_new": 0.26315804971090984, "HITS@10m_new": 0.38840033796161877}