{"MRRm_new": 0.11783834407783579, "MRm_new": 309.41874575715065, "HITS@1m_new": 0.06290201066000736, "HITS@3m_new": 0.12133790048640221, "HITS@10m_new": 0.223829806525819}