{"MRRm_new": 0.08546406114747605, "MRm_new": 1835.5606583468318, "HITS@1m_new": 0.048507987782693815, "HITS@3m_new": 0.09108685134958068, "HITS@10m_new": 0.15466515405348036}