{"MRRm_new": 0.2273968122798997, "MRm_new": 4535.926573155969, "HITS@1m_new": 0.16464962119903065, "HITS@3m_new": 0.24806585714468382, "HITS@10m_new": 0.3521742204024922}