{"MRRm_new": 0.22478646669858882, "MRm_new": 6031.731051398039, "HITS@1m_new": 0.1560749404208618, "HITS@3m_new": 0.24328741381131114, "HITS@10m_new": 0.36740642396523615}