{"MRRm_new": 0.15405460386088907, "MRm_new": 7008.079391654581, "HITS@1m_new": 0.11225194283714518, "HITS@3m_new": 0.16430302651773673, "HITS@10m_new": 0.23099317903319025}