{"MRRm_new": 0.0684655710951547, "MRm_new": 2751.172760235995, "HITS@1m_new": 0.04368763149145161, "HITS@3m_new": 0.06961794308412937, "HITS@10m_new": 0.11495265979096075}