{"MRRm_new": 0.13264022981828977, "MRm_new": 8136.985129920245, "HITS@1m_new": 0.07669712814455852, "HITS@3m_new": 0.14625097839091905, "HITS@10m_new": 0.24485383556154555}