{"MRRm_new": 0.031223111953827903, "MRm_new": 2843.907428172898, "HITS@1m_new": 0.014689471738843713, "HITS@3m_new": 0.028844646241446024, "HITS@10m_new": 0.05859891754980199}