{"MRRm_new": 0.14481574102180747, "MRm_new": 770.9308763193608, "HITS@1m_new": 0.07948941982049727, "HITS@3m_new": 0.15216796467360108, "HITS@10m_new": 0.27893381180898286}