{"MRRm_new": 0.18370468687155225, "MRm_new": 514.3784629522801, "HITS@1m_new": 0.10619023462259211, "HITS@3m_new": 0.19493839454764966, "HITS@10m_new": 0.3468012602020986}