{"MRRm_new": 0.029421781026349892, "MRm_new": 2913.476879741132, "HITS@1m_new": 0.015130908022496442, "HITS@3m_new": 0.02842838785960339, "HITS@10m_new": 0.05183244909843779}