{"MRRm_new": 0.1595663484880919, "MRm_new": 265.2209436830044, "HITS@1m_new": 0.0904480474331649, "HITS@3m_new": 0.17340798364840448, "HITS@10m_new": 0.29788813150906934}