{"MRRm_new": 0.18240807303370676, "MRm_new": 257.88186343946455, "HITS@1m_new": 0.11018069595783017, "HITS@3m_new": 0.19542118228003383, "HITS@10m_new": 0.3268378243395593}