{"MRRm_new": 0.1477144678220342, "MRm_new": 247.38694816250802, "HITS@1m_new": 0.07861528208495583, "HITS@3m_new": 0.15694574190076674, "HITS@10m_new": 0.2831179513085168}