{"MRRm_new": 0.17096681690052357, "MRm_new": 6873.127481877864, "HITS@1m_new": 0.12403593911067583, "HITS@3m_new": 0.1832841372829862, "HITS@10m_new": 0.26025137990989605}