{"MRRm_new": 0.1643109592959495, "MRm_new": 2036.895503736496, "HITS@1m_new": 0.10171403537676088, "HITS@3m_new": 0.17146078529645456, "HITS@10m_new": 0.2849062196340528}