{"MRRm_new": 0.23663416868096646, "MRm_new": 269.0028433994949, "HITS@1m_new": 0.15161275746455066, "HITS@3m_new": 0.2636181159031112, "HITS@10m_new": 0.4039729028407455}