{"MRRm_new": 0.16356075963064678, "MRm_new": 2454.319843883574, "HITS@1m_new": 0.10230920582439285, "HITS@3m_new": 0.17052010356172104, "HITS@10m_new": 0.29041187427808474}