{"MRRm_new": 0.11470766746077134, "MRm_new": 314.0950310817242, "HITS@1m_new": 0.06022034176036832, "HITS@3m_new": 0.11832415274286177, "HITS@10m_new": 0.22026557577850764}