{"MRRm_new": 0.18909023401804917, "MRm_new": 543.2216271404326, "HITS@1m_new": 0.12868806344814948, "HITS@3m_new": 0.2017326792593958, "HITS@10m_new": 0.3067806876807663}