{"MRRm_new": 0.11468516684620117, "MRm_new": 1097.6306584282636, "HITS@1m_new": 0.06520138773890795, "HITS@3m_new": 0.11804320131074054, "HITS@10m_new": 0.21149577376690576}