{"MRRm_new": 0.22886490732259518, "MRm_new": 933.0313714450896, "HITS@1m_new": 0.15899907988397172, "HITS@3m_new": 0.25113780232876887, "HITS@10m_new": 0.36221531970560317}