{"MRRm_new": 0.16730255029162655, "MRm_new": 642.8773575990439, "HITS@1m_new": 0.0942788842566777, "HITS@3m_new": 0.1786640485201031, "HITS@10m_new": 0.3140005308103282}