{"MRRm_new": 0.27116105494320525, "MRm_new": 620.3193904391229, "HITS@1m_new": 0.19080881832455635, "HITS@3m_new": 0.29073805622477084, "HITS@10m_new": 0.4344036665041931}