{"MRRm_new": 0.30596886708450255, "MRm_new": 612.3241754991859, "HITS@1m_new": 0.2258033959029708, "HITS@3m_new": 0.33749753660948406, "HITS@10m_new": 0.4603012619932524}