{"MRRm_new": 0.19824947875387297, "MRm_new": 234.48526453187466, "HITS@1m_new": 0.12397750282853376, "HITS@3m_new": 0.21604542839368807, "HITS@10m_new": 0.34527545966962353}