{"MRRm_new": 0.18845582971022487, "MRm_new": 532.559259542644, "HITS@1m_new": 0.12840894296177066, "HITS@3m_new": 0.19909163406026345, "HITS@10m_new": 0.3078145580108976}