{"MRRm_new": 0.18220029105636204, "MRm_new": 510.96579190974234, "HITS@1m_new": 0.10556377902482636, "HITS@3m_new": 0.19329781331915874, "HITS@10m_new": 0.3436105048802681}