{"MRRm_new": 0.11497235497590154, "MRm_new": 1211.7870400061606, "HITS@1m_new": 0.0666033908235724, "HITS@3m_new": 0.11927288019568659, "HITS@10m_new": 0.2119834594423417}