{"MRRm_new": 0.1218799968587482, "MRm_new": 376.1516414016962, "HITS@1m_new": 0.06936814415639382, "HITS@3m_new": 0.12356901207150077, "HITS@10m_new": 0.22228828848612028}