{"MRRm_new": 0.17131481731631265, "MRm_new": 311.46150745333733, "HITS@1m_new": 0.10138702242416184, "HITS@3m_new": 0.18422261791740674, "HITS@10m_new": 0.30738702674524393}