{"MRRm_new": 0.022440232102156187, "MRm_new": 4183.240050632179, "HITS@1m_new": 0.013430327827456495, "HITS@3m_new": 0.02184629979931924, "HITS@10m_new": 0.03549478671256657}