{"MRRm_new": 0.523771467312542, "MRm_new": 59.17034246571362, "HITS@1m_new": 0.39723851955868306, "HITS@3m_new": 0.6031136760092922, "HITS@10m_new": 0.7580478064153576}