{"MRRm_new": 0.1596460725146935, "MRm_new": 6152.935207320273, "HITS@1m_new": 0.09390868018043694, "HITS@3m_new": 0.17733193069323896, "HITS@10m_new": 0.29147419065702707}