{"MRRm_new": 0.23548217485288706, "MRm_new": 5292.090224461347, "HITS@1m_new": 0.16112207959813532, "HITS@3m_new": 0.2581602960615419, "HITS@10m_new": 0.38240423579176425}