{"MRRm_new": 0.0734950806067427, "MRm_new": 1820.3843850670576, "HITS@1m_new": 0.04008057396114455, "HITS@3m_new": 0.0765416540111415, "HITS@10m_new": 0.13559989599930122}