{"MRRm_new": 0.1835725324868463, "MRm_new": 864.7457993474603, "HITS@1m_new": 0.12022457480017329, "HITS@3m_new": 0.19925033626068034, "HITS@10m_new": 0.3099913643663749}