{"MRRm_new": 0.06465387165899447, "MRm_new": 2141.695127537632, "HITS@1m_new": 0.03257313986476511, "HITS@3m_new": 0.0633664939578157, "HITS@10m_new": 0.12747390907066874}