{"MRRm_new": 0.5214110919602308, "MRm_new": 74.11692591139675, "HITS@1m_new": 0.39412675075186415, "HITS@3m_new": 0.5991168730568024, "HITS@10m_new": 0.7578568627480418}