{"MRRm_new": 0.11609239463591511, "MRm_new": 1076.9095769580365, "HITS@1m_new": 0.0665248786733544, "HITS@3m_new": 0.11864779679413769, "HITS@10m_new": 0.21292187073600363}