{"MRRm_new": 0.06859093502947944, "MRm_new": 1888.314847061777, "HITS@1m_new": 0.03037678907746449, "HITS@3m_new": 0.07053094962509349, "HITS@10m_new": 0.1405502933762502}