{"MRRm_new": 0.1408929878639283, "MRm_new": 2852.175941903889, "HITS@1m_new": 0.08582429796586803, "HITS@3m_new": 0.14289899516286095, "HITS@10m_new": 0.25289230258151657}