{"MRRm_new": 0.09797347699091642, "MRm_new": 1672.4431037812085, "HITS@1m_new": 0.057510268539313986, "HITS@3m_new": 0.10501084518165589, "HITS@10m_new": 0.17672093825251795}