{"MRRm_new": 0.23440014967694514, "MRm_new": 797.5101987929344, "HITS@1m_new": 0.1430777826380654, "HITS@3m_new": 0.25970507935118803, "HITS@10m_new": 0.4268932956020581}