{"MRRm_new": 0.11304255198962491, "MRm_new": 324.97218068478105, "HITS@1m_new": 0.05987252885334892, "HITS@3m_new": 0.11602980373629834, "HITS@10m_new": 0.21406333541600034}