{"MRRm_new": 0.19123218230197336, "MRm_new": 5368.301103654385, "HITS@1m_new": 0.1353349750926718, "HITS@3m_new": 0.20800520938873523, "HITS@10m_new": 0.29905130317591827}