{"MRRm_new": 0.11140660429942509, "MRm_new": 453.61412312300206, "HITS@1m_new": 0.06257685050893343, "HITS@3m_new": 0.11449128785369685, "HITS@10m_new": 0.20359273140523582}