{"MRRm_new": 0.20164339821078028, "MRm_new": 638.7131989450693, "HITS@1m_new": 0.128359558715194, "HITS@3m_new": 0.21320759745598772, "HITS@10m_new": 0.35526320547936485}