{"MRRm_new": 0.07441891097033804, "MRm_new": 1837.6595526895046, "HITS@1m_new": 0.04102710240716115, "HITS@3m_new": 0.07744993713772856, "HITS@10m_new": 0.13508274815657642}