{"MRRm_new": 0.1578845707608657, "MRm_new": 6926.10848532921, "HITS@1m_new": 0.09363999075279571, "HITS@3m_new": 0.1746422918412136, "HITS@10m_new": 0.28914959704340437}