{"MRRm_new": 0.18146319443249231, "MRm_new": 388.7840087005377, "HITS@1m_new": 0.11726240015993826, "HITS@3m_new": 0.19949455587025733, "HITS@10m_new": 0.30503021523086354}