{"MRRm_new": 0.1310030125743665, "MRm_new": 8219.056048480154, "HITS@1m_new": 0.07775077726063319, "HITS@3m_new": 0.14304847231286114, "HITS@10m_new": 0.2353747979531181}