{"MRRm_new": 0.06765783962137357, "MRm_new": 1946.2586689450025, "HITS@1m_new": 0.031115258110826834, "HITS@3m_new": 0.0696360369760543, "HITS@10m_new": 0.13731611756947823}