{"MRRm_new": 0.27823812679496407, "MRm_new": 158.64044880183042, "HITS@1m_new": 0.1862428183795637, "HITS@3m_new": 0.30827560367541446, "HITS@10m_new": 0.46168255698517896}