{"MRRm_new": 0.19426938299281574, "MRm_new": 784.4751840972156, "HITS@1m_new": 0.12732525870113023, "HITS@3m_new": 0.2114669461413214, "HITS@10m_new": 0.3271863244566484}