{"MRRm_new": 0.15508113091439282, "MRm_new": 7321.423764547587, "HITS@1m_new": 0.09120442939118947, "HITS@3m_new": 0.16633729666128055, "HITS@10m_new": 0.2885876288380823}