{"MRRm_new": 0.17101524337335103, "MRm_new": 1457.7170196405352, "HITS@1m_new": 0.11461908826340368, "HITS@3m_new": 0.18786844796596416, "HITS@10m_new": 0.2773796772580245}