{"MRRm_new": 0.19097747968672502, "MRm_new": 5385.738773698568, "HITS@1m_new": 0.1348000629976741, "HITS@3m_new": 0.20979432554368396, "HITS@10m_new": 0.29731658429245}