{"MRRm_new": 0.11640724988094735, "MRm_new": 1654.5856307775973, "HITS@1m_new": 0.06439615547847934, "HITS@3m_new": 0.12205523728355765, "HITS@10m_new": 0.21593084280095062}