{"MRRm_new": 0.15814894063709653, "MRm_new": 1287.195106879145, "HITS@1m_new": 0.09348854984133505, "HITS@3m_new": 0.17354618233245855, "HITS@10m_new": 0.2918766222685226}