{"MRRm_new": 0.1074130157614045, "MRm_new": 2103.0956804715993, "HITS@1m_new": 0.07186798094148253, "HITS@3m_new": 0.11250657396471797, "HITS@10m_new": 0.17420528064294558}