{"MRRm_new": 0.21802104162996283, "MRm_new": 5558.092499278933, "HITS@1m_new": 0.15323121490963967, "HITS@3m_new": 0.23353405122971163, "HITS@10m_new": 0.3484243352356716}