{"MRRm_new": 0.39432247801660414, "MRm_new": 117.66473313219548, "HITS@1m_new": 0.28409910362465307, "HITS@3m_new": 0.4427529405702837, "HITS@10m_new": 0.6159611980616115}