{"MRRm_new": 0.2184100295662238, "MRm_new": 923.809429781802, "HITS@1m_new": 0.1558149784980269, "HITS@3m_new": 0.23957408855667017, "HITS@10m_new": 0.3367446242822334}