{"MRRm_new": 0.24092904886261748, "MRm_new": 4831.894727920681, "HITS@1m_new": 0.17015869037911763, "HITS@3m_new": 0.26451342970010594, "HITS@10m_new": 0.3786353666476789}