{"MRRm_new": 0.4143691593479918, "MRm_new": 98.41270185854435, "HITS@1m_new": 0.30247811625972393, "HITS@3m_new": 0.46499991782335565, "HITS@10m_new": 0.6344085154239089}