{"MRRm_new": 0.2387282814409341, "MRm_new": 5027.816337027192, "HITS@1m_new": 0.1683327904889593, "HITS@3m_new": 0.26339428365469214, "HITS@10m_new": 0.3746768336642417}