{"MRRm_new": 0.26094992441828846, "MRm_new": 638.8679372750223, "HITS@1m_new": 0.18508398867415962, "HITS@3m_new": 0.2780695129360538, "HITS@10m_new": 0.41243936863401903}