{"MRRm_new": 0.049419135410693704, "MRm_new": 2274.6583464092255, "HITS@1m_new": 0.02373609025462065, "HITS@3m_new": 0.050054132568399655, "HITS@10m_new": 0.09830073925978504}