{"MRRm_new": 0.11823295205104796, "MRm_new": 8860.907582968652, "HITS@1m_new": 0.07081766737054568, "HITS@3m_new": 0.12720862187055174, "HITS@10m_new": 0.21560148757247952}