{"MRRm_new": 0.4085492958179366, "MRm_new": 356.7928279724941, "HITS@1m_new": 0.31555026684430776, "HITS@3m_new": 0.44827029207429586, "HITS@10m_new": 0.5873418621311285}