{"MRRm_new": 0.3441904191708054, "MRm_new": 161.88774929926544, "HITS@1m_new": 0.2523717204276982, "HITS@3m_new": 0.3781721854592179, "HITS@10m_new": 0.5251203080044652}