{"MRRm_new": 0.08509909425331134, "MRm_new": 1769.1532883730888, "HITS@1m_new": 0.041492353655351324, "HITS@3m_new": 0.0883709443030879, "HITS@10m_new": 0.17418012742022984}