{"MRRm_new": 0.2379028933550444, "MRm_new": 4710.689892028421, "HITS@1m_new": 0.16663949608872644, "HITS@3m_new": 0.25608710729010636, "HITS@10m_new": 0.3813332287844387}