{"MRRm_new": 0.2110196640882159, "MRm_new": 6010.901984062403, "HITS@1m_new": 0.14898770820442586, "HITS@3m_new": 0.2291307087643072, "HITS@10m_new": 0.3351677671785583}