{"MRRm_new": 0.09507945133114845, "MRm_new": 1562.2808396687508, "HITS@1m_new": 0.05315113055885304, "HITS@3m_new": 0.09792312071435154, "HITS@10m_new": 0.17623012622024398}