{"MRRm_new": 0.04853478993272438, "MRm_new": 2375.6110032764195, "HITS@1m_new": 0.023090733992215246, "HITS@3m_new": 0.048455540870130064, "HITS@10m_new": 0.0955621477946639}