{"MRRm_new": 0.29776501295101115, "MRm_new": 632.3288912574649, "HITS@1m_new": 0.21902617587200437, "HITS@3m_new": 0.32456602763702175, "HITS@10m_new": 0.45049053878811535}