{"MRRm_new": 0.13370328838356954, "MRm_new": 8977.338578704595, "HITS@1m_new": 0.09748432157473871, "HITS@3m_new": 0.14427929434773978, "HITS@10m_new": 0.19713856445884448}