{"MRRm_new": 0.1451645333533059, "MRm_new": 268.1653430952072, "HITS@1m_new": 0.07838391746077687, "HITS@3m_new": 0.15424785502104787, "HITS@10m_new": 0.27683671696945095}