{"MRRm_new": 0.1660557777545866, "MRm_new": 636.6900032172204, "HITS@1m_new": 0.09266194077553228, "HITS@3m_new": 0.17686735154585914, "HITS@10m_new": 0.3140924145674333}