{"MRRm_new": 0.02551134961450225, "MRm_new": 3044.631725919038, "HITS@1m_new": 0.012453391537288553, "HITS@3m_new": 0.02420620911802689, "HITS@10m_new": 0.04604758210424916}