{"MRRm_new": 0.2976536453117051, "MRm_new": 640.1968682017624, "HITS@1m_new": 0.21868123281747467, "HITS@3m_new": 0.3279675300494746, "HITS@10m_new": 0.4488467989938545}