{"MRRm_new": 0.2785160727470793, "MRm_new": 578.0305261443556, "HITS@1m_new": 0.19603608389064903, "HITS@3m_new": 0.2989308303069556, "HITS@10m_new": 0.4437785820029676}