{"MRRm_new": 0.5151200262399179, "MRm_new": 69.93593358038366, "HITS@1m_new": 0.39102076419268267, "HITS@3m_new": 0.5888682464875165, "HITS@10m_new": 0.7472013493318809}