{"MRRm_new": 0.05913796481339159, "MRm_new": 2127.0600812195244, "HITS@1m_new": 0.035420156670930736, "HITS@3m_new": 0.05985540851024052, "HITS@10m_new": 0.10170166309754132}