{"MRRm_new": 0.03427386303033418, "MRm_new": 2806.7961068435907, "HITS@1m_new": 0.015818629808007974, "HITS@3m_new": 0.03444882457221975, "HITS@10m_new": 0.06682156361136586}