{"MRRm_new": 0.1041076835715412, "MRm_new": 2107.2494747815726, "HITS@1m_new": 0.06694285998744817, "HITS@3m_new": 0.11011167219500567, "HITS@10m_new": 0.1745281744870881}