{"MRRm_new": 0.09690456796877242, "MRm_new": 1209.5456049186737, "HITS@1m_new": 0.060400701802234835, "HITS@3m_new": 0.10011778521759697, "HITS@10m_new": 0.16305960056402546}