{"MRRm_new": 0.0684337532259533, "MRm_new": 2826.7855495119243, "HITS@1m_new": 0.046285446210458756, "HITS@3m_new": 0.07025640324856795, "HITS@10m_new": 0.1085554501407787}