{"MRRm_new": 0.16338560818070208, "MRm_new": 2444.069346997261, "HITS@1m_new": 0.10222262728508212, "HITS@3m_new": 0.17010790572183032, "HITS@10m_new": 0.28888755675625}