{"MRRm_new": 0.11355487051627279, "MRm_new": 1117.7008328965187, "HITS@1m_new": 0.0642565932729689, "HITS@3m_new": 0.11626634481673245, "HITS@10m_new": 0.2093124035232875}