{"MRRm_new": 0.14956685905137146, "MRm_new": 1366.6988176700622, "HITS@1m_new": 0.0881765936910233, "HITS@3m_new": 0.1627937083843426, "HITS@10m_new": 0.27521817845728946}