{"MRRm_new": 0.1639958305126579, "MRm_new": 2033.6586423411668, "HITS@1m_new": 0.10172195092617767, "HITS@3m_new": 0.17054747520794628, "HITS@10m_new": 0.2836661112954607}