{"MRRm_new": 0.07218318685858593, "MRm_new": 2739.72851241225, "HITS@1m_new": 0.04887785786340464, "HITS@3m_new": 0.07399631186842452, "HITS@10m_new": 0.11567763179393296}