{"MRRm_new": 0.0638884457099135, "MRm_new": 2067.8566149017333, "HITS@1m_new": 0.030964206160232426, "HITS@3m_new": 0.06452482307930477, "HITS@10m_new": 0.12669737433940173}