{"MRRm_new": 0.11440195830716257, "MRm_new": 1113.7503098888396, "HITS@1m_new": 0.06479297432745225, "HITS@3m_new": 0.11670235202658805, "HITS@10m_new": 0.21232253588938038}