{"MRRm_new": 0.10806302501954042, "MRm_new": 9169.2920719378, "HITS@1m_new": 0.06417842441413085, "HITS@3m_new": 0.11330858871527016, "HITS@10m_new": 0.19563272556802258}