{"MRRm_new": 0.1340815395906966, "MRm_new": 8982.229838665962, "HITS@1m_new": 0.09879240957822186, "HITS@3m_new": 0.14456255159364081, "HITS@10m_new": 0.19710632998720393}