{"MRRm_new": 0.22487463724617102, "MRm_new": 6464.242768571198, "HITS@1m_new": 0.1580092856012052, "HITS@3m_new": 0.242372208834684, "HITS@10m_new": 0.3576618749917252}