{"MRRm_new": 0.07465225359532196, "MRm_new": 1600.9028004900456, "HITS@1m_new": 0.039992729538911954, "HITS@3m_new": 0.0752356082927552, "HITS@10m_new": 0.14026393793843453}