{"MRRm_new": 0.24737752805958735, "MRm_new": 173.13888372290134, "HITS@1m_new": 0.1432758054278791, "HITS@3m_new": 0.2813314211079851, "HITS@10m_new": 0.4638799269711599}