{"MRRm_new": 0.2241548613935747, "MRm_new": 6044.249242271185, "HITS@1m_new": 0.1566052239825367, "HITS@3m_new": 0.2394983449567808, "HITS@10m_new": 0.3646880219277227}