{"MRRm_new": 0.343763790512523, "MRm_new": 105.06146875207126, "HITS@1m_new": 0.2391656207942724, "HITS@3m_new": 0.38719404249983197, "HITS@10m_new": 0.5512735876972583}