{"MRRm_new": 0.1254005261594284, "MRm_new": 1562.829253245163, "HITS@1m_new": 0.07048054046779871, "HITS@3m_new": 0.13177482145158573, "HITS@10m_new": 0.2330524354998488}