{"MRRm_new": 0.17612573389430616, "MRm_new": 232.570369511652, "HITS@1m_new": 0.102827172229212, "HITS@3m_new": 0.1905144021526212, "HITS@10m_new": 0.32167766163880007}