{"MRRm_new": 0.18255773181718496, "MRm_new": 1931.4319378574492, "HITS@1m_new": 0.11669946392854036, "HITS@3m_new": 0.1955213371905702, "HITS@10m_new": 0.30993410144573136}