{"MRRm_new": 0.15972775847414006, "MRm_new": 6769.384759979546, "HITS@1m_new": 0.09493223215662874, "HITS@3m_new": 0.1780409015736077, "HITS@10m_new": 0.2907233429690823}