{"MRRm_new": 0.13438923707577213, "MRm_new": 8791.506832824796, "HITS@1m_new": 0.0781274458328262, "HITS@3m_new": 0.1441677163145505, "HITS@10m_new": 0.2471596032048692}