{"MRRm_new": 0.11322344012895628, "MRm_new": 1396.434525736928, "HITS@1m_new": 0.05657698321421631, "HITS@3m_new": 0.11966124890544452, "HITS@10m_new": 0.22443451062650419}