{"MRRm_new": 0.04819934967323297, "MRm_new": 3517.453702007934, "HITS@1m_new": 0.03186800055680942, "HITS@3m_new": 0.0496579260951803, "HITS@10m_new": 0.07612413046831353}