{"MRRm_new": 0.1486324620993846, "MRm_new": 453.3701401424855, "HITS@1m_new": 0.08837688910427095, "HITS@3m_new": 0.15730152474011994, "HITS@10m_new": 0.26544809584558243}