{"MRRm_new": 0.11826992774107785, "MRm_new": 1636.2670100458622, "HITS@1m_new": 0.06717173483357765, "HITS@3m_new": 0.12159850164190866, "HITS@10m_new": 0.21825615632976406}