{"MRRm_new": 0.16341438485622348, "MRm_new": 2449.869838484317, "HITS@1m_new": 0.10203105897502973, "HITS@3m_new": 0.17097109641871067, "HITS@10m_new": 0.2911081411986233}