{"MRRm_new": 0.03322351097358387, "MRm_new": 3705.8817421758176, "HITS@1m_new": 0.021156995935187297, "HITS@3m_new": 0.032804600214021776, "HITS@10m_new": 0.05380107827457323}