{"MRRm_new": 0.15004048511938436, "MRm_new": 1371.7718620926291, "HITS@1m_new": 0.08943477735870692, "HITS@3m_new": 0.16304354934979345, "HITS@10m_new": 0.27540869616132113}