{"MRRm_new": 0.10123285083101109, "MRm_new": 1793.970515333727, "HITS@1m_new": 0.06481572969823901, "HITS@3m_new": 0.10557024016180366, "HITS@10m_new": 0.1727367306278611}