{"MRRm_new": 0.21177451009043724, "MRm_new": 165.82218993935584, "HITS@1m_new": 0.10281236898847855, "HITS@3m_new": 0.24496741243023426, "HITS@10m_new": 0.4462038620752282}