{"MRRm_new": 0.11515167882835667, "MRm_new": 314.608540277195, "HITS@1m_new": 0.060942002584203146, "HITS@3m_new": 0.1187518159653293, "HITS@10m_new": 0.22138884497000835}