{"MRRm_new": 0.22725953097128923, "MRm_new": 4550.831413201899, "HITS@1m_new": 0.1627409665271698, "HITS@3m_new": 0.24902792450465494, "HITS@10m_new": 0.35424634695859275}