{"MRRm_new": 0.08956543960570434, "MRm_new": 1888.0452258567066, "HITS@1m_new": 0.05501368036906933, "HITS@3m_new": 0.09395052200550708, "HITS@10m_new": 0.1536808902468183}