{"MRRm_new": 0.17933693922601743, "MRm_new": 1173.9190037665962, "HITS@1m_new": 0.1241801187378369, "HITS@3m_new": 0.1912080997585217, "HITS@10m_new": 0.2857894655229247}