{"MRRm_new": 0.23114044056058355, "MRm_new": 4546.474779519558, "HITS@1m_new": 0.16796897870479735, "HITS@3m_new": 0.25159145044127945, "HITS@10m_new": 0.35472210086591077}