{"MRRm_new": 0.0952527731487411, "MRm_new": 1581.993034761262, "HITS@1m_new": 0.053930544089595786, "HITS@3m_new": 0.0975384858530946, "HITS@10m_new": 0.176039518659655}