{"MRRm_new": 0.23924655822030583, "MRm_new": 299.3627476801276, "HITS@1m_new": 0.1647513952654772, "HITS@3m_new": 0.2580854849110619, "HITS@10m_new": 0.3837701981883729}