{"MRRm_new": 0.5732404714142196, "MRm_new": 1019.526903544243, "HITS@1m_new": 0.4756388216244069, "HITS@3m_new": 0.6354384760894976, "HITS@10m_new": 0.7536238174953296}