{"MRRm_new": 0.1937244348373133, "MRm_new": 7033.286157962978, "HITS@1m_new": 0.1362325868572807, "HITS@3m_new": 0.21139240223693195, "HITS@10m_new": 0.3079867504593567}