{"MRRm_new": 0.23859750633365912, "MRm_new": 4735.142102721631, "HITS@1m_new": 0.16780653624865227, "HITS@3m_new": 0.2569397748974152, "HITS@10m_new": 0.38221077065874126}