{"MRRm_new": 0.20671837940428123, "MRm_new": 6018.085280595303, "HITS@1m_new": 0.14487544011021963, "HITS@3m_new": 0.2211995858323644, "HITS@10m_new": 0.3393688623031485}