{"MRRm_new": 0.10742327225161626, "MRm_new": 8918.181182136894, "HITS@1m_new": 0.062498702951008456, "HITS@3m_new": 0.11597423555282876, "HITS@10m_new": 0.19447917347983457}