{"MRRm_new": 0.023416514368518618, "MRm_new": 4202.914451007902, "HITS@1m_new": 0.014103055076644524, "HITS@3m_new": 0.023313405071636227, "HITS@10m_new": 0.03889469289736371}