{"MRRm_new": 0.14272567454369892, "MRm_new": 518.2946652692407, "HITS@1m_new": 0.08489386294993528, "HITS@3m_new": 0.151198132390331, "HITS@10m_new": 0.2560122439164261}