{"MRRm_new": 0.1773873099517121, "MRm_new": 232.4456716508627, "HITS@1m_new": 0.10403824333949596, "HITS@3m_new": 0.1931377839531284, "HITS@10m_new": 0.32134622643245386}