{"MRRm_new": 0.19327719376932329, "MRm_new": 488.2429809609726, "HITS@1m_new": 0.12884258359900924, "HITS@3m_new": 0.20849213541032077, "HITS@10m_new": 0.3156963151259843}