{"MRRm_new": 0.5907582967964015, "MRm_new": 712.9215368570577, "HITS@1m_new": 0.49044931889554283, "HITS@3m_new": 0.6551403411223469, "HITS@10m_new": 0.7737902526585198}