{"MRRm_new": 0.20106027004882754, "MRm_new": 4736.737490031987, "HITS@1m_new": 0.1422463553752459, "HITS@3m_new": 0.2194183455358725, "HITS@10m_new": 0.310392648347246}