{"MRRm_new": 0.23719062132843466, "MRm_new": 324.6057870678231, "HITS@1m_new": 0.1629672978537492, "HITS@3m_new": 0.25709703768794134, "HITS@10m_new": 0.37808502454939297}