{"MRRm_new": 0.23580295893172296, "MRm_new": 768.53152851367, "HITS@1m_new": 0.14401947051750905, "HITS@3m_new": 0.26243159710839975, "HITS@10m_new": 0.4289329784930742}