{"MRRm_new": 0.4172868237382514, "MRm_new": 97.26574096028804, "HITS@1m_new": 0.3044621061001904, "HITS@3m_new": 0.47311052072257737, "HITS@10m_new": 0.6392735556220636}