{"MRRm_new": 0.13781961260326497, "MRm_new": 302.5515474937439, "HITS@1m_new": 0.080354975601146, "HITS@3m_new": 0.14370949242641218, "HITS@10m_new": 0.245788823895948}