{"MRRm_new": 0.2520145495175502, "MRm_new": 838.8943769535124, "HITS@1m_new": 0.1816414620447904, "HITS@3m_new": 0.2657129250790458, "HITS@10m_new": 0.39191277675365566}