{"MRRm_new": 0.17174711213850105, "MRm_new": 6623.191946477443, "HITS@1m_new": 0.09987271573016188, "HITS@3m_new": 0.1937177034165361, "HITS@10m_new": 0.3169639945473755}