{"MRRm_new": 0.141661302882108, "MRm_new": 2558.571066198647, "HITS@1m_new": 0.08682539344082761, "HITS@3m_new": 0.14637423764614504, "HITS@10m_new": 0.24527183404538663}