{"MRRm_new": 0.08658119678347703, "MRm_new": 2006.1039244644344, "HITS@1m_new": 0.05465116041785222, "HITS@3m_new": 0.0903374381675967, "HITS@10m_new": 0.1471337276631093}