{"MRRm_new": 0.20150974675139105, "MRm_new": 4735.896817521006, "HITS@1m_new": 0.1424351877208974, "HITS@3m_new": 0.22015807835763554, "HITS@10m_new": 0.31204758161574137}