{"MRRm_new": 0.753999992554147, "MRm_new": 33.086393137812614, "HITS@1m_new": 0.6692071168409893, "HITS@3m_new": 0.8164689763455827, "HITS@10m_new": 0.8959208707138314}