{"MRRm_new": 0.2479096440055787, "MRm_new": 631.6129986161292, "HITS@1m_new": 0.17426985521567986, "HITS@3m_new": 0.26628041148441844, "HITS@10m_new": 0.3920203026018571}