{"MRRm_new": 0.18217187507208438, "MRm_new": 507.181843188858, "HITS@1m_new": 0.10669740851598326, "HITS@3m_new": 0.19271124267608394, "HITS@10m_new": 0.3407159671267029}