{"MRRm_new": 0.1632448460356798, "MRm_new": 235.42532808713912, "HITS@1m_new": 0.0911079807416303, "HITS@3m_new": 0.1769054712752346, "HITS@10m_new": 0.30572944023697635}