{"MRRm_new": 0.09443877959801467, "MRm_new": 1412.3664186108826, "HITS@1m_new": 0.053570021622366036, "HITS@3m_new": 0.09577149259259458, "HITS@10m_new": 0.1739072073434014}