{"MRRm_new": 0.035661616132983, "MRm_new": 3571.427342369795, "HITS@1m_new": 0.021562107027457388, "HITS@3m_new": 0.03667284556395316, "HITS@10m_new": 0.05841973658491406}