{"MRRm_new": 0.20177157708939486, "MRm_new": 641.6975901889324, "HITS@1m_new": 0.12865406370782292, "HITS@3m_new": 0.212924100360414, "HITS@10m_new": 0.35461386524634436}