{"MRRm_new": 0.16800368029081436, "MRm_new": 656.8968783089399, "HITS@1m_new": 0.09524244945484679, "HITS@3m_new": 0.17817413665540516, "HITS@10m_new": 0.31748444018382577}