{"MRRm_new": 0.5879976714106282, "MRm_new": 786.222447542331, "HITS@1m_new": 0.48795673952890145, "HITS@3m_new": 0.6527554530309199, "HITS@10m_new": 0.7718826505666565}