{"MRRm_new": 0.09048826933101646, "MRm_new": 1914.7168703953178, "HITS@1m_new": 0.05640020302540506, "HITS@3m_new": 0.09496369138898444, "HITS@10m_new": 0.15255617392624846}