{"MRRm_new": 0.20187814538649398, "MRm_new": 638.7633926551819, "HITS@1m_new": 0.12878544963708846, "HITS@3m_new": 0.21325995581354945, "HITS@10m_new": 0.3546627747767605}