{"MRRm_new": 0.18750849851538443, "MRm_new": 1288.5115787538589, "HITS@1m_new": 0.12844196579898562, "HITS@3m_new": 0.20378286212851526, "HITS@10m_new": 0.3021183572797745}