{"MRRm_new": 0.13707680380649837, "MRm_new": 324.4744450455427, "HITS@1m_new": 0.08060457545162644, "HITS@3m_new": 0.1424751182480366, "HITS@10m_new": 0.24710562642948936}