{"MRRm_new": 0.109794131795049, "MRm_new": 2030.9625645549595, "HITS@1m_new": 0.07375840277052703, "HITS@3m_new": 0.11562216517216803, "HITS@10m_new": 0.17665669007534598}