{"MRRm_new": 0.162559500061785, "MRm_new": 6227.025237107426, "HITS@1m_new": 0.09557518903899473, "HITS@3m_new": 0.17941512999800033, "HITS@10m_new": 0.2988363672692794}