{"MRRm_new": 0.15535648273028782, "MRm_new": 906.134870628953, "HITS@1m_new": 0.09428160007578554, "HITS@3m_new": 0.16272100128794553, "HITS@10m_new": 0.2759379145996645}