{"MRRm_new": 0.16230360157609539, "MRm_new": 377.5013634702921, "HITS@1m_new": 0.10100240599461831, "HITS@3m_new": 0.17603705040928908, "HITS@10m_new": 0.2834421872005798}