{"MRRm_new": 0.3137365580765354, "MRm_new": 273.6296290729642, "HITS@1m_new": 0.2328592768769304, "HITS@3m_new": 0.3441789881247096, "HITS@10m_new": 0.46678300717985255}