{"MRRm_new": 0.14923733572852052, "MRm_new": 2208.0335711057783, "HITS@1m_new": 0.09169441657324205, "HITS@3m_new": 0.1542145552073489, "HITS@10m_new": 0.2616487220780691}