{"MRRm_new": 0.17528165559573972, "MRm_new": 279.0757399864644, "HITS@1m_new": 0.10419554047817292, "HITS@3m_new": 0.1886247997659375, "HITS@10m_new": 0.314254439025186}