{"MRRm_new": 0.16379009573116993, "MRm_new": 2035.3888348539174, "HITS@1m_new": 0.10134961339854635, "HITS@3m_new": 0.17020590149986675, "HITS@10m_new": 0.283826826394652}