{"MRRm_new": 0.2734313597633936, "MRm_new": 161.78612983490527, "HITS@1m_new": 0.17945269430124608, "HITS@3m_new": 0.30594979780513676, "HITS@10m_new": 0.45790144225285623}