{"MRRm_new": 0.2574043069889567, "MRm_new": 634.1141990902722, "HITS@1m_new": 0.18010467603389407, "HITS@3m_new": 0.2760658490958158, "HITS@10m_new": 0.4113046932416037}