{"MRRm_new": 0.13978028223246156, "MRm_new": 2913.598504525006, "HITS@1m_new": 0.08478834134232602, "HITS@3m_new": 0.14273758618696591, "HITS@10m_new": 0.2514162726175855}