{"MRRm_new": 0.16332627174655182, "MRm_new": 2442.2931916285156, "HITS@1m_new": 0.1024262957998435, "HITS@3m_new": 0.17136540210351814, "HITS@10m_new": 0.2914487815663306}