{"MRRm_new": 0.16607251063597095, "MRm_new": 6035.407406879574, "HITS@1m_new": 0.09672881459270138, "HITS@3m_new": 0.18214040424139238, "HITS@10m_new": 0.31077960148639977}