{"MRRm_new": 0.13100420185748818, "MRm_new": 8150.615606711715, "HITS@1m_new": 0.07544082240911666, "HITS@3m_new": 0.1451885704945307, "HITS@10m_new": 0.24491595626831986}