{"MRRm_new": 0.2358932249060872, "MRm_new": 284.24114536237715, "HITS@1m_new": 0.15965530158003094, "HITS@3m_new": 0.2603981119894597, "HITS@10m_new": 0.3826169020975649}