{"MRRm_new": 0.2354897221165047, "MRm_new": 5278.520073886097, "HITS@1m_new": 0.15947865532978903, "HITS@3m_new": 0.2601042613927275, "HITS@10m_new": 0.3846874285788508}