{"MRRm_new": 0.16802469951615512, "MRm_new": 1172.843171942517, "HITS@1m_new": 0.10953865129755286, "HITS@3m_new": 0.17836517643744082, "HITS@10m_new": 0.28613804280825933}