{"MRRm_new": 0.11261233879109786, "MRm_new": 1400.6217861762523, "HITS@1m_new": 0.055924934029998256, "HITS@3m_new": 0.11564584042150527, "HITS@10m_new": 0.227891859913012}