{"MRRm_new": 0.10954359795826121, "MRm_new": 8959.46812183422, "HITS@1m_new": 0.06361823772126808, "HITS@3m_new": 0.11720980268041603, "HITS@10m_new": 0.19990933133102953}