{"MRRm_new": 0.1739282482448334, "MRm_new": 289.4481212402731, "HITS@1m_new": 0.1029801532309757, "HITS@3m_new": 0.18673004711522662, "HITS@10m_new": 0.3124503607171646}