{"MRRm_new": 0.03454213079478177, "MRm_new": 3625.302891981676, "HITS@1m_new": 0.02089933596582705, "HITS@3m_new": 0.03492751845282328, "HITS@10m_new": 0.055943309376936666}