{"MRRm_new": 0.572308865169457, "MRm_new": 59.27076546278596, "HITS@1m_new": 0.42043343107614783, "HITS@3m_new": 0.6819890568171395, "HITS@10m_new": 0.8437185362286109}