{"MRRm_new": 0.07285777246809594, "MRm_new": 2052.2639469718692, "HITS@1m_new": 0.03787469203192741, "HITS@3m_new": 0.07344099886915646, "HITS@10m_new": 0.14143433424960822}