{"MRRm_new": 0.1848133122047775, "MRm_new": 1337.3945410091728, "HITS@1m_new": 0.12674433554023926, "HITS@3m_new": 0.20009334011015018, "HITS@10m_new": 0.2988218874695303}