{"MRRm_new": 0.31319853212937776, "MRm_new": 199.5055170455277, "HITS@1m_new": 0.2300585820816632, "HITS@3m_new": 0.33886318663496057, "HITS@10m_new": 0.4791430360172526}