{"MRRm_new": 0.0690092417959022, "MRm_new": 1942.6292243596554, "HITS@1m_new": 0.030106308191688733, "HITS@3m_new": 0.07231196985030547, "HITS@10m_new": 0.14052662546657957}