{"MRRm_new": 0.02855402948162282, "MRm_new": 2849.74826841411, "HITS@1m_new": 0.01371361595212511, "HITS@3m_new": 0.02739600276736019, "HITS@10m_new": 0.05266286704747472}