{"MRRm_new": 0.26613225376283983, "MRm_new": 808.4332072485984, "HITS@1m_new": 0.18808894170992427, "HITS@3m_new": 0.2817063515963382, "HITS@10m_new": 0.4275684045420494}