{"MRRm_new": 0.18604248415486926, "MRm_new": 857.0199270201922, "HITS@1m_new": 0.12230542001433788, "HITS@3m_new": 0.20128419788154134, "HITS@10m_new": 0.31180775282556716}