{"MRRm_new": 0.19142450100504066, "MRm_new": 498.6874401255369, "HITS@1m_new": 0.11495596527280286, "HITS@3m_new": 0.2021856646200642, "HITS@10m_new": 0.3433121379020158}