{"MRRm_new": 0.3476672085589507, "MRm_new": 101.91719222591817, "HITS@1m_new": 0.2434420535522222, "HITS@3m_new": 0.3915128889471816, "HITS@10m_new": 0.552899747780204}