{"MRRm_new": 0.2609380642749702, "MRm_new": 600.615714576304, "HITS@1m_new": 0.18225883000571047, "HITS@3m_new": 0.27958804980048446, "HITS@10m_new": 0.4198502031674143}