{"MRRm_new": 0.20422376085781344, "MRm_new": 187.39742812231182, "HITS@1m_new": 0.12496294967166614, "HITS@3m_new": 0.22097660631427424, "HITS@10m_new": 0.36067562824412014}