{"MRRm_new": 0.16285087569956158, "MRm_new": 1314.1178040517048, "HITS@1m_new": 0.11101792362941341, "HITS@3m_new": 0.17349669079882732, "HITS@10m_new": 0.2613628438812666}