{"MRRm_new": 0.26068079968861274, "MRm_new": 153.95516935311258, "HITS@1m_new": 0.16483075592033855, "HITS@3m_new": 0.29241671382680945, "HITS@10m_new": 0.44575438132160344}