{"MRRm_new": 0.24254077039319372, "MRm_new": 4837.642301900476, "HITS@1m_new": 0.17213561000447952, "HITS@3m_new": 0.2651076061103377, "HITS@10m_new": 0.3800962874807301}