{"MRRm_new": 0.15974193828196004, "MRm_new": 265.39246186094283, "HITS@1m_new": 0.09110349775368813, "HITS@3m_new": 0.17179255459965206, "HITS@10m_new": 0.2977454789429903}