{"MRRm_new": 0.12362554180919597, "MRm_new": 1683.868124986127, "HITS@1m_new": 0.0801853973006946, "HITS@3m_new": 0.13322001391170488, "HITS@10m_new": 0.20405183805015986}