{"MRRm_new": 0.18286416947434628, "MRm_new": 503.74636263144015, "HITS@1m_new": 0.10444404728013323, "HITS@3m_new": 0.19418486401604024, "HITS@10m_new": 0.35105821989374236}