{"MRRm_new": 0.07057590304409768, "MRm_new": 2709.9540876338033, "HITS@1m_new": 0.0451813965014735, "HITS@3m_new": 0.07259301955028787, "HITS@10m_new": 0.11776574146156053}