{"MRRm_new": 0.16822834478199947, "MRm_new": 654.5425177295447, "HITS@1m_new": 0.09564826844409108, "HITS@3m_new": 0.17829748084316963, "HITS@10m_new": 0.3169255545504857}