{"MRRm_new": 0.16143435498492772, "MRm_new": 6356.720235450714, "HITS@1m_new": 0.09441400765127037, "HITS@3m_new": 0.18229379459214395, "HITS@10m_new": 0.2945307846793439}