{"MRRm_new": 0.28005088028362934, "MRm_new": 904.3667634048835, "HITS@1m_new": 0.19900328441625606, "HITS@3m_new": 0.3113215917616908, "HITS@10m_new": 0.4352222325211624}