{"MRRm_new": 0.21193444088711566, "MRm_new": 5040.500770248413, "HITS@1m_new": 0.154865780298569, "HITS@3m_new": 0.2293075370952138, "HITS@10m_new": 0.31896010367936106}