{"MRRm_new": 0.22697495162833364, "MRm_new": 6274.53851181826, "HITS@1m_new": 0.1558421761584468, "HITS@3m_new": 0.2526436924145091, "HITS@10m_new": 0.3674648099745391}