{"MRRm_new": 0.13335597406679245, "MRm_new": 9170.758458245278, "HITS@1m_new": 0.0777989266780205, "HITS@3m_new": 0.1446641970076598, "HITS@10m_new": 0.24247450243425556}