{"MRRm_new": 0.02686874636691482, "MRm_new": 3043.912239104867, "HITS@1m_new": 0.013518521714227972, "HITS@3m_new": 0.025083047348671242, "HITS@10m_new": 0.04822773665405111}