{"MRRm_new": 0.09106697203592376, "MRm_new": 2376.4864215264024, "HITS@1m_new": 0.05817181609485124, "HITS@3m_new": 0.09610280085525665, "HITS@10m_new": 0.15132592749990725}