{"MRRm_new": 0.09023933456926753, "MRm_new": 1718.01689874022, "HITS@1m_new": 0.04213251658650115, "HITS@3m_new": 0.0970173589934595, "HITS@10m_new": 0.18082624914813786}