{"MRRm_new": 0.4746059519455225, "MRm_new": 1048.8439434576333, "HITS@1m_new": 0.3644612514507026, "HITS@3m_new": 0.5294362598322332, "HITS@10m_new": 0.6920917874854058}