{"MRRm_new": 0.10160166251156307, "MRm_new": 10848.09944593516, "HITS@1m_new": 0.06008940860116854, "HITS@3m_new": 0.1058291187568102, "HITS@10m_new": 0.18028511720604729}