{"MRRm_new": 0.21690939942916157, "MRm_new": 924.7404430724904, "HITS@1m_new": 0.1558722199419026, "HITS@3m_new": 0.23503480600600232, "HITS@10m_new": 0.3322032387025538}