{"MRRm_new": 0.14287282791317465, "MRm_new": 3343.4209832588435, "HITS@1m_new": 0.08900578829759616, "HITS@3m_new": 0.1515501589315536, "HITS@10m_new": 0.24939678369315516}