{"MRRm_new": 0.02923943631851398, "MRm_new": 2858.0437344569564, "HITS@1m_new": 0.014358631057453749, "HITS@3m_new": 0.02785774041331024, "HITS@10m_new": 0.05351651123847114}