{"MRRm_new": 0.06360812972740677, "MRm_new": 2937.6897148601265, "HITS@1m_new": 0.04048873313854347, "HITS@3m_new": 0.06707598771674747, "HITS@10m_new": 0.10440397837643105}