{"MRRm_new": 0.13644519173890785, "MRm_new": 8834.64409404102, "HITS@1m_new": 0.10015202130659599, "HITS@3m_new": 0.1473966643945314, "HITS@10m_new": 0.20206068406137637}