{"MRRm_new": 0.15753872736780977, "MRm_new": 2943.1484200193586, "HITS@1m_new": 0.10049337661305617, "HITS@3m_new": 0.16703316523887043, "HITS@10m_new": 0.2671760480767261}