{"MRRm_new": 0.10221352852212522, "MRm_new": 9370.642020930052, "HITS@1m_new": 0.059221340127987784, "HITS@3m_new": 0.11047535890480503, "HITS@10m_new": 0.18829580590786646}