{"MRRm_new": 0.6057408461453829, "MRm_new": 768.9949171128821, "HITS@1m_new": 0.5137695018939623, "HITS@3m_new": 0.6654435997132071, "HITS@10m_new": 0.7711116642118426}