{"MRRm_new": 0.12214829064116929, "MRm_new": 378.7430222426415, "HITS@1m_new": 0.06950328967663809, "HITS@3m_new": 0.12455889708398027, "HITS@10m_new": 0.22285618275824234}