{"MRRm_new": 0.030367766186071093, "MRm_new": 3072.0794719254973, "HITS@1m_new": 0.017509847970399277, "HITS@3m_new": 0.02880036943255254, "HITS@10m_new": 0.0516592822431121}