{"MRRm_new": 0.12484460016661114, "MRm_new": 9540.45447063762, "HITS@1m_new": 0.09499298482190352, "HITS@3m_new": 0.13169655867444818, "HITS@10m_new": 0.17838594495505095}