{"MRRm_new": 0.13591492237664124, "MRm_new": 8086.192550973416, "HITS@1m_new": 0.07934504893911071, "HITS@3m_new": 0.14579556352621875, "HITS@10m_new": 0.24965653563768136}