{"MRRm_new": 0.1695153166241158, "MRm_new": 280.5507333568573, "HITS@1m_new": 0.1011920370807522, "HITS@3m_new": 0.18236836917824112, "HITS@10m_new": 0.30483135449979454}