{"MRRm_new": 0.08058213722036307, "MRm_new": 1759.3919540647983, "HITS@1m_new": 0.04346089895614423, "HITS@3m_new": 0.08263944830158726, "HITS@10m_new": 0.15177759638568386}