{"MRRm_new": 0.06324101829988922, "MRm_new": 1585.4766428123266, "HITS@1m_new": 0.03580352179358306, "HITS@3m_new": 0.06358393324347708, "HITS@10m_new": 0.11301346132764593}