{"MRRm_new": 0.18293261554135598, "MRm_new": 1919.173207078755, "HITS@1m_new": 0.11735923303863093, "HITS@3m_new": 0.19524709806327883, "HITS@10m_new": 0.3119303688581131}