{"MRRm_new": 0.15467589459635783, "MRm_new": 404.24170042963027, "HITS@1m_new": 0.09473141544666142, "HITS@3m_new": 0.16684371543822343, "HITS@10m_new": 0.2708379662543535}