{"MRRm_new": 0.2888857625350465, "MRm_new": 830.5719124090001, "HITS@1m_new": 0.20636668967222796, "HITS@3m_new": 0.3188926529680903, "HITS@10m_new": 0.449179423765454}