{"MRRm_new": 0.16562631406034342, "MRm_new": 281.18534036278726, "HITS@1m_new": 0.09757511862161336, "HITS@3m_new": 0.1800302982497029, "HITS@10m_new": 0.2986444040205795}