{"MRRm_new": 0.1646925955185623, "MRm_new": 391.19688120963576, "HITS@1m_new": 0.1042611022166093, "HITS@3m_new": 0.1765642417101888, "HITS@10m_new": 0.2821311173414346}