{"MRRm_new": 0.20119432046987776, "MRm_new": 4750.536110158741, "HITS@1m_new": 0.14248908995330567, "HITS@3m_new": 0.22024333157998627, "HITS@10m_new": 0.3116626007508603}