{"MRRm_new": 0.11354543413370702, "MRm_new": 328.45696962165835, "HITS@1m_new": 0.05986633808414917, "HITS@3m_new": 0.11799043309775879, "HITS@10m_new": 0.21448618423207663}