{"MRRm_new": 0.20296355467543709, "MRm_new": 196.12400214014949, "HITS@1m_new": 0.12314175581211748, "HITS@3m_new": 0.21988587471985374, "HITS@10m_new": 0.3586675886036537}