{"MRRm_new": 0.1538835875451673, "MRm_new": 6967.394066251844, "HITS@1m_new": 0.1120176189878257, "HITS@3m_new": 0.16411102856229992, "HITS@10m_new": 0.23271789144925423}