{"MRRm_new": 0.031219843894996303, "MRm_new": 2999.1628108618706, "HITS@1m_new": 0.01716558989492478, "HITS@3m_new": 0.030072188474445285, "HITS@10m_new": 0.05385487906841445}