{"MRRm_new": 0.10855772422894806, "MRm_new": 1457.656997884798, "HITS@1m_new": 0.054224283485906195, "HITS@3m_new": 0.11369093877663836, "HITS@10m_new": 0.22016076255389488}