{"MRRm_new": 0.09825806156232866, "MRm_new": 1240.1515217081785, "HITS@1m_new": 0.05093963365810341, "HITS@3m_new": 0.10306838064140757, "HITS@10m_new": 0.18823331433236598}