{"MRRm_new": 0.35399599124654285, "MRm_new": 160.32946329055727, "HITS@1m_new": 0.26278176468168385, "HITS@3m_new": 0.39037332523215446, "HITS@10m_new": 0.5303236147305579}