{"MRRm_new": 0.05887783629220939, "MRm_new": 2082.7004608561037, "HITS@1m_new": 0.03013050156100653, "HITS@3m_new": 0.060947359491558745, "HITS@10m_new": 0.1105576661746949}