{"MRRm_new": 0.33379311651001536, "MRm_new": 363.93291766472163, "HITS@1m_new": 0.23188077042137592, "HITS@3m_new": 0.37158270563951007, "HITS@10m_new": 0.5412481957759446}