{"MRRm_new": 0.168981905653156, "MRm_new": 6302.0228585072455, "HITS@1m_new": 0.09802133357472485, "HITS@3m_new": 0.19015633545740274, "HITS@10m_new": 0.31234719944035166}