{"MRRm_new": 0.23806168894804522, "MRm_new": 5485.708352621794, "HITS@1m_new": 0.16243210051674395, "HITS@3m_new": 0.2655666597724194, "HITS@10m_new": 0.3916729013846489}