{"MRRm_new": 0.1449326821232462, "MRm_new": 772.993670759201, "HITS@1m_new": 0.0796248768186546, "HITS@3m_new": 0.15315702378097923, "HITS@10m_new": 0.27711545772179963}