{"MRRm_new": 0.11545491617391526, "MRm_new": 1214.508916757345, "HITS@1m_new": 0.06676379258317175, "HITS@3m_new": 0.12144011112959124, "HITS@10m_new": 0.21261651859944686}