{"MRRm_new": 0.09717545920148404, "MRm_new": 1853.683291762039, "HITS@1m_new": 0.061591959463803504, "HITS@3m_new": 0.10180202038742572, "HITS@10m_new": 0.1640860791414525}