{"MRRm_new": 0.313600131805445, "MRm_new": 197.112535062626, "HITS@1m_new": 0.23014430234447356, "HITS@3m_new": 0.33998743427585215, "HITS@10m_new": 0.47976671967309087}