{"MRRm_new": 0.16991608673628708, "MRm_new": 6577.539940066337, "HITS@1m_new": 0.1244079268854839, "HITS@3m_new": 0.18275538435493946, "HITS@10m_new": 0.25822012589286897}