{"MRRm_new": 0.21345317777555692, "MRm_new": 5865.973967310369, "HITS@1m_new": 0.1483606061437167, "HITS@3m_new": 0.23307662103325127, "HITS@10m_new": 0.34476826754416107}