{"MRRm_new": 0.10692430864815251, "MRm_new": 1448.8617116437674, "HITS@1m_new": 0.055262410307861866, "HITS@3m_new": 0.10988920942666008, "HITS@10m_new": 0.21183897068123334}