{"MRRm_new": 0.3133300438697943, "MRm_new": 195.235658229433, "HITS@1m_new": 0.2300747178516467, "HITS@3m_new": 0.3394034878373059, "HITS@10m_new": 0.4797176799263689}