{"MRRm_new": 0.19581641241169126, "MRm_new": 673.7440722769976, "HITS@1m_new": 0.12433373962262413, "HITS@3m_new": 0.20896393708558753, "HITS@10m_new": 0.34511168401171455}