{"MRRm_new": 0.30599018653810345, "MRm_new": 182.45576814668627, "HITS@1m_new": 0.2232920485059076, "HITS@3m_new": 0.33084803866173024, "HITS@10m_new": 0.47093265909677573}