{"MRRm_new": 0.11805512998402992, "MRm_new": 1584.4454087548495, "HITS@1m_new": 0.06727527585201896, "HITS@3m_new": 0.12149545063218102, "HITS@10m_new": 0.21894824761846102}