{"MRRm_new": 0.23727571927446162, "MRm_new": 4783.974368007809, "HITS@1m_new": 0.16653958384529688, "HITS@3m_new": 0.25555169396538985, "HITS@10m_new": 0.38189202913764164}