{"MRRm_new": 0.1145718471659261, "MRm_new": 8786.606663202316, "HITS@1m_new": 0.06767635584168602, "HITS@3m_new": 0.12208108478470239, "HITS@10m_new": 0.21018538441881537}