{"MRRm_new": 0.17230437363635245, "MRm_new": 310.87378082588316, "HITS@1m_new": 0.10254045504615351, "HITS@3m_new": 0.18435535101329878, "HITS@10m_new": 0.3087558708109136}