{"MRRm_new": 0.22065637174491076, "MRm_new": 5377.445853057831, "HITS@1m_new": 0.15574699540797154, "HITS@3m_new": 0.2342734987376025, "HITS@10m_new": 0.352361739385582}