{"MRRm_new": 0.24367285841284228, "MRm_new": 793.2062914792299, "HITS@1m_new": 0.1657046009899932, "HITS@3m_new": 0.26094130594935266, "HITS@10m_new": 0.3972437341574114}