{"MRRm_new": 0.11879420576656685, "MRm_new": 745.1386817558855, "HITS@1m_new": 0.0702397474400168, "HITS@3m_new": 0.12337013530184049, "HITS@10m_new": 0.21338008205790537}