{"MRRm_new": 0.2075294340139776, "MRm_new": 5770.696438230872, "HITS@1m_new": 0.1457467611193424, "HITS@3m_new": 0.22188552767637884, "HITS@10m_new": 0.3358169783381163}