{"MRRm_new": 0.21486299119816432, "MRm_new": 958.0350777593329, "HITS@1m_new": 0.1546510675322643, "HITS@3m_new": 0.23300038389794644, "HITS@10m_new": 0.32988479334220755}