{"MRRm_new": 0.08872514740280349, "MRm_new": 1857.844989734143, "HITS@1m_new": 0.05142232655154658, "HITS@3m_new": 0.09453369150478101, "HITS@10m_new": 0.1605425499730045}