{"MRRm_new": 0.26326659776996075, "MRm_new": 603.0241232355237, "HITS@1m_new": 0.18601431102532662, "HITS@3m_new": 0.28061694226705003, "HITS@10m_new": 0.4190837461280171}