{"MRRm_new": 0.10596400430932226, "MRm_new": 10327.70322153744, "HITS@1m_new": 0.08225208353696507, "HITS@3m_new": 0.11160016574047041, "HITS@10m_new": 0.14646134828217328}