{"MRRm_new": 0.1900257681162443, "MRm_new": 5346.81894960159, "HITS@1m_new": 0.13314630362641766, "HITS@3m_new": 0.20741436986561165, "HITS@10m_new": 0.2993350458348286}