{"MRRm_new": 0.4043867034442092, "MRm_new": 195.24474912855774, "HITS@1m_new": 0.32083821841151805, "HITS@3m_new": 0.43946467000665146, "HITS@10m_new": 0.5667082602664013}