{"MRRm_new": 0.11958700977287517, "MRm_new": 1062.3577666327, "HITS@1m_new": 0.06661399805736146, "HITS@3m_new": 0.12507198348728707, "HITS@10m_new": 0.22598101716457167}