{"MRRm_new": 0.4078476149380149, "MRm_new": 357.9568184126094, "HITS@1m_new": 0.31498837058691426, "HITS@3m_new": 0.4488341706230349, "HITS@10m_new": 0.5852666875631403}