{"MRRm_new": 0.09075438536038127, "MRm_new": 1599.1192011446237, "HITS@1m_new": 0.05007783038038761, "HITS@3m_new": 0.09248077345663915, "HITS@10m_new": 0.17052438979686704}