{"MRRm_new": 0.15123002132951843, "MRm_new": 1349.7683871750385, "HITS@1m_new": 0.0884360683509949, "HITS@3m_new": 0.16624783283448777, "HITS@10m_new": 0.27906639080028983}