{"MRRm_new": 0.2368363852979278, "MRm_new": 5476.054670989245, "HITS@1m_new": 0.16038118415989447, "HITS@3m_new": 0.2650890588859329, "HITS@10m_new": 0.3908496043770574}