{"MRRm_new": 0.22017683718746683, "MRm_new": 6148.1154863750635, "HITS@1m_new": 0.15272597540414426, "HITS@3m_new": 0.2356013237182051, "HITS@10m_new": 0.3591061348894145}