{"MRRm_new": 0.23576866209305264, "MRm_new": 5288.171367756665, "HITS@1m_new": 0.16161418005113956, "HITS@3m_new": 0.25819612605893055, "HITS@10m_new": 0.38433125491382086}