{"MRRm_new": 0.02877157716230704, "MRm_new": 2904.8601981375514, "HITS@1m_new": 0.014307603159737482, "HITS@3m_new": 0.027157293606622262, "HITS@10m_new": 0.05347399958170718}