{"MRRm_new": 0.24066481301712248, "MRm_new": 829.4346341988743, "HITS@1m_new": 0.1657074996168958, "HITS@3m_new": 0.25557723130262455, "HITS@10m_new": 0.3886792414867086}