{"MRRm_new": 0.15318249212759547, "MRm_new": 269.479328690958, "HITS@1m_new": 0.08556480650017038, "HITS@3m_new": 0.16279492831574752, "HITS@10m_new": 0.2886001497159246}