{"MRRm_new": 0.24902139859461295, "MRm_new": 562.6226270867437, "HITS@1m_new": 0.16304319409208984, "HITS@3m_new": 0.2751552220350932, "HITS@10m_new": 0.42517730012167887}