{"MRRm_new": 0.1768729105962615, "MRm_new": 232.38882886397838, "HITS@1m_new": 0.1036315131813346, "HITS@3m_new": 0.19105287085447925, "HITS@10m_new": 0.32248990057357585}