{"MRRm_new": 0.7886542830550098, "MRm_new": 28.165281827386014, "HITS@1m_new": 0.6938726288982744, "HITS@3m_new": 0.8704607092693906, "HITS@10m_new": 0.9353038840203599}