{"MRRm_new": 0.16619950348284473, "MRm_new": 660.626547699213, "HITS@1m_new": 0.09409658680809661, "HITS@3m_new": 0.17656012881379574, "HITS@10m_new": 0.3135311879428104}