{"MRRm_new": 0.0716233666534521, "MRm_new": 1942.6254730732203, "HITS@1m_new": 0.03426761223278008, "HITS@3m_new": 0.07320220003952273, "HITS@10m_new": 0.13946165212909692}