{"MRRm_new": 0.13554085102459795, "MRm_new": 1533.8255747526139, "HITS@1m_new": 0.08611060332601118, "HITS@3m_new": 0.14349364584217983, "HITS@10m_new": 0.23562593974153787}