{"MRRm_new": 0.06352646081393613, "MRm_new": 2145.5049280098438, "HITS@1m_new": 0.031343916836753485, "HITS@3m_new": 0.06354524873252958, "HITS@10m_new": 0.12250275032399223}