{"MRRm_new": 0.27148810387133016, "MRm_new": 938.9865926869064, "HITS@1m_new": 0.19309414585426565, "HITS@3m_new": 0.2991177000832977, "HITS@10m_new": 0.42504916074583887}