{"MRRm_new": 0.1007274273670133, "MRm_new": 534.1617430353165, "HITS@1m_new": 0.054790521407267076, "HITS@3m_new": 0.10311797245942289, "HITS@10m_new": 0.18617192162323046}