{"MRRm_new": 0.17790591522059257, "MRm_new": 232.91139392762184, "HITS@1m_new": 0.10515143190416275, "HITS@3m_new": 0.1939436999558704, "HITS@10m_new": 0.320949317350192}