{"MRRm_new": 0.18163292090210642, "MRm_new": 1929.2782610297204, "HITS@1m_new": 0.11582533760710793, "HITS@3m_new": 0.19358665015354928, "HITS@10m_new": 0.3116105632148101}