{"MRRm_new": 0.32801819779960534, "MRm_new": 386.35656191675366, "HITS@1m_new": 0.22521439507823016, "HITS@3m_new": 0.3680622835464892, "HITS@10m_new": 0.5368370059904409}