{"MRRm_new": 0.08823290110535253, "MRm_new": 1777.7435126511157, "HITS@1m_new": 0.050693264798675954, "HITS@3m_new": 0.09374068806774448, "HITS@10m_new": 0.15923905023443513}