{"MRRm_new": 0.12935061778589443, "MRm_new": 8623.860081203937, "HITS@1m_new": 0.0763890223489143, "HITS@3m_new": 0.13879927777207923, "HITS@10m_new": 0.23407581228326307}