{"MRRm_new": 0.03534997596526136, "MRm_new": 2844.1389525303543, "HITS@1m_new": 0.019976230898253563, "HITS@3m_new": 0.034413803353036204, "HITS@10m_new": 0.05991313925218856}