{"MRRm_new": 0.15420270686358162, "MRm_new": 8578.972081240565, "HITS@1m_new": 0.09296882126439596, "HITS@3m_new": 0.16522499418543884, "HITS@10m_new": 0.28033808785979636}