{"MRRm_new": 0.20093762204935456, "MRm_new": 4733.170720056474, "HITS@1m_new": 0.14227165721077473, "HITS@3m_new": 0.21953166060423246, "HITS@10m_new": 0.31262827638792806}