{"MRRm_new": 0.09601609473470489, "MRm_new": 2140.417299250692, "HITS@1m_new": 0.061314878378168944, "HITS@3m_new": 0.10006958606361513, "HITS@10m_new": 0.16364311971741335}