{"MRRm_new": 0.13638328899906765, "MRm_new": 8743.890384788632, "HITS@1m_new": 0.09839199230194208, "HITS@3m_new": 0.1466457879067748, "HITS@10m_new": 0.21109185008591158}