{"MRRm_new": 0.16412223527411016, "MRm_new": 2444.199718768865, "HITS@1m_new": 0.1028353149346949, "HITS@3m_new": 0.17037121594528434, "HITS@10m_new": 0.29246024992559977}