{"MRRm_new": 0.09181900164880244, "MRm_new": 1765.1877235828192, "HITS@1m_new": 0.06212021288546384, "HITS@3m_new": 0.09398458998586284, "HITS@10m_new": 0.1461250675507472}