{"MRRm_new": 0.12253022214714583, "MRm_new": 1103.595148051691, "HITS@1m_new": 0.07219167013210244, "HITS@3m_new": 0.1276262639664812, "HITS@10m_new": 0.22341134465610377}