{"MRRm_new": 0.1907825384087446, "MRm_new": 5414.503887266516, "HITS@1m_new": 0.1351148561151349, "HITS@3m_new": 0.20864869402715702, "HITS@10m_new": 0.29599981988209767}