{"MRRm_new": 0.09586048290567123, "MRm_new": 1202.0714675963222, "HITS@1m_new": 0.05902730105910814, "HITS@3m_new": 0.10019050764846907, "HITS@10m_new": 0.16421846081898547}