{"MRRm_new": 0.17164233580207655, "MRm_new": 232.06532585687637, "HITS@1m_new": 0.09944086757828481, "HITS@3m_new": 0.18544985619597137, "HITS@10m_new": 0.3177368895091582}