{"MRRm_new": 0.18642930844089278, "MRm_new": 273.9364325906485, "HITS@1m_new": 0.10955901133368025, "HITS@3m_new": 0.20525412189820053, "HITS@10m_new": 0.3373602421739197}