{"MRRm_new": 0.11355189360460499, "MRm_new": 1398.7929725943088, "HITS@1m_new": 0.057020815261499956, "HITS@3m_new": 0.1172178048601374, "HITS@10m_new": 0.22670299705090002}