{"MRRm_new": 0.13950045128194052, "MRm_new": 1575.6811831727773, "HITS@1m_new": 0.09399277171671928, "HITS@3m_new": 0.14734232767247885, "HITS@10m_new": 0.22620242860070358}