{"MRRm_new": 0.19279622360728443, "MRm_new": 861.81072268413, "HITS@1m_new": 0.11605299616415868, "HITS@3m_new": 0.2111995481003105, "HITS@10m_new": 0.3530674300992105}