{"MRRm_new": 0.16042581155991137, "MRm_new": 6594.150087450832, "HITS@1m_new": 0.09381891221564728, "HITS@3m_new": 0.1793219594596885, "HITS@10m_new": 0.2911603757834528}