{"MRRm_new": 0.16693863308690196, "MRm_new": 1469.7728528933078, "HITS@1m_new": 0.11268157164307195, "HITS@3m_new": 0.18157478232655558, "HITS@10m_new": 0.2701203601613815}