{"MRRm_new": 0.2275972284580771, "MRm_new": 634.6909935352802, "HITS@1m_new": 0.14913306617506897, "HITS@3m_new": 0.2442369178578083, "HITS@10m_new": 0.38369968419062206}