{"MRRm_new": 0.17643516335928552, "MRm_new": 1939.5039367305935, "HITS@1m_new": 0.11221699788799742, "HITS@3m_new": 0.18800386530408286, "HITS@10m_new": 0.3019366481519537}