{"MRRm_new": 0.17532460833068908, "MRm_new": 772.8511470595598, "HITS@1m_new": 0.10889985304233851, "HITS@3m_new": 0.18738904565027914, "HITS@10m_new": 0.31456247287425215}