{"MRRm_new": 0.24894062619820942, "MRm_new": 561.0167061017752, "HITS@1m_new": 0.16363196723667353, "HITS@3m_new": 0.2732638958812095, "HITS@10m_new": 0.42290447341337856}