{"MRRm_new": 0.14166618749299523, "MRm_new": 785.9011853449344, "HITS@1m_new": 0.07702574106223183, "HITS@3m_new": 0.14921199881851208, "HITS@10m_new": 0.2686614771392196}