{"MRRm_new": 0.14254233831764668, "MRm_new": 521.35144666183, "HITS@1m_new": 0.08493463574961424, "HITS@3m_new": 0.1513132040994824, "HITS@10m_new": 0.25495727130162416}