{"MRRm_new": 0.16766154743079242, "MRm_new": 656.1655868011951, "HITS@1m_new": 0.09705492872220929, "HITS@3m_new": 0.17293975834697484, "HITS@10m_new": 0.31556295412653124}