{"MRRm_new": 0.778139614473701, "MRm_new": 36.31967692747712, "HITS@1m_new": 0.7147647359399125, "HITS@3m_new": 0.818363079670351, "HITS@10m_new": 0.8925494633605704}