{"MRRm_new": 0.026233325974373656, "MRm_new": 3199.534806504011, "HITS@1m_new": 0.014696554673362698, "HITS@3m_new": 0.023912176369281953, "HITS@10m_new": 0.04417963022379263}