{"MRRm_new": 0.12339931830296409, "MRm_new": 1549.4041127833605, "HITS@1m_new": 0.06990314684719778, "HITS@3m_new": 0.1305628029024694, "HITS@10m_new": 0.22684545543510468}