{"MRRm_new": 0.11242773283859715, "MRm_new": 336.6998055204153, "HITS@1m_new": 0.0595144855283841, "HITS@3m_new": 0.11557753738490864, "HITS@10m_new": 0.21804321241267025}