{"MRRm_new": 0.2623746304263932, "MRm_new": 796.9597236962915, "HITS@1m_new": 0.1839750900786894, "HITS@3m_new": 0.27904242236644494, "HITS@10m_new": 0.4251075349976309}