{"MRRm_new": 0.22970093873532416, "MRm_new": 4442.163993945212, "HITS@1m_new": 0.16516247327128075, "HITS@3m_new": 0.2532199601336615, "HITS@10m_new": 0.3552592941593903}