{"MRRm_new": 0.15286152614727325, "MRm_new": 7126.550056727886, "HITS@1m_new": 0.11202438435616205, "HITS@3m_new": 0.16279204502055655, "HITS@10m_new": 0.2277114441061858}