{"MRRm_new": 0.07283919759637865, "MRm_new": 2716.0891740722955, "HITS@1m_new": 0.04915023020810986, "HITS@3m_new": 0.07532399339937547, "HITS@10m_new": 0.11608731616169461}