{"MRRm_new": 0.1833747709088011, "MRm_new": 1370.737452194527, "HITS@1m_new": 0.1255856118759548, "HITS@3m_new": 0.200407895026583, "HITS@10m_new": 0.2944573046763253}