{"MRRm_new": 0.24296068092860287, "MRm_new": 4826.443331910998, "HITS@1m_new": 0.17308146450907225, "HITS@3m_new": 0.2646260648499592, "HITS@10m_new": 0.3802695748481783}