{"MRRm_new": 0.1774328440088625, "MRm_new": 1936.5093863587379, "HITS@1m_new": 0.11367121907824185, "HITS@3m_new": 0.18887442672724136, "HITS@10m_new": 0.30325502954772676}