{"MRRm_new": 0.12148833201762463, "MRm_new": 1078.6123909092425, "HITS@1m_new": 0.06714216293588397, "HITS@3m_new": 0.12896511455655563, "HITS@10m_new": 0.22843486873994115}