{"MRRm_new": 0.293330491288747, "MRm_new": 130.17986711271107, "HITS@1m_new": 0.187692252336783, "HITS@3m_new": 0.33593016691879896, "HITS@10m_new": 0.4988184841951297}