{"MRRm_new": 0.07403454558215308, "MRm_new": 1831.816864677286, "HITS@1m_new": 0.0406487956172321, "HITS@3m_new": 0.07692428582012653, "HITS@10m_new": 0.13471138408494882}