{"MRRm_new": 0.2335443354314052, "MRm_new": 5443.797988310277, "HITS@1m_new": 0.16115609331673478, "HITS@3m_new": 0.2565214884022716, "HITS@10m_new": 0.378325893413974}