{"MRRm_new": 0.09452821453238722, "MRm_new": 1535.6113766161204, "HITS@1m_new": 0.05238494306181092, "HITS@3m_new": 0.0973623312830925, "HITS@10m_new": 0.1761008507011691}