{"MRRm_new": 0.3080718167806863, "MRm_new": 134.8086672863215, "HITS@1m_new": 0.20744167123240187, "HITS@3m_new": 0.34596954753654424, "HITS@10m_new": 0.5073899778675114}