{"MRRm_new": 0.17629704278095915, "MRm_new": 1944.0991358492672, "HITS@1m_new": 0.11196155427099438, "HITS@3m_new": 0.18710030977314454, "HITS@10m_new": 0.3022770082213683}