{"MRRm_new": 0.2209470823477177, "MRm_new": 5355.234020994544, "HITS@1m_new": 0.1563939513497171, "HITS@3m_new": 0.23508028434519657, "HITS@10m_new": 0.35528996019315673}