{"MRRm_new": 0.23778859693174537, "MRm_new": 4772.077284610123, "HITS@1m_new": 0.16689344600308686, "HITS@3m_new": 0.25572600586665795, "HITS@10m_new": 0.38178043055703165}