{"MRRm_new": 0.44394386905018746, "MRm_new": 102.40045693691074, "HITS@1m_new": 0.349877778508162, "HITS@3m_new": 0.48882788130316474, "HITS@10m_new": 0.6234817539233918}