{"MRRm_new": 0.1372774733202641, "MRm_new": 8708.7473227987, "HITS@1m_new": 0.09880852316194796, "HITS@3m_new": 0.1475911006423994, "HITS@10m_new": 0.2102451488187362}