{"MRRm_new": 0.13561877920275148, "MRm_new": 324.4435222114801, "HITS@1m_new": 0.07873505663034738, "HITS@3m_new": 0.1417649323321064, "HITS@10m_new": 0.24585248160402406}