{"MRRm_new": 0.4106345122840303, "MRm_new": 348.3320046127513, "HITS@1m_new": 0.317623812199563, "HITS@3m_new": 0.4511090355351189, "HITS@10m_new": 0.589482360560738}