{"MRRm_new": 0.16616593672377802, "MRm_new": 6162.398019175351, "HITS@1m_new": 0.0978927000563126, "HITS@3m_new": 0.18119027892802841, "HITS@10m_new": 0.31007494721980766}