{"MRRm_new": 0.16889326643695948, "MRm_new": 1151.4719086910486, "HITS@1m_new": 0.11003028936377086, "HITS@3m_new": 0.17909635986404102, "HITS@10m_new": 0.28847541557494333}