{"MRRm_new": 0.12387756510072795, "MRm_new": 358.36162822844983, "HITS@1m_new": 0.06976194473382202, "HITS@3m_new": 0.12769814166818397, "HITS@10m_new": 0.22611500190710648}