{"MRRm_new": 0.09986631679969432, "MRm_new": 1887.5193291520118, "HITS@1m_new": 0.056166953797265884, "HITS@3m_new": 0.10371477264058776, "HITS@10m_new": 0.1859597051740624}