{"MRRm_new": 0.20720677912660904, "MRm_new": 5889.230505616486, "HITS@1m_new": 0.14596035156736617, "HITS@3m_new": 0.2223742727158242, "HITS@10m_new": 0.33245013170939636}