{"MRRm_new": 0.09531649347915573, "MRm_new": 1224.3003637069166, "HITS@1m_new": 0.059257372235464574, "HITS@3m_new": 0.09856876433273283, "HITS@10m_new": 0.16222792450829002}