{"MRRm_new": 0.09420512432922988, "MRm_new": 1954.1784841240406, "HITS@1m_new": 0.05272248747125268, "HITS@3m_new": 0.09669706113939174, "HITS@10m_new": 0.17234743681857362}