{"MRRm_new": 0.1173035858475414, "MRm_new": 1661.6703113444566, "HITS@1m_new": 0.06618409213121049, "HITS@3m_new": 0.12017757621668279, "HITS@10m_new": 0.21808753222050145}