{"MRRm_new": 0.1029570954002652, "MRm_new": 9248.673373652011, "HITS@1m_new": 0.06101203124888707, "HITS@3m_new": 0.10762226603197632, "HITS@10m_new": 0.18591251583740814}