{"MRRm_new": 0.1906978762721883, "MRm_new": 275.4811333461106, "HITS@1m_new": 0.11553167170348025, "HITS@3m_new": 0.20814553360998253, "HITS@10m_new": 0.3396611953733227}