{"MRRm_new": 0.24544124669021403, "MRm_new": 579.4293663747162, "HITS@1m_new": 0.16045669031769286, "HITS@3m_new": 0.2717578533946871, "HITS@10m_new": 0.41806883549794294}