{"MRRm_new": 0.12103200534053904, "MRm_new": 1065.735789009905, "HITS@1m_new": 0.06728823977049324, "HITS@3m_new": 0.1267499101224821, "HITS@10m_new": 0.22537368650481804}