{"MRRm_new": 0.2619828848851239, "MRm_new": 805.7301966669858, "HITS@1m_new": 0.18393319139053346, "HITS@3m_new": 0.2816582449335256, "HITS@10m_new": 0.4169858027766459}