{"MRRm_new": 0.26008881074328793, "MRm_new": 634.8747662737966, "HITS@1m_new": 0.1840099549339502, "HITS@3m_new": 0.27844631572114303, "HITS@10m_new": 0.4129574475241825}