{"MRRm_new": 0.24037754132153533, "MRm_new": 4959.160761552692, "HITS@1m_new": 0.1704189126935089, "HITS@3m_new": 0.26090343579178443, "HITS@10m_new": 0.3777666506871465}