{"MRRm_new": 0.09522390574208475, "MRm_new": 1589.995882043779, "HITS@1m_new": 0.060489911095428395, "HITS@3m_new": 0.09870233775466841, "HITS@10m_new": 0.16094238467232208}