{"MRRm_new": 0.12495512848360231, "MRm_new": 1076.6328088640214, "HITS@1m_new": 0.07333512076548068, "HITS@3m_new": 0.13184230237170122, "HITS@10m_new": 0.22638979155138367}