{"MRRm_new": 0.11275128130857628, "MRm_new": 1116.6839279689789, "HITS@1m_new": 0.06318665677311947, "HITS@3m_new": 0.11593792686333763, "HITS@10m_new": 0.21004135913398933}