{"MRRm_new": 0.08961345156639436, "MRm_new": 1686.4482920686246, "HITS@1m_new": 0.04238098675417714, "HITS@3m_new": 0.09528941579982639, "HITS@10m_new": 0.18216653941310942}