{"MRRm_new": 0.07313498133124521, "MRm_new": 1996.8472312035083, "HITS@1m_new": 0.03896939797145314, "HITS@3m_new": 0.07198111900412478, "HITS@10m_new": 0.13829806174696424}