{"MRRm_new": 0.1558559840507005, "MRm_new": 891.1066965479374, "HITS@1m_new": 0.09454511649056221, "HITS@3m_new": 0.1624143887892482, "HITS@10m_new": 0.27847122988356277}