{"MRRm_new": 0.17220133068898485, "MRm_new": 312.06592499923704, "HITS@1m_new": 0.10270046253982947, "HITS@3m_new": 0.18463073418130807, "HITS@10m_new": 0.30809167280606925}