{"MRRm_new": 0.13553581955187402, "MRm_new": 301.8973601236343, "HITS@1m_new": 0.07802726912102662, "HITS@3m_new": 0.14008511063974582, "HITS@10m_new": 0.24406579145521973}