{"MRRm_new": 0.40549428846225144, "MRm_new": 360.29996512021125, "HITS@1m_new": 0.3119041343622921, "HITS@3m_new": 0.44676303692501823, "HITS@10m_new": 0.585084482399645}