{"MRRm_new": 0.313653757367807, "MRm_new": 199.84267163808644, "HITS@1m_new": 0.2302343683874933, "HITS@3m_new": 0.3397331708913698, "HITS@10m_new": 0.4800084353609127}