{"MRRm_new": 0.1251298811897257, "MRm_new": 1072.6359004134417, "HITS@1m_new": 0.07402006739158533, "HITS@3m_new": 0.13124014785498148, "HITS@10m_new": 0.22683096465405542}