{"MRRm_new": 0.20574795063173223, "MRm_new": 5401.691175905376, "HITS@1m_new": 0.15047794477251591, "HITS@3m_new": 0.22252788713976043, "HITS@10m_new": 0.30908383247093296}