{"MRRm_new": 0.08277911517034135, "MRm_new": 1131.1056029799431, "HITS@1m_new": 0.04744549622034538, "HITS@3m_new": 0.0836651344346028, "HITS@10m_new": 0.14762223596152035}