{"MRRm_new": 0.20134074157028664, "MRm_new": 229.39973336122037, "HITS@1m_new": 0.12552546889946098, "HITS@3m_new": 0.2181013030835893, "HITS@10m_new": 0.3524709413161967}