{"MRRm_new": 0.2258582517589486, "MRm_new": 221.38310647568701, "HITS@1m_new": 0.12457150688264519, "HITS@3m_new": 0.25405086536407473, "HITS@10m_new": 0.436958048357442}