{"MRRm_new": 0.1156999568604384, "MRm_new": 1215.3947597004176, "HITS@1m_new": 0.06809748003237183, "HITS@3m_new": 0.12087492975173518, "HITS@10m_new": 0.21114136438663117}