{"MRRm_new": 0.20235356665250676, "MRm_new": 194.42732033142448, "HITS@1m_new": 0.12255745620612288, "HITS@3m_new": 0.2206057663228712, "HITS@10m_new": 0.35909511511787423}