{"MRRm_new": 0.2137189702706146, "MRm_new": 5879.824276881456, "HITS@1m_new": 0.14894453750830144, "HITS@3m_new": 0.2336340315658599, "HITS@10m_new": 0.34337926753150533}