{"MRRm_new": 0.12512521424334264, "MRm_new": 1072.1864016980887, "HITS@1m_new": 0.0752154046400683, "HITS@3m_new": 0.130686948103155, "HITS@10m_new": 0.22623764226763743}