{"MRRm_new": 0.33649925713342055, "MRm_new": 107.49756539091467, "HITS@1m_new": 0.23097434309228992, "HITS@3m_new": 0.3791907170988852, "HITS@10m_new": 0.5452572943281848}