{"MRRm_new": 0.15129704057264917, "MRm_new": 1279.3195348090976, "HITS@1m_new": 0.10499089195714623, "HITS@3m_new": 0.16188349069835387, "HITS@10m_new": 0.23889108782459517}