{"MRRm_new": 0.23112202175538277, "MRm_new": 828.0947602135838, "HITS@1m_new": 0.14003936474365763, "HITS@3m_new": 0.2565852585271787, "HITS@10m_new": 0.4216208309843205}