{"MRRm_new": 0.11248688307614066, "MRm_new": 1389.027305089736, "HITS@1m_new": 0.05528873399849981, "HITS@3m_new": 0.11694499668511563, "HITS@10m_new": 0.2245701659533661}