{"MRRm_new": 0.09397852846010356, "MRm_new": 1452.118418599391, "HITS@1m_new": 0.0525076265668904, "HITS@3m_new": 0.09633875485737808, "HITS@10m_new": 0.17144707681685686}