{"MRRm_new": 0.25519784102958104, "MRm_new": 788.4601507558525, "HITS@1m_new": 0.17590382409392624, "HITS@3m_new": 0.2757231500133639, "HITS@10m_new": 0.41323986789683115}