{"MRRm_new": 0.0982664497861333, "MRm_new": 467.16070494475366, "HITS@1m_new": 0.05286454960600822, "HITS@3m_new": 0.098266677344637, "HITS@10m_new": 0.18631060346630401}