{"MRRm_new": 0.13976755598512272, "MRm_new": 2908.966976577759, "HITS@1m_new": 0.08461823582506622, "HITS@3m_new": 0.14447514084662544, "HITS@10m_new": 0.24839087449424552}