{"MRRm_new": 0.10130767355914486, "MRm_new": 2144.8596649932415, "HITS@1m_new": 0.06431437731443293, "HITS@3m_new": 0.10608839093877759, "HITS@10m_new": 0.17408328320341387}