{"MRRm_new": 0.13926010224358615, "MRm_new": 300.34542315928934, "HITS@1m_new": 0.08126817703631241, "HITS@3m_new": 0.14565096206632444, "HITS@10m_new": 0.24668977846911294}