{"MRRm_new": 0.09051714835009717, "MRm_new": 1797.8191986833065, "HITS@1m_new": 0.0605498796741158, "HITS@3m_new": 0.09320306492184317, "HITS@10m_new": 0.14374987077948753}