{"MRRm_new": 0.1587970446939953, "MRm_new": 6488.390456409425, "HITS@1m_new": 0.09177633072523167, "HITS@3m_new": 0.17313136111525818, "HITS@10m_new": 0.3006544137315359}