{"MRRm_new": 0.10549865265795233, "MRm_new": 2087.084178796366, "HITS@1m_new": 0.06868428784564821, "HITS@3m_new": 0.10896430380268066, "HITS@10m_new": 0.17947678767805336}