{"MRRm_new": 0.13879370424620494, "MRm_new": 9816.93548570487, "HITS@1m_new": 0.08106611854222137, "HITS@3m_new": 0.14987861027457985, "HITS@10m_new": 0.2562627118048258}