{"MRRm_new": 0.3030476924950417, "MRm_new": 624.8379980925918, "HITS@1m_new": 0.224080190556404, "HITS@3m_new": 0.33162748376537277, "HITS@10m_new": 0.45468034952804376}