{"MRRm_new": 0.241488773708963, "MRm_new": 839.6979006649256, "HITS@1m_new": 0.16602464103361125, "HITS@3m_new": 0.2570630819124635, "HITS@10m_new": 0.3931273801368661}