{"MRRm_new": 0.09199744235028338, "MRm_new": 1501.5884041886807, "HITS@1m_new": 0.05089214760999312, "HITS@3m_new": 0.09443577156225802, "HITS@10m_new": 0.1730517579983454}