{"MRRm_new": 0.183345062802521, "MRm_new": 241.29670277855396, "HITS@1m_new": 0.11053907476370806, "HITS@3m_new": 0.19726525724885285, "HITS@10m_new": 0.32685484047126956}