{"MRRm_new": 0.49630642305833045, "MRm_new": 929.3024525977671, "HITS@1m_new": 0.37981848236790394, "HITS@3m_new": 0.5549334552366054, "HITS@10m_new": 0.7317516872575507}