{"MRRm_new": 0.0693060574806179, "MRm_new": 2078.597984919405, "HITS@1m_new": 0.03672797849955969, "HITS@3m_new": 0.06865891577922739, "HITS@10m_new": 0.13095866721319036}