{"MRRm_new": 0.2254223443918254, "MRm_new": 6057.290147922576, "HITS@1m_new": 0.15750790451857027, "HITS@3m_new": 0.24205712694698014, "HITS@10m_new": 0.367854197307257}