{"MRRm_new": 0.11673166122140101, "MRm_new": 312.4798742898226, "HITS@1m_new": 0.06238059261098387, "HITS@3m_new": 0.11957425690526143, "HITS@10m_new": 0.22406246171128005}