{"MRRm_new": 0.3007925486089453, "MRm_new": 626.3609841483832, "HITS@1m_new": 0.22188037873457142, "HITS@3m_new": 0.330443436245474, "HITS@10m_new": 0.4527559849308818}