{"MRRm_new": 0.2296849605743446, "MRm_new": 4511.261838532508, "HITS@1m_new": 0.16527620707420282, "HITS@3m_new": 0.25118584999779703, "HITS@10m_new": 0.355074065276538}