{"MRRm_new": 0.44352478548128255, "MRm_new": 98.17920019828136, "HITS@1m_new": 0.33296923579545834, "HITS@3m_new": 0.4941832120879304, "HITS@10m_new": 0.6657665809778146}