{"MRRm_new": 0.10488881914129888, "MRm_new": 386.05135910725596, "HITS@1m_new": 0.05607374231321737, "HITS@3m_new": 0.10520095358351246, "HITS@10m_new": 0.1977775014693849}