{"MRRm_new": 0.1732458898458426, "MRm_new": 247.18581003494262, "HITS@1m_new": 0.10122107458044192, "HITS@3m_new": 0.18472657031562412, "HITS@10m_new": 0.31795889649102466}