{"MRRm_new": 0.2350930595859336, "MRm_new": 5352.235857110858, "HITS@1m_new": 0.16068234251055402, "HITS@3m_new": 0.2574060546751134, "HITS@10m_new": 0.38258041331521236}