{"MRRm_new": 0.09222132238618651, "MRm_new": 1494.505181958747, "HITS@1m_new": 0.05108161218193709, "HITS@3m_new": 0.09622142484895885, "HITS@10m_new": 0.17210779328402132}