{"MRRm_new": 0.20052394876299368, "MRm_new": 230.19784509506226, "HITS@1m_new": 0.12435470745527419, "HITS@3m_new": 0.21758880578405224, "HITS@10m_new": 0.3529333547387738}