{"MRRm_new": 0.19597470281731658, "MRm_new": 677.051278882432, "HITS@1m_new": 0.12432650867371121, "HITS@3m_new": 0.21006462858552113, "HITS@10m_new": 0.34417165326029064}