{"MRRm_new": 0.03312404186184449, "MRm_new": 3644.41064387539, "HITS@1m_new": 0.02020066987248356, "HITS@3m_new": 0.033266878852271475, "HITS@10m_new": 0.053392266475664654}