{"MRRm_new": 0.11361208080910001, "MRm_new": 458.1822328986406, "HITS@1m_new": 0.06471240140815498, "HITS@3m_new": 0.11621242189287441, "HITS@10m_new": 0.2057553630506445}