{"MRRm_new": 0.2128151389875675, "MRm_new": 4984.342005775809, "HITS@1m_new": 0.15433228340229835, "HITS@3m_new": 0.23337961672252278, "HITS@10m_new": 0.321356836527033}