{"MRRm_new": 0.22559698569438252, "MRm_new": 6059.8771184473635, "HITS@1m_new": 0.15804170705977594, "HITS@3m_new": 0.24259360991208814, "HITS@10m_new": 0.3674098007346038}