{"MRRm_new": 0.13340849650553574, "MRm_new": 278.25634848227503, "HITS@1m_new": 0.06952405630047433, "HITS@3m_new": 0.13915628354130313, "HITS@10m_new": 0.2597584615152329}