{"MRRm_new": 0.16367599161657972, "MRm_new": 2447.7242805130186, "HITS@1m_new": 0.10231458360256511, "HITS@3m_new": 0.17034351119273924, "HITS@10m_new": 0.29165139508210997}