{"MRRm_new": 0.022010227987167126, "MRm_new": 3421.773954281092, "HITS@1m_new": 0.012445131468462932, "HITS@3m_new": 0.021223542232150068, "HITS@10m_new": 0.035630510998729735}