{"MRRm_new": 0.13706655756627878, "MRm_new": 323.14613733985425, "HITS@1m_new": 0.08004751405685674, "HITS@3m_new": 0.14351192118971376, "HITS@10m_new": 0.24641750697554088}