{"MRRm_new": 0.1712671012905089, "MRm_new": 6852.591753364473, "HITS@1m_new": 0.1247491727162851, "HITS@3m_new": 0.18543778944324005, "HITS@10m_new": 0.25898893748084084}