{"MRRm_new": 0.24634177091970105, "MRm_new": 565.50787371324, "HITS@1m_new": 0.16132964906019334, "HITS@3m_new": 0.27078058335598687, "HITS@10m_new": 0.4217363499170169}