{"MRRm_new": 0.024472538995235483, "MRm_new": 4169.437794069633, "HITS@1m_new": 0.015072886548630777, "HITS@3m_new": 0.023673966128168102, "HITS@10m_new": 0.039004049981398566}