{"MRRm_new": 0.10863517620841685, "MRm_new": 2098.111606579572, "HITS@1m_new": 0.07407015510769997, "HITS@3m_new": 0.11345815745630898, "HITS@10m_new": 0.17492386401229304}