{"MRRm_new": 0.27668122007253987, "MRm_new": 159.58788596266507, "HITS@1m_new": 0.18346765944911023, "HITS@3m_new": 0.3083830302713759, "HITS@10m_new": 0.4602089654538431}