{"MRRm_new": 0.22025706450318602, "MRm_new": 4747.933563042313, "HITS@1m_new": 0.15759357203534455, "HITS@3m_new": 0.2430510410932475, "HITS@10m_new": 0.34222732567728964}