{"MRRm_new": 0.17192574416164824, "MRm_new": 6768.042198128819, "HITS@1m_new": 0.10087166064599296, "HITS@3m_new": 0.193853828443971, "HITS@10m_new": 0.31478971439017917}