{"MRRm_new": 0.1381039591670211, "MRm_new": 296.34578403112886, "HITS@1m_new": 0.08011796905548545, "HITS@3m_new": 0.14620367131135426, "HITS@10m_new": 0.24526693723693024}