{"MRRm_new": 0.2573572699349916, "MRm_new": 794.0419261931181, "HITS@1m_new": 0.17844856535777218, "HITS@3m_new": 0.2787977618572768, "HITS@10m_new": 0.4160245870871004}