{"MRRm_new": 0.09458823553421916, "MRm_new": 2388.2252441049664, "HITS@1m_new": 0.06485431431493635, "HITS@3m_new": 0.09784870590448919, "HITS@10m_new": 0.14816797723458877}