{"MRRm_new": 0.20168516018086394, "MRm_new": 199.03072933742405, "HITS@1m_new": 0.12147119993820889, "HITS@3m_new": 0.22096663677779724, "HITS@10m_new": 0.35874412238593506}