{"MRRm_new": 0.10761604222103924, "MRm_new": 360.1360510295868, "HITS@1m_new": 0.05503097504607867, "HITS@3m_new": 0.10998789852042683, "HITS@10m_new": 0.20853004725952634}