{"MRRm_new": 0.25052142319214954, "MRm_new": 625.2641141599416, "HITS@1m_new": 0.16962320725116298, "HITS@3m_new": 0.26985527769287, "HITS@10m_new": 0.41097191541513894}