{"MRRm_new": 0.23658052251399703, "MRm_new": 4851.373129361659, "HITS@1m_new": 0.16550781449442728, "HITS@3m_new": 0.2550368449845701, "HITS@10m_new": 0.3819372973597492}