{"MRRm_new": 0.1112124810483554, "MRm_new": 1238.0643982009888, "HITS@1m_new": 0.06350127256285631, "HITS@3m_new": 0.11567452331158565, "HITS@10m_new": 0.20363705067136326}