{"MRRm_new": 0.12115245181118225, "MRm_new": 1062.3893595692396, "HITS@1m_new": 0.06766171416923752, "HITS@3m_new": 0.126813414688583, "HITS@10m_new": 0.22703529092777752}