{"MRRm_new": 0.3346245608245954, "MRm_new": 356.0425684104264, "HITS@1m_new": 0.23235087606126034, "HITS@3m_new": 0.3743651753221311, "HITS@10m_new": 0.544343632858523}