{"MRRm_new": 0.41297720938315613, "MRm_new": 345.3457040511742, "HITS@1m_new": 0.3201887562426491, "HITS@3m_new": 0.4542091718911979, "HITS@10m_new": 0.5906849830627035}