{"MRRm_new": 0.1397656315121476, "MRm_new": 2915.1844472782614, "HITS@1m_new": 0.08492632901840261, "HITS@3m_new": 0.143038514174812, "HITS@10m_new": 0.25012881037115586}