{"MRRm_new": 0.16682802204662267, "MRm_new": 5926.104621990383, "HITS@1m_new": 0.09760072993964422, "HITS@3m_new": 0.18371176834148356, "HITS@10m_new": 0.30956766225537286}