{"MRRm_new": 0.17495566360528028, "MRm_new": 775.694680900979, "HITS@1m_new": 0.1076207007912104, "HITS@3m_new": 0.18746282828710972, "HITS@10m_new": 0.31140707550258373}