{"MRRm_new": 0.08565361359406688, "MRm_new": 1723.5640241720528, "HITS@1m_new": 0.053564789429161465, "HITS@3m_new": 0.08757089683490994, "HITS@10m_new": 0.14439428190156467}