{"MRRm_new": 0.14347069658652073, "MRm_new": 513.3914043886066, "HITS@1m_new": 0.08548640405879633, "HITS@3m_new": 0.1524029531622655, "HITS@10m_new": 0.256807160696917}