{"MRRm_new": 0.1412073678898596, "MRm_new": 282.45177291169165, "HITS@1m_new": 0.07584722117703059, "HITS@3m_new": 0.15285142416604794, "HITS@10m_new": 0.2711374643369578}