{"MRRm_new": 0.18258698730173636, "MRm_new": 500.2381524438143, "HITS@1m_new": 0.10494537069982617, "HITS@3m_new": 0.19299645635976923, "HITS@10m_new": 0.34995698020285926}