{"MRRm_new": 0.1981091777012598, "MRm_new": 470.8634118585959, "HITS@1m_new": 0.1354506203651108, "HITS@3m_new": 0.20990159881529688, "HITS@10m_new": 0.3214317654152401}