{"MRRm_new": 0.1111999569801119, "MRm_new": 1699.577318294549, "HITS@1m_new": 0.06108499637832865, "HITS@3m_new": 0.11671719342232682, "HITS@10m_new": 0.20860811741086654}