{"MRRm_new": 0.1847697394038405, "MRm_new": 256.2548987948418, "HITS@1m_new": 0.11123092692784267, "HITS@3m_new": 0.20089707509139554, "HITS@10m_new": 0.3295626677398104}