{"MRRm_new": 0.08290072120128253, "MRm_new": 12448.249248013317, "HITS@1m_new": 0.06565331904878258, "HITS@3m_new": 0.08558533339260611, "HITS@10m_new": 0.11263622720786952}