{"MRRm_new": 0.08334508071297114, "MRm_new": 1147.6340811957716, "HITS@1m_new": 0.04860799428812243, "HITS@3m_new": 0.08307451659113577, "HITS@10m_new": 0.146925827365696}