{"MRRm_new": 0.14565286504725228, "MRm_new": 284.69069115841387, "HITS@1m_new": 0.08036428926817607, "HITS@3m_new": 0.15653695768314646, "HITS@10m_new": 0.27511929904106075}