{"MRRm_new": 0.13768791800079272, "MRm_new": 8487.054723478645, "HITS@1m_new": 0.08173169997497462, "HITS@3m_new": 0.1478976046720054, "HITS@10m_new": 0.25360995880694825}