{"MRRm_new": 0.09656736963299227, "MRm_new": 2155.042539746642, "HITS@1m_new": 0.06397778575151825, "HITS@3m_new": 0.10191312156233107, "HITS@10m_new": 0.15535579101676558}