{"MRRm_new": 0.19304652216977264, "MRm_new": 696.7960425446511, "HITS@1m_new": 0.12101860008589574, "HITS@3m_new": 0.2071302455288125, "HITS@10m_new": 0.3425835592606105}