{"MRRm_new": 0.1501835824437745, "MRm_new": 920.5585231624365, "HITS@1m_new": 0.09036477431771345, "HITS@3m_new": 0.15866453685827436, "HITS@10m_new": 0.27088768971320243}