{"MRRm_new": 0.1534487395631386, "MRm_new": 7000.548867744386, "HITS@1m_new": 0.11170796872780192, "HITS@3m_new": 0.16333997197879943, "HITS@10m_new": 0.23146718238221364}