{"MRRm_new": 0.16627901612001278, "MRm_new": 1841.7846653666497, "HITS@1m_new": 0.10180283707713533, "HITS@3m_new": 0.17790160854224815, "HITS@10m_new": 0.29017748292698525}