{"MRRm_new": 0.4435259629424545, "MRm_new": 103.43315647625923, "HITS@1m_new": 0.33750970487482845, "HITS@3m_new": 0.49273841090357745, "HITS@10m_new": 0.6527339544854767}