{"MRRm_new": 0.40685484905615976, "MRm_new": 361.93251686000826, "HITS@1m_new": 0.31468008826992444, "HITS@3m_new": 0.4460494504486196, "HITS@10m_new": 0.5860587704937934}