{"MRRm_new": 0.14421418244334636, "MRm_new": 773.4873593019723, "HITS@1m_new": 0.07890364041584544, "HITS@3m_new": 0.15106909825173206, "HITS@10m_new": 0.2768033765206113}