{"MRRm_new": 0.2180848051387611, "MRm_new": 880.3830145440995, "HITS@1m_new": 0.13113848402326403, "HITS@3m_new": 0.2407972185044928, "HITS@10m_new": 0.4023905182159215}