{"MRRm_new": 0.1576221145333434, "MRm_new": 2935.2123975441755, "HITS@1m_new": 0.1006547814715159, "HITS@3m_new": 0.16785911528745784, "HITS@10m_new": 0.26773932317354776}