{"MRRm_new": 0.08241390948831541, "MRm_new": 1763.3603576897144, "HITS@1m_new": 0.03945621030991897, "HITS@3m_new": 0.08572350624911487, "HITS@10m_new": 0.16324099700944497}