{"MRRm_new": 0.14817436477213142, "MRm_new": 8220.385969943285, "HITS@1m_new": 0.08712530657893512, "HITS@3m_new": 0.15988546072749887, "HITS@10m_new": 0.2724454848819878}