{"MRRm_new": 0.09266449354245561, "MRm_new": 1498.4028095083, "HITS@1m_new": 0.05116324639850645, "HITS@3m_new": 0.09571635505170561, "HITS@10m_new": 0.1716996532007586}