{"MRRm_new": 0.06535767620570841, "MRm_new": 1897.0098159163952, "HITS@1m_new": 0.03310057669620146, "HITS@3m_new": 0.06810971058413852, "HITS@10m_new": 0.12165158233067487}