{"MRRm_new": 0.24704745191455912, "MRm_new": 794.6723010399937, "HITS@1m_new": 0.16906258001201785, "HITS@3m_new": 0.26238081138941927, "HITS@10m_new": 0.3999838640424423}