{"MRRm_new": 0.10163245254480535, "MRm_new": 1564.9730894252657, "HITS@1m_new": 0.05986837041816034, "HITS@3m_new": 0.10758387433481403, "HITS@10m_new": 0.18344297484695563}