{"MRRm_new": 0.230355687911308, "MRm_new": 4469.2621959312855, "HITS@1m_new": 0.16629042687467882, "HITS@3m_new": 0.25204780796798876, "HITS@10m_new": 0.3565044773951231}