{"MRRm_new": 0.1757596219387874, "MRm_new": 1939.384847302407, "HITS@1m_new": 0.11151111554264208, "HITS@3m_new": 0.1861258844335971, "HITS@10m_new": 0.3022742076285649}