{"MRRm_new": 0.13464771511238086, "MRm_new": 9027.587157733798, "HITS@1m_new": 0.09976994749257574, "HITS@3m_new": 0.14398450728866738, "HITS@10m_new": 0.1970890221137961}