{"MRRm_new": 0.10678365768561161, "MRm_new": 2111.2957316820175, "HITS@1m_new": 0.07225663554348648, "HITS@3m_new": 0.1116274898148331, "HITS@10m_new": 0.16961017931769312}