{"MRRm_new": 0.09346017503713956, "MRm_new": 1924.7290434695005, "HITS@1m_new": 0.0519689815312624, "HITS@3m_new": 0.09545084910066798, "HITS@10m_new": 0.17587134692142717}