{"MRRm_new": 0.23801707421685933, "MRm_new": 5480.954106319785, "HITS@1m_new": 0.16208537625474856, "HITS@3m_new": 0.26441977568052244, "HITS@10m_new": 0.3911526988298865}