{"MRRm_new": 0.036936410269367115, "MRm_new": 2782.329839870721, "HITS@1m_new": 0.020672944643425582, "HITS@3m_new": 0.03642745041460512, "HITS@10m_new": 0.06323638572571508}