{"MRRm_new": 0.08917603684654296, "MRm_new": 1073.7073918079584, "HITS@1m_new": 0.05238488415196116, "HITS@3m_new": 0.09058103955307524, "HITS@10m_new": 0.15607389396877988}