{"MRRm_new": 0.4464316838040513, "MRm_new": 103.2879350271821, "HITS@1m_new": 0.3530944558326883, "HITS@3m_new": 0.4906996378962504, "HITS@10m_new": 0.6239675481364684}