{"MRRm_new": 0.21495438213676152, "MRm_new": 4948.265349271, "HITS@1m_new": 0.15702825042183394, "HITS@3m_new": 0.23516410994256148, "HITS@10m_new": 0.32186872881356976}