{"MRRm_new": 0.30809551847575223, "MRm_new": 135.8409967523068, "HITS@1m_new": 0.20701257609657478, "HITS@3m_new": 0.3478239056786406, "HITS@10m_new": 0.5066536399177567}