{"MRRm_new": 0.26242213158414096, "MRm_new": 602.0398897786439, "HITS@1m_new": 0.1848244270820287, "HITS@3m_new": 0.2802212933471892, "HITS@10m_new": 0.42046830261917784}