{"MRRm_new": 0.1360723049190463, "MRm_new": 312.6636556256771, "HITS@1m_new": 0.07879761551873525, "HITS@3m_new": 0.14176693623437314, "HITS@10m_new": 0.24342745793622453}