{"MRRm_new": 0.46197050478028767, "MRm_new": 838.1788490630985, "HITS@1m_new": 0.34531738867494277, "HITS@3m_new": 0.5306757849887945, "HITS@10m_new": 0.6814419298702851}