{"MRRm_new": 0.17561664524920198, "MRm_new": 789.2938219993115, "HITS@1m_new": 0.10952752232383936, "HITS@3m_new": 0.18655350946448743, "HITS@10m_new": 0.31108761563561854}