{"MRRm_new": 0.14811030347482257, "MRm_new": 2236.971807583034, "HITS@1m_new": 0.0895334225416882, "HITS@3m_new": 0.1542050322868745, "HITS@10m_new": 0.26118819354398876}