{"MRRm_new": 0.1698899783892698, "MRm_new": 6852.445123419166, "HITS@1m_new": 0.10017615853663302, "HITS@3m_new": 0.1918685388096492, "HITS@10m_new": 0.3067351467428962}