{"MRRm_new": 0.3136733046125955, "MRm_new": 197.95009709084778, "HITS@1m_new": 0.23007278173803933, "HITS@3m_new": 0.34015096739194994, "HITS@10m_new": 0.47993367634850437}