{"MRRm_new": 0.2565053594907649, "MRm_new": 583.4916820984184, "HITS@1m_new": 0.17425810031723812, "HITS@3m_new": 0.27575239057140427, "HITS@10m_new": 0.4157505958522088}