{"MRRm_new": 0.07402239616453443, "MRm_new": 2047.5042341852904, "HITS@1m_new": 0.03983828572751954, "HITS@3m_new": 0.07379441508403979, "HITS@10m_new": 0.14015555528309195}