{"MRRm_new": 0.34283018429488127, "MRm_new": 161.00795621923356, "HITS@1m_new": 0.2503873261640474, "HITS@3m_new": 0.37646785399549115, "HITS@10m_new": 0.523723949014413}