{"MRRm_new": 0.13146250843694723, "MRm_new": 8430.901824728458, "HITS@1m_new": 0.07617896671872586, "HITS@3m_new": 0.1434087884419132, "HITS@10m_new": 0.24252394150110196}