{"MRRm_new": 0.2017480575518901, "MRm_new": 629.5836233998775, "HITS@1m_new": 0.12834256336389807, "HITS@3m_new": 0.21515006608876866, "HITS@10m_new": 0.354609798919037}