{"MRRm_new": 0.20271401522476226, "MRm_new": 633.5793519101143, "HITS@1m_new": 0.1300106611348805, "HITS@3m_new": 0.21440890855020844, "HITS@10m_new": 0.3544249381701462}