{"MRRm_new": 0.16177270138867833, "MRm_new": 7160.647561687171, "HITS@1m_new": 0.09581124117929721, "HITS@3m_new": 0.1751490072082379, "HITS@10m_new": 0.29812824304145763}