{"MRRm_new": 0.1572773990313057, "MRm_new": 265.4649547029734, "HITS@1m_new": 0.08899162014183822, "HITS@3m_new": 0.16854974586600438, "HITS@10m_new": 0.295637982786214}