{"MRRm_new": 0.06327437345732051, "MRm_new": 2984.9262544015646, "HITS@1m_new": 0.04268290793698179, "HITS@3m_new": 0.06580679300564225, "HITS@10m_new": 0.09936208317545242}