{"MRRm_new": 0.11422365567992092, "MRm_new": 456.6940822831631, "HITS@1m_new": 0.06487578284431947, "HITS@3m_new": 0.11712559849767713, "HITS@10m_new": 0.20657986421671812}