{"MRRm_new": 0.09248596958251437, "MRm_new": 1724.900190613672, "HITS@1m_new": 0.061677115492180745, "HITS@3m_new": 0.09451789647652913, "HITS@10m_new": 0.14950047014222945}