{"MRRm_new": 0.2072546449167362, "MRm_new": 5890.17966262567, "HITS@1m_new": 0.1453166861620266, "HITS@3m_new": 0.2222742259443621, "HITS@10m_new": 0.33821905637619787}