{"MRRm_new": 0.2198572646481598, "MRm_new": 5360.992972088754, "HITS@1m_new": 0.15443041200528387, "HITS@3m_new": 0.23427777331217658, "HITS@10m_new": 0.35321787043026415}