{"MRRm_new": 0.07627058331081789, "MRm_new": 1730.5695320349932, "HITS@1m_new": 0.04121318089334527, "HITS@3m_new": 0.07672930761666502, "HITS@10m_new": 0.14502107438062084}