{"MRRm_new": 0.1922430405797859, "MRm_new": 500.0102592028141, "HITS@1m_new": 0.11567487667184323, "HITS@3m_new": 0.20306506276270375, "HITS@10m_new": 0.3468918346168008}