{"MRRm_new": 0.2735165452477877, "MRm_new": 904.4068747780622, "HITS@1m_new": 0.1946180043266504, "HITS@3m_new": 0.30079514708324134, "HITS@10m_new": 0.42531082159851213}