{"MRRm_new": 0.24184764015445398, "MRm_new": 154.4019857956618, "HITS@1m_new": 0.14725203832483386, "HITS@3m_new": 0.271787573378082, "HITS@10m_new": 0.4259822105476342}