{"MRRm_new": 0.6284318080509566, "MRm_new": 55.543441162064674, "HITS@1m_new": 0.5284561700675695, "HITS@3m_new": 0.6908241225756064, "HITS@10m_new": 0.8109406066612864}