{"MRRm_new": 0.23423636160968225, "MRm_new": 790.5769764816165, "HITS@1m_new": 0.1561365748278913, "HITS@3m_new": 0.2547284467650461, "HITS@10m_new": 0.38999110754096183}