{"MRRm_new": 0.16660062815050014, "MRm_new": 1847.473223474413, "HITS@1m_new": 0.1014435564988671, "HITS@3m_new": 0.17686705388431437, "HITS@10m_new": 0.2941231814728817}