{"MRRm_new": 0.2313512404086032, "MRm_new": 290.4888868179917, "HITS@1m_new": 0.1542780190035992, "HITS@3m_new": 0.25477800648803534, "HITS@10m_new": 0.3806672852790216}