{"MRRm_new": 0.13350069977990062, "MRm_new": 293.9675323787928, "HITS@1m_new": 0.07195103851216846, "HITS@3m_new": 0.13881757335965522, "HITS@10m_new": 0.25232612874694166}