{"MRRm_new": 0.23864835128021195, "MRm_new": 824.9789800034165, "HITS@1m_new": 0.1631829180791974, "HITS@3m_new": 0.25205443519336407, "HITS@10m_new": 0.38871365143498404}