{"MRRm_new": 0.13383814337387595, "MRm_new": 9096.082989038377, "HITS@1m_new": 0.10015288362029241, "HITS@3m_new": 0.14376787928841075, "HITS@10m_new": 0.19323820506842457}