{"MRRm_new": 0.3308819462345955, "MRm_new": 106.93373870432377, "HITS@1m_new": 0.22453381281992188, "HITS@3m_new": 0.37458341395080785, "HITS@10m_new": 0.5409612845310184}