{"MRRm_new": 0.16458163478895768, "MRm_new": 1182.5721375535131, "HITS@1m_new": 0.09721448257837619, "HITS@3m_new": 0.18198745701249572, "HITS@10m_new": 0.3016885326510819}