{"MRRm_new": 0.1716879805544718, "MRm_new": 6882.301876082092, "HITS@1m_new": 0.12555047470968567, "HITS@3m_new": 0.18701494914322392, "HITS@10m_new": 0.259683561987913}