{"MRRm_new": 0.15424020112162315, "MRm_new": 6972.089047898055, "HITS@1m_new": 0.11242664927046281, "HITS@3m_new": 0.16412317843944765, "HITS@10m_new": 0.23147073634978732}