{"MRRm_new": 0.09004084471472888, "MRm_new": 1704.0848573549986, "HITS@1m_new": 0.042477449257671836, "HITS@3m_new": 0.09495217427141033, "HITS@10m_new": 0.18206915959264153}