{"MRRm_new": 0.16864853770313037, "MRm_new": 6891.768022421658, "HITS@1m_new": 0.12188490828164504, "HITS@3m_new": 0.18302393166575348, "HITS@10m_new": 0.2603812965414836}