{"MRRm_new": 0.1679992569589551, "MRm_new": 657.9732325215579, "HITS@1m_new": 0.09537052446443121, "HITS@3m_new": 0.17758186827404424, "HITS@10m_new": 0.3158257990906015}