{"MRRm_new": 0.3300980058389441, "MRm_new": 377.62934183518587, "HITS@1m_new": 0.2273489267883924, "HITS@3m_new": 0.368771501107909, "HITS@10m_new": 0.5421789329501043}