{"MRRm_new": 0.18997166289711914, "MRm_new": 544.6122179787308, "HITS@1m_new": 0.13027062936768924, "HITS@3m_new": 0.20193287710251753, "HITS@10m_new": 0.3069269342462212}