{"MRRm_new": 0.1577509662423281, "MRm_new": 2924.722770106673, "HITS@1m_new": 0.1004919307835371, "HITS@3m_new": 0.16809374534709787, "HITS@10m_new": 0.2682885625341587}