{"MRRm_new": 0.1927240972523359, "MRm_new": 508.0371122008085, "HITS@1m_new": 0.11650503023415804, "HITS@3m_new": 0.20340798350654077, "HITS@10m_new": 0.3473201728266664}