{"MRRm_new": 0.137111725873244, "MRm_new": 301.29367284440997, "HITS@1m_new": 0.0805174928547116, "HITS@3m_new": 0.14077590916422195, "HITS@10m_new": 0.24596491226688957}