{"MRRm_new": 0.25066929123109866, "MRm_new": 680.109395884037, "HITS@1m_new": 0.18102207273995738, "HITS@3m_new": 0.2634571271407185, "HITS@10m_new": 0.39158205506426746}