{"MRRm_new": 0.28657965810679886, "MRm_new": 863.9018848571852, "HITS@1m_new": 0.2056622663924063, "HITS@3m_new": 0.31421078645042144, "HITS@10m_new": 0.4453094488635543}