{"MRRm_new": 0.1600696743584398, "MRm_new": 265.40544180736543, "HITS@1m_new": 0.09127994247253518, "HITS@3m_new": 0.1733656761798542, "HITS@10m_new": 0.2964855068521574}