{"MRRm_new": 0.1818855515563875, "MRm_new": 519.076992411375, "HITS@1m_new": 0.10935407985736383, "HITS@3m_new": 0.19261376298880203, "HITS@10m_new": 0.3288386193540413}