{"MRRm_new": 0.10501922330532215, "MRm_new": 8879.327109566242, "HITS@1m_new": 0.0602431232604431, "HITS@3m_new": 0.11360845832701306, "HITS@10m_new": 0.19261125634564086}