{"MRRm_new": 0.18985887274320704, "MRm_new": 821.2324677484334, "HITS@1m_new": 0.12480337045726628, "HITS@3m_new": 0.20698870901925692, "HITS@10m_new": 0.31729079497998464}