{"MRRm_new": 0.40026788117808426, "MRm_new": 193.58171317861974, "HITS@1m_new": 0.31745187318547685, "HITS@3m_new": 0.43547791068142394, "HITS@10m_new": 0.5586423533605702}