{"MRRm_new": 0.19065870059407097, "MRm_new": 544.1324781783372, "HITS@1m_new": 0.13043470423573672, "HITS@3m_new": 0.20348800521237717, "HITS@10m_new": 0.3078620722761261}