{"MRRm_new": 0.2523653354433982, "MRm_new": 544.226163457945, "HITS@1m_new": 0.16458165661910606, "HITS@3m_new": 0.28173309253550544, "HITS@10m_new": 0.4313508884810435}