{"MRRm_new": 0.07045401356776165, "MRm_new": 2719.418200959057, "HITS@1m_new": 0.04505835728672173, "HITS@3m_new": 0.07258245661295587, "HITS@10m_new": 0.11779740737945031}