{"MRRm_new": 0.40663831520227994, "MRm_new": 937.2904843831658, "HITS@1m_new": 0.2762204096484929, "HITS@3m_new": 0.47697221403126605, "HITS@10m_new": 0.668655999542214}