{"MRRm_new": 0.189143470809704, "MRm_new": 548.030475205794, "HITS@1m_new": 0.12851374173470323, "HITS@3m_new": 0.20265050964881084, "HITS@10m_new": 0.3076224964335197}