{"MRRm_new": 0.3470223207827962, "MRm_new": 1448.655678287208, "HITS@1m_new": 0.2406312919940101, "HITS@3m_new": 0.388623266282375, "HITS@10m_new": 0.5631260640695691}