{"MRRm_new": 0.10211392903934029, "MRm_new": 1496.7606349859684, "HITS@1m_new": 0.06552399911260727, "HITS@3m_new": 0.10556823599493145, "HITS@10m_new": 0.17069866286066826}