{"MRRm_new": 0.15593623710955434, "MRm_new": 265.26269404866696, "HITS@1m_new": 0.08737070899934625, "HITS@3m_new": 0.16655011314754375, "HITS@10m_new": 0.293614111474622}