{"MRRm_new": 0.17259196154388656, "MRm_new": 6436.924660076588, "HITS@1m_new": 0.10142729908315232, "HITS@3m_new": 0.1944934114688658, "HITS@10m_new": 0.3169451768235886}