{"MRRm_new": 0.12647492020669743, "MRm_new": 1067.893056034708, "HITS@1m_new": 0.07539536531975027, "HITS@3m_new": 0.13350431130526122, "HITS@10m_new": 0.2273682495908928}