{"MRRm_new": 0.2775865607337273, "MRm_new": 917.8406101043299, "HITS@1m_new": 0.19864401169530174, "HITS@3m_new": 0.30576410270511406, "HITS@10m_new": 0.4321383795509464}