{"MRRm_new": 0.4371858129212144, "MRm_new": 116.44811932344732, "HITS@1m_new": 0.3297734495718843, "HITS@3m_new": 0.4855855648129201, "HITS@10m_new": 0.6559365655043365}