{"MRRm_new": 0.17522252166724592, "MRm_new": 1422.279741390705, "HITS@1m_new": 0.11820903327855194, "HITS@3m_new": 0.1924232428156247, "HITS@10m_new": 0.2835361489975767}