{"MRRm_new": 0.08600078871933238, "MRm_new": 1731.7600539626778, "HITS@1m_new": 0.05447873954891111, "HITS@3m_new": 0.0886605389591059, "HITS@10m_new": 0.1433326054617064}