{"MRRm_new": 0.23247947222437687, "MRm_new": 278.0070560938418, "HITS@1m_new": 0.15497138148368686, "HITS@3m_new": 0.2557342874616006, "HITS@10m_new": 0.3827793813426979}