{"MRRm_new": 0.09877253625330631, "MRm_new": 467.4647915673971, "HITS@1m_new": 0.05381069859553827, "HITS@3m_new": 0.09778587292470038, "HITS@10m_new": 0.18781478496128692}