{"MRRm_new": 0.1347638049760676, "MRm_new": 8995.711644068211, "HITS@1m_new": 0.0985970420842059, "HITS@3m_new": 0.1433020950765058, "HITS@10m_new": 0.2021050631068356}