{"MRRm_new": 0.12353207304051284, "MRm_new": 7993.021812051624, "HITS@1m_new": 0.0697506279804511, "HITS@3m_new": 0.13421153459860943, "HITS@10m_new": 0.23110539527633228}