{"MRRm_new": 0.2255045190575488, "MRm_new": 6046.459834012658, "HITS@1m_new": 0.15736967274377822, "HITS@3m_new": 0.2429738653821405, "HITS@10m_new": 0.3669553669174202}