{"MRRm_new": 0.20846617554634986, "MRm_new": 5809.13349778521, "HITS@1m_new": 0.14757029601652175, "HITS@3m_new": 0.22160492905072168, "HITS@10m_new": 0.33533717095659815}