{"MRRm_new": 0.09926061634143261, "MRm_new": 1887.8438650907517, "HITS@1m_new": 0.05627296676128171, "HITS@3m_new": 0.10271096254969016, "HITS@10m_new": 0.1839434099048376}