{"MRRm_new": 0.05836947410383618, "MRm_new": 1543.6312029720991, "HITS@1m_new": 0.031750947650867604, "HITS@3m_new": 0.05927203253901098, "HITS@10m_new": 0.1042999903772652}