{"MRRm_new": 0.47269088238967744, "MRm_new": 1240.6931223647593, "HITS@1m_new": 0.3635797053081915, "HITS@3m_new": 0.5249296579491347, "HITS@10m_new": 0.6869304572101682}