{"MRRm_new": 0.1131733374076095, "MRm_new": 329.1736660431385, "HITS@1m_new": 0.059729988782131115, "HITS@3m_new": 0.1161740510369651, "HITS@10m_new": 0.21347327878917569}