{"MRRm_new": 0.11702071411669167, "MRm_new": 1072.2112737482787, "HITS@1m_new": 0.06247576732964372, "HITS@3m_new": 0.12230891834745417, "HITS@10m_new": 0.22516554556165355}