{"MRRm_new": 0.13477938768494505, "MRm_new": 9001.75654822576, "HITS@1m_new": 0.09965147404390154, "HITS@3m_new": 0.14470278349891305, "HITS@10m_new": 0.19605136037812917}