{"MRRm_new": 0.12573270964668337, "MRm_new": 1073.2033045131207, "HITS@1m_new": 0.07508302786956773, "HITS@3m_new": 0.13232692369460128, "HITS@10m_new": 0.22598758863072144}