{"MRRm_new": 0.20033517865729372, "MRm_new": 232.40582305316926, "HITS@1m_new": 0.1257857232881943, "HITS@3m_new": 0.21614661258650011, "HITS@10m_new": 0.3462827251735143}