{"MRRm_new": 0.17768693371622504, "MRm_new": 232.24984069356918, "HITS@1m_new": 0.10446549282246852, "HITS@3m_new": 0.19156605991784018, "HITS@10m_new": 0.3212546600089874}