{"MRRm_new": 0.34857031849806297, "MRm_new": 162.325658587493, "HITS@1m_new": 0.25760933737880987, "HITS@3m_new": 0.38141739748451803, "HITS@10m_new": 0.5277379620147694}