{"MRRm_new": 0.14246535100538948, "MRm_new": 515.9823908063769, "HITS@1m_new": 0.08523912493463649, "HITS@3m_new": 0.1488469039638003, "HITS@10m_new": 0.2547141005691665}