{"MRRm_new": 0.1953347257955087, "MRm_new": 684.8798028488397, "HITS@1m_new": 0.12373535684675444, "HITS@3m_new": 0.20791191231722478, "HITS@10m_new": 0.34460172781036236}