{"MRRm_new": 0.1235206282889034, "MRm_new": 363.2899443318844, "HITS@1m_new": 0.06951796752939117, "HITS@3m_new": 0.12724348779414432, "HITS@10m_new": 0.22488677650890312}