{"MRRm_new": 0.13443852990340965, "MRm_new": 321.40524423937796, "HITS@1m_new": 0.07902205681641353, "HITS@3m_new": 0.138764027661609, "HITS@10m_new": 0.24166858906612032}