{"MRRm_new": 0.1025591794436541, "MRm_new": 1142.5819691401125, "HITS@1m_new": 0.06383179333071894, "HITS@3m_new": 0.1079798744899963, "HITS@10m_new": 0.17327656995126745}