{"MRRm_new": 0.17151042167021932, "MRm_new": 2269.8417509292362, "HITS@1m_new": 0.11003926058427896, "HITS@3m_new": 0.1814917709906731, "HITS@10m_new": 0.28962044997891645}