{"MRRm_new": 0.1660197155133592, "MRm_new": 6343.06999428615, "HITS@1m_new": 0.09781506891734898, "HITS@3m_new": 0.18130477651639376, "HITS@10m_new": 0.30703523495816626}