{"MRRm_new": 0.388522736165306, "MRm_new": 208.89295588234066, "HITS@1m_new": 0.30248556750166244, "HITS@3m_new": 0.4260698693240993, "HITS@10m_new": 0.5559772596556577}