{"MRRm_new": 0.1953548601852206, "MRm_new": 689.8032269415855, "HITS@1m_new": 0.12395010647559539, "HITS@3m_new": 0.2085396583338501, "HITS@10m_new": 0.3411998711251188}