{"MRRm_new": 0.1209875487171259, "MRm_new": 360.7315036110401, "HITS@1m_new": 0.06658554048233199, "HITS@3m_new": 0.12780674733867053, "HITS@10m_new": 0.2222749402891146}