{"MRRm_new": 0.11357051667890627, "MRm_new": 1214.0561125695467, "HITS@1m_new": 0.06585543732155347, "HITS@3m_new": 0.11916101391606498, "HITS@10m_new": 0.20748661957570586}