{"MRRm_new": 0.23054828883560458, "MRm_new": 834.582510436654, "HITS@1m_new": 0.14150937993418483, "HITS@3m_new": 0.2548246678847354, "HITS@10m_new": 0.41887607636897883}