{"MRRm_new": 0.1576909102892382, "MRm_new": 2932.206535743058, "HITS@1m_new": 0.10077856868137315, "HITS@3m_new": 0.1677654622458358, "HITS@10m_new": 0.2683287115274143}