{"MRRm_new": 0.12736116257593239, "MRm_new": 1554.1993642102718, "HITS@1m_new": 0.0731324632467702, "HITS@3m_new": 0.13275775542892515, "HITS@10m_new": 0.2333075547598768}