{"MRRm_new": 0.4842046732792678, "MRm_new": 1033.780440573454, "HITS@1m_new": 0.3717338080704212, "HITS@3m_new": 0.5372947896700352, "HITS@10m_new": 0.7141132395998575}