{"MRRm_new": 0.16431200945733007, "MRm_new": 2036.9306330911518, "HITS@1m_new": 0.10204647178429878, "HITS@3m_new": 0.1707784978307027, "HITS@10m_new": 0.284742327136104}