{"MRRm_new": 0.16408870946228718, "MRm_new": 2036.3627587009669, "HITS@1m_new": 0.10177910317985515, "HITS@3m_new": 0.17215690340599393, "HITS@10m_new": 0.28381844528374495}