{"MRRm_new": 0.39943378831204246, "MRm_new": 137.39770128736646, "HITS@1m_new": 0.3076489084794739, "HITS@3m_new": 0.4400495064197457, "HITS@10m_new": 0.5744589606780064}