{"MRRm_new": 0.2761006150524254, "MRm_new": 625.9601973122955, "HITS@1m_new": 0.19607830547186314, "HITS@3m_new": 0.2964283000495052, "HITS@10m_new": 0.4374981632865965}