{"MRRm_new": 0.11393625419234595, "MRm_new": 326.84269727277757, "HITS@1m_new": 0.05992884914742317, "HITS@3m_new": 0.11854162236454431, "HITS@10m_new": 0.21489545749826358}