{"MRRm_new": 0.11472464395930729, "MRm_new": 8790.304329277962, "HITS@1m_new": 0.06814414472691714, "HITS@3m_new": 0.12241833100200165, "HITS@10m_new": 0.20740139092644677}