{"MRRm_new": 0.09305898302868172, "MRm_new": 1008.4080283540189, "HITS@1m_new": 0.0544285551346984, "HITS@3m_new": 0.09550520612874606, "HITS@10m_new": 0.16419315047658892}