{"MRRm_new": 0.0985187368840765, "MRm_new": 1882.1738714623452, "HITS@1m_new": 0.05520417112293653, "HITS@3m_new": 0.10101908022086135, "HITS@10m_new": 0.18398741838634014}