{"MRRm_new": 0.15946293369990053, "MRm_new": 2844.5945181369484, "HITS@1m_new": 0.10178138245661103, "HITS@3m_new": 0.1701363470192009, "HITS@10m_new": 0.2690777455357165}