{"MRRm_new": 0.11538613175382634, "MRm_new": 313.10933319420815, "HITS@1m_new": 0.0613549865529465, "HITS@3m_new": 0.11867877493549604, "HITS@10m_new": 0.22052232775883748}