{"MRRm_new": 0.2612035830838827, "MRm_new": 804.0926851387322, "HITS@1m_new": 0.18249870275630384, "HITS@3m_new": 0.28271906276023945, "HITS@10m_new": 0.41786853492143566}