{"MRRm_new": 0.12769301688171109, "MRm_new": 1487.0963296245336, "HITS@1m_new": 0.07415350443911739, "HITS@3m_new": 0.1319047797795851, "HITS@10m_new": 0.23314466733876615}