{"MRRm_new": 0.42993444129602315, "MRm_new": 801.3451685929, "HITS@1m_new": 0.30015521333366635, "HITS@3m_new": 0.501291875760071, "HITS@10m_new": 0.6911442804711405}