{"MRRm_new": 0.41388014943580126, "MRm_new": 130.9554006532356, "HITS@1m_new": 0.32327514422449166, "HITS@3m_new": 0.453634250272371, "HITS@10m_new": 0.5860884480874956}