{"MRRm_new": 0.10604954927283507, "MRm_new": 2064.1498267968445, "HITS@1m_new": 0.06876623693211513, "HITS@3m_new": 0.110967968009365, "HITS@10m_new": 0.17909143112041057}