{"MRRm_new": 0.0949549523603464, "MRm_new": 1729.62780891414, "HITS@1m_new": 0.055879250598518414, "HITS@3m_new": 0.1016679186338588, "HITS@10m_new": 0.16987881794100396}