{"MRRm_new": 0.46275604926203656, "MRm_new": 107.91421735040058, "HITS@1m_new": 0.3612210977798128, "HITS@3m_new": 0.5080095468866394, "HITS@10m_new": 0.6673178597026465}