{"MRRm_new": 0.10834424250076118, "MRm_new": 1131.703078776431, "HITS@1m_new": 0.058054563342395706, "HITS@3m_new": 0.11349610867621378, "HITS@10m_new": 0.20530435161869973}