{"MRRm_new": 0.11672615813925367, "MRm_new": 293.6710567908287, "HITS@1m_new": 0.057149831499205904, "HITS@3m_new": 0.12383440964687616, "HITS@10m_new": 0.23216830420512707}