{"MRRm_new": 0.14270903216820716, "MRm_new": 522.3297856885791, "HITS@1m_new": 0.08525202282169994, "HITS@3m_new": 0.1509643481177336, "HITS@10m_new": 0.2562545103629527}