{"MRRm_new": 0.19862766330831982, "MRm_new": 747.7672935594171, "HITS@1m_new": 0.13018772653406632, "HITS@3m_new": 0.2164653163834373, "HITS@10m_new": 0.33558038408422725}