{"MRRm_new": 0.09750787502962194, "MRm_new": 1885.4456940009356, "HITS@1m_new": 0.05399707079823129, "HITS@3m_new": 0.10051480943192728, "HITS@10m_new": 0.18230167996622623}