{"MRRm_new": 0.18748055696419214, "MRm_new": 284.01314762955906, "HITS@1m_new": 0.1121515243085596, "HITS@3m_new": 0.20467906397664773, "HITS@10m_new": 0.3358166247526824}