{"MRRm_new": 0.2424481533436151, "MRm_new": 4823.731531584024, "HITS@1m_new": 0.17082855677523184, "HITS@3m_new": 0.26563171741127733, "HITS@10m_new": 0.38136827327142236}