{"MRRm_new": 0.19032473170184994, "MRm_new": 5361.3275950630905, "HITS@1m_new": 0.13344943795882863, "HITS@3m_new": 0.20807682861440116, "HITS@10m_new": 0.30058609027281635}