{"MRRm_new": 0.16798940036230214, "MRm_new": 1193.6791133896857, "HITS@1m_new": 0.1097108179447605, "HITS@3m_new": 0.17744026743548966, "HITS@10m_new": 0.28548231068319363}