{"MRRm_new": 0.07338459522077465, "MRm_new": 2050.8914381263016, "HITS@1m_new": 0.03820860955454409, "HITS@3m_new": 0.07311015577903017, "HITS@10m_new": 0.14370844941381364}