{"MRRm_new": 0.19536591650991322, "MRm_new": 681.0151062496424, "HITS@1m_new": 0.12338493238128721, "HITS@3m_new": 0.20852993643281514, "HITS@10m_new": 0.34442489191559145}