{"MRRm_new": 0.1163804975451305, "MRm_new": 313.21003734369276, "HITS@1m_new": 0.06213422588406247, "HITS@3m_new": 0.11950937178018503, "HITS@10m_new": 0.22339759495295583}