{"MRRm_new": 0.19618633250465645, "MRm_new": 236.27132654232977, "HITS@1m_new": 0.12217683310345746, "HITS@3m_new": 0.21263828952959737, "HITS@10m_new": 0.3413204292638227}