{"MRRm_new": 0.16700393757013954, "MRm_new": 659.3685787086487, "HITS@1m_new": 0.09342103537924122, "HITS@3m_new": 0.17866986521207728, "HITS@10m_new": 0.31542541144774294}