{"MRRm_new": 0.1245256890600227, "MRm_new": 328.2428862051249, "HITS@1m_new": 0.06775286943329266, "HITS@3m_new": 0.128650178964535, "HITS@10m_new": 0.23288630447564646}