{"MRRm_new": 0.04912762100130203, "MRm_new": 3250.0123275205046, "HITS@1m_new": 0.030436095057226338, "HITS@3m_new": 0.049796833552642056, "HITS@10m_new": 0.08322785995114464}