{"MRRm_new": 0.19418690278976283, "MRm_new": 635.2867881068706, "HITS@1m_new": 0.1229549648765591, "HITS@3m_new": 0.20598142198255517, "HITS@10m_new": 0.3394275661861058}