{"MRRm_new": 0.08256210733319312, "MRm_new": 1735.1706015150546, "HITS@1m_new": 0.05127685527547146, "HITS@3m_new": 0.08507087602926186, "HITS@10m_new": 0.1393801093380316}