{"MRRm_new": 0.1814386524714537, "MRm_new": 5615.642934272587, "HITS@1m_new": 0.12707333255925915, "HITS@3m_new": 0.19901095923554385, "HITS@10m_new": 0.2818947963491664}