{"MRRm_new": 0.14593437864730222, "MRm_new": 285.0596867961407, "HITS@1m_new": 0.08035092245818232, "HITS@3m_new": 0.15733194196951808, "HITS@10m_new": 0.27589855623585174}