{"MRRm_new": 0.21775731221029418, "MRm_new": 249.28984717597962, "HITS@1m_new": 0.12120770962573588, "HITS@3m_new": 0.23830361948609352, "HITS@10m_new": 0.422245055417344}