{"MRRm_new": 0.40664568095927095, "MRm_new": 364.1660683373734, "HITS@1m_new": 0.31436049434552116, "HITS@3m_new": 0.4463840482441883, "HITS@10m_new": 0.5836943830061937}