{"MRRm_new": 0.09558436732149421, "MRm_new": 1571.0226990549327, "HITS@1m_new": 0.053965526346000846, "HITS@3m_new": 0.0983736122730188, "HITS@10m_new": 0.17593313939592337}