{"MRRm_new": 0.14500302698786982, "MRm_new": 774.1394345926046, "HITS@1m_new": 0.0803530665531871, "HITS@3m_new": 0.1515757379509043, "HITS@10m_new": 0.2769432606334798}