{"MRRm_new": 0.14439808300071127, "MRm_new": 7403.276984011352, "HITS@1m_new": 0.10470384294207906, "HITS@3m_new": 0.15523266739412794, "HITS@10m_new": 0.2157517488055455}