{"MRRm_new": 0.21770158981298754, "MRm_new": 942.25032734669, "HITS@1m_new": 0.1563627209050137, "HITS@3m_new": 0.2356218969088477, "HITS@10m_new": 0.3346017915658013}