{"MRRm_new": 0.1955084554585992, "MRm_new": 681.3973385342837, "HITS@1m_new": 0.12394947768966667, "HITS@3m_new": 0.208078063638811, "HITS@10m_new": 0.34433608463145793}