{"MRRm_new": 0.2128306567156519, "MRm_new": 5863.858463638514, "HITS@1m_new": 0.1488567766135093, "HITS@3m_new": 0.23142878494015895, "HITS@10m_new": 0.3417565926024108}