{"MRRm_new": 0.43833068746305026, "MRm_new": 1179.1724860851168, "HITS@1m_new": 0.32599380053952337, "HITS@3m_new": 0.5023424761951901, "HITS@10m_new": 0.6578323351405561}