{"MRRm_new": 0.2410836349486599, "MRm_new": 832.3215856340826, "HITS@1m_new": 0.16562412394990678, "HITS@3m_new": 0.25651937764626925, "HITS@10m_new": 0.39046511026774533}