{"MRRm_new": 0.1228575968427208, "MRm_new": 8663.126119858383, "HITS@1m_new": 0.07166532253054902, "HITS@3m_new": 0.13149312562972773, "HITS@10m_new": 0.2289579855327611}