{"MRRm_new": 0.4471801359530461, "MRm_new": 96.27199923753157, "HITS@1m_new": 0.337065424227521, "HITS@3m_new": 0.4978077171655932, "HITS@10m_new": 0.6685723052024904}