{"MRRm_new": 0.1068532074656805, "MRm_new": 2028.35543249923, "HITS@1m_new": 0.06963854656352488, "HITS@3m_new": 0.11082531108896729, "HITS@10m_new": 0.18039509745409305}