{"MRRm_new": 0.08392797366510331, "MRm_new": 1137.2954846344887, "HITS@1m_new": 0.04885172087775936, "HITS@3m_new": 0.08475247314961235, "HITS@10m_new": 0.14945050048211853}