{"MRRm_new": 0.3934433806360721, "MRm_new": 135.78482811126858, "HITS@1m_new": 0.30130365134394377, "HITS@3m_new": 0.43283704510581444, "HITS@10m_new": 0.5713611242542974}