{"MRRm_new": 0.1161059264446405, "MRm_new": 1670.3165856270314, "HITS@1m_new": 0.06568087241677567, "HITS@3m_new": 0.12106663586818613, "HITS@10m_new": 0.21327346941670403}