{"MRRm_new": 0.46143030642054966, "MRm_new": 100.56511423820257, "HITS@1m_new": 0.3697069935701147, "HITS@3m_new": 0.5053132628595631, "HITS@10m_new": 0.6343853820208023}