{"MRRm_new": 0.45476711366020467, "MRm_new": 124.75291386341267, "HITS@1m_new": 0.3540434908118579, "HITS@3m_new": 0.5003804994568878, "HITS@10m_new": 0.6572430802436682}