{"MRRm_new": 0.1752203019188397, "MRm_new": 777.7484145696878, "HITS@1m_new": 0.10833206682476448, "HITS@3m_new": 0.18721529835332185, "HITS@10m_new": 0.31168892641551793}