{"MRRm_new": 0.17121877929868196, "MRm_new": 6880.320785906255, "HITS@1m_new": 0.12446104931249283, "HITS@3m_new": 0.18547604342276464, "HITS@10m_new": 0.2594575843398634}