{"MRRm_new": 0.23225793929572228, "MRm_new": 594.0560605883301, "HITS@1m_new": 0.15167682662946755, "HITS@3m_new": 0.2531679743360437, "HITS@10m_new": 0.3886974587609875}