{"MRRm_new": 0.2820789718387416, "MRm_new": 146.40455523588656, "HITS@1m_new": 0.17286257721427828, "HITS@3m_new": 0.31601704661967234, "HITS@10m_new": 0.5132019953278825}