{"MRRm_new": 0.3740947992700621, "MRm_new": 93.68441803339124, "HITS@1m_new": 0.2464780472603452, "HITS@3m_new": 0.4342646282215137, "HITS@10m_new": 0.627650189379201}