{"MRRm_new": 0.12266455331132602, "MRm_new": 1037.1051833607673, "HITS@1m_new": 0.06967183360233321, "HITS@3m_new": 0.12704218706585235, "HITS@10m_new": 0.23027712389037477}