{"MRRm_new": 0.2026848177031323, "MRm_new": 228.3969049483061, "HITS@1m_new": 0.12665744834761716, "HITS@3m_new": 0.21892940777020994, "HITS@10m_new": 0.3554119643824641}