{"MRRm_new": 0.0702132110610808, "MRm_new": 1887.6529204077005, "HITS@1m_new": 0.03880908802661579, "HITS@3m_new": 0.07137792467852123, "HITS@10m_new": 0.1266984139254899}