{"MRRm_new": 0.2484061155821946, "MRm_new": 798.255094501257, "HITS@1m_new": 0.17099658056261252, "HITS@3m_new": 0.2644938039155677, "HITS@10m_new": 0.4020335682872683}