{"MRRm_new": 0.2646034887596534, "MRm_new": 801.92550448668, "HITS@1m_new": 0.18613358768669422, "HITS@3m_new": 0.28052131515904327, "HITS@10m_new": 0.42581689418060703}