{"MRRm_new": 0.18216498124339114, "MRm_new": 1914.7121539269685, "HITS@1m_new": 0.11630203224912111, "HITS@3m_new": 0.19346839211885528, "HITS@10m_new": 0.3120774025330902}