{"MRRm_new": 0.09915603158406303, "MRm_new": 466.1989879999161, "HITS@1m_new": 0.053599361933436014, "HITS@3m_new": 0.09890323525387794, "HITS@10m_new": 0.18748162629911677}