{"MRRm_new": 0.10341340147561132, "MRm_new": 382.2252801922083, "HITS@1m_new": 0.05416671425935347, "HITS@3m_new": 0.10409757898373063, "HITS@10m_new": 0.1981313550706953}