{"MRRm_new": 0.2618504074791849, "MRm_new": 608.6845826465785, "HITS@1m_new": 0.1836824638909311, "HITS@3m_new": 0.28030523073347285, "HITS@10m_new": 0.41750856160069816}