{"MRRm_new": 0.5910238616808544, "MRm_new": 995.3723531293592, "HITS@1m_new": 0.501619777018739, "HITS@3m_new": 0.6474931452135091, "HITS@10m_new": 0.7520239189128505}