{"MRRm_new": 0.22341149386416692, "MRm_new": 856.7323813259005, "HITS@1m_new": 0.13454166133442777, "HITS@3m_new": 0.24717588664105278, "HITS@10m_new": 0.4088685557794961}