{"MRRm_new": 0.13465372314403476, "MRm_new": 9003.533051934659, "HITS@1m_new": 0.10025282000453445, "HITS@3m_new": 0.14522619712061716, "HITS@10m_new": 0.19535394794945024}