{"MRRm_new": 0.30500195554632226, "MRm_new": 136.97970891952514, "HITS@1m_new": 0.20332057794975117, "HITS@3m_new": 0.3462187732688617, "HITS@10m_new": 0.5052883504708588}