{"MRRm_new": 0.16418543505738262, "MRm_new": 2038.2012116260528, "HITS@1m_new": 0.1016489881608577, "HITS@3m_new": 0.1710110088158981, "HITS@10m_new": 0.2848547911614296}