{"MRRm_new": 0.6853961626749014, "MRm_new": 50.94045739296079, "HITS@1m_new": 0.5873821814837865, "HITS@3m_new": 0.752644325498346, "HITS@10m_new": 0.8592932265417476}