{"MRRm_new": 0.14398937180082338, "MRm_new": 509.9274180136025, "HITS@1m_new": 0.08602553295606413, "HITS@3m_new": 0.15192667100319523, "HITS@10m_new": 0.2557115170205943}