{"MRRm_new": 0.2376452328979358, "MRm_new": 648.0328543038667, "HITS@1m_new": 0.16030987623118562, "HITS@3m_new": 0.2534258373231278, "HITS@10m_new": 0.38924533257377336}