{"MRRm_new": 0.2137289433768692, "MRm_new": 5946.928117179692, "HITS@1m_new": 0.15018528279848398, "HITS@3m_new": 0.2324793089905288, "HITS@10m_new": 0.34233178611594484}