{"MRRm_new": 0.1827588468051458, "MRm_new": 1907.7502267843188, "HITS@1m_new": 0.11696961746322632, "HITS@3m_new": 0.19499458908037923, "HITS@10m_new": 0.3124813376625243}