{"MRRm_new": 0.05923144860579032, "MRm_new": 3059.3049186000826, "HITS@1m_new": 0.03797850428524907, "HITS@3m_new": 0.06083312180080611, "HITS@10m_new": 0.09769642879461389}