{"MRRm_new": 0.8863565610430416, "MRm_new": 27.540500363591384, "HITS@1m_new": 0.8507926399891317, "HITS@3m_new": 0.9121497235288364, "HITS@10m_new": 0.9444576797001193}