{"MRRm_new": 0.1482803523937855, "MRm_new": 2238.5443351243734, "HITS@1m_new": 0.09015502991325047, "HITS@3m_new": 0.15317018387751888, "HITS@10m_new": 0.26047689229238313}