{"MRRm_new": 0.07390348928390013, "MRm_new": 1842.2426362529277, "HITS@1m_new": 0.04146214009863324, "HITS@3m_new": 0.07635603271522559, "HITS@10m_new": 0.1342199467487051}