{"MRRm_new": 0.11577336720031599, "MRm_new": 1473.0885555736304, "HITS@1m_new": 0.06509689479772933, "HITS@3m_new": 0.11761856934716924, "HITS@10m_new": 0.21660483874250203}