{"MRRm_new": 0.12650054700757118, "MRm_new": 9569.778255961925, "HITS@1m_new": 0.09335231172374915, "HITS@3m_new": 0.13443786513924716, "HITS@10m_new": 0.18932912137071253}