{"MRRm_new": 0.2371208348551627, "MRm_new": 324.93232371676714, "HITS@1m_new": 0.1629411103503444, "HITS@3m_new": 0.2566005632846645, "HITS@10m_new": 0.37918448757193984}