{"MRRm_new": 0.19635071206635893, "MRm_new": 4930.431795083582, "HITS@1m_new": 0.13877125472397892, "HITS@3m_new": 0.2123521377030993, "HITS@10m_new": 0.30197431844926903}