{"MRRm_new": 0.1874832452814353, "MRm_new": 832.6113861471862, "HITS@1m_new": 0.1227429594021014, "HITS@3m_new": 0.20285240913133748, "HITS@10m_new": 0.3153057181919285}