{"MRRm_new": 0.37312116444549026, "MRm_new": 117.59483188593387, "HITS@1m_new": 0.2647932986096479, "HITS@3m_new": 0.4206910813137889, "HITS@10m_new": 0.5907534232977778}