{"MRRm_new": 0.08861476743665844, "MRm_new": 1790.0887827283293, "HITS@1m_new": 0.05098322422771889, "HITS@3m_new": 0.09380278011717019, "HITS@10m_new": 0.1579428232157079}