{"MRRm_new": 0.16186225152359976, "MRm_new": 7304.193920199305, "HITS@1m_new": 0.09705878890870372, "HITS@3m_new": 0.174937904020946, "HITS@10m_new": 0.2975117539571365}