{"MRRm_new": 0.213578194553676, "MRm_new": 661.9465010991097, "HITS@1m_new": 0.13819743923435454, "HITS@3m_new": 0.2297150498997071, "HITS@10m_new": 0.36310054081247656}