{"MRRm_new": 0.20041511283160207, "MRm_new": 4703.019815719217, "HITS@1m_new": 0.14154223127514706, "HITS@3m_new": 0.21925267213594635, "HITS@10m_new": 0.31135621591703966}