{"MRRm_new": 0.17184906648082104, "MRm_new": 233.26730005767345, "HITS@1m_new": 0.0995226720680832, "HITS@3m_new": 0.18673742931811138, "HITS@10m_new": 0.3159921318187378}