{"MRRm_new": 0.19258091124469792, "MRm_new": 507.4923412768364, "HITS@1m_new": 0.11619049072242342, "HITS@3m_new": 0.20386958575516473, "HITS@10m_new": 0.3468529240424745}