{"MRRm_new": 0.13715577417454414, "MRm_new": 8719.615364503592, "HITS@1m_new": 0.09839125881533255, "HITS@3m_new": 0.14733807502588026, "HITS@10m_new": 0.20890759176624124}