{"MRRm_new": 0.15537941350057372, "MRm_new": 906.5914331252336, "HITS@1m_new": 0.09427743651415803, "HITS@3m_new": 0.16277512957474682, "HITS@10m_new": 0.27721902588685043}