{"MRRm_new": 0.40182504947092273, "MRm_new": 136.8482530870959, "HITS@1m_new": 0.3105900377993094, "HITS@3m_new": 0.4426521136047086, "HITS@10m_new": 0.5757959372837067}