{"MRRm_new": 0.12170994847201946, "MRm_new": 374.93227005000114, "HITS@1m_new": 0.06935570910743555, "HITS@3m_new": 0.12402991603387636, "HITS@10m_new": 0.22174600560257676}