{"MRRm_new": 0.1486727844429988, "MRm_new": 2229.4177864976227, "HITS@1m_new": 0.09046418162171904, "HITS@3m_new": 0.15353201182564954, "HITS@10m_new": 0.26069647541700397}