{"MRRm_new": 0.14224190371122222, "MRm_new": 519.8346372701973, "HITS@1m_new": 0.08490886434566709, "HITS@3m_new": 0.14929912645887816, "HITS@10m_new": 0.2538498181118048}