{"MRRm_new": 0.1863761356703999, "MRm_new": 282.9548099400252, "HITS@1m_new": 0.11084780856170982, "HITS@3m_new": 0.2043943457046189, "HITS@10m_new": 0.3368821421558096}