{"MRRm_new": 0.17484644530351942, "MRm_new": 773.6511325485229, "HITS@1m_new": 0.10811816407922888, "HITS@3m_new": 0.18701553834741935, "HITS@10m_new": 0.3129535914847162}