{"MRRm_new": 0.07036353458436352, "MRm_new": 1947.0381914890527, "HITS@1m_new": 0.031992140488233414, "HITS@3m_new": 0.07398684434015304, "HITS@10m_new": 0.14000313773201778}