{"MRRm_new": 0.07987950872624607, "MRm_new": 12773.310376039504, "HITS@1m_new": 0.06283962503007205, "HITS@3m_new": 0.08207348816552258, "HITS@10m_new": 0.1099908914786065}