{"MRRm_new": 0.10277569383021036, "MRm_new": 1289.2439542917728, "HITS@1m_new": 0.04796332023288123, "HITS@3m_new": 0.10941943725720048, "HITS@10m_new": 0.20998506567212752}