{"MRRm_new": 0.17099490364425857, "MRm_new": 1438.718497123137, "HITS@1m_new": 0.11518780325063563, "HITS@3m_new": 0.18586223519948544, "HITS@10m_new": 0.27816715032581124}