{"MRRm_new": 0.0325714135674898, "MRm_new": 2709.2165066750945, "HITS@1m_new": 0.015959114776487694, "HITS@3m_new": 0.031943150433842674, "HITS@10m_new": 0.05930558267384185}