{"MRRm_new": 0.28030759993741233, "MRm_new": 127.87544472694397, "HITS@1m_new": 0.1770369555655925, "HITS@3m_new": 0.32047742193088924, "HITS@10m_new": 0.48319356263673396}