{"MRRm_new": 0.07035805342372624, "MRm_new": 1862.8947012773276, "HITS@1m_new": 0.03827134316130541, "HITS@3m_new": 0.07324644556739368, "HITS@10m_new": 0.1300810316013638}