{"MRRm_new": 0.25412706336235397, "MRm_new": 786.7936483417153, "HITS@1m_new": 0.17523196481767808, "HITS@3m_new": 0.2748509114969056, "HITS@10m_new": 0.4117805154391681}