{"MRRm_new": 0.23025096195349307, "MRm_new": 874.9451471925751, "HITS@1m_new": 0.16633297032883637, "HITS@3m_new": 0.2507378357794987, "HITS@10m_new": 0.351330284623662}