{"MRRm_new": 0.2622046216418403, "MRm_new": 810.8687494492233, "HITS@1m_new": 0.18448301598324907, "HITS@3m_new": 0.2837276595047442, "HITS@10m_new": 0.4166707633242477}