{"MRRm_new": 0.06338474429646522, "MRm_new": 2151.6692274224906, "HITS@1m_new": 0.03956168411226099, "HITS@3m_new": 0.0660074738623116, "HITS@10m_new": 0.10352725607301182}