{"MRRm_new": 0.2183904867709639, "MRm_new": 830.597038507849, "HITS@1m_new": 0.1444475970058702, "HITS@3m_new": 0.22961097767134198, "HITS@10m_new": 0.36557600178732536}