{"MRRm_new": 0.16375642818682218, "MRm_new": 2447.0320747723877, "HITS@1m_new": 0.10262188156900812, "HITS@3m_new": 0.17120054497823003, "HITS@10m_new": 0.2906595107591565}