{"MRRm_new": 0.2423631052983842, "MRm_new": 4858.439163113207, "HITS@1m_new": 0.1724902099648607, "HITS@3m_new": 0.2636454962725402, "HITS@10m_new": 0.38116367411677493}