{"MRRm_new": 0.09814430923338223, "MRm_new": 1839.9312738586664, "HITS@1m_new": 0.05519095123368315, "HITS@3m_new": 0.10091483580595814, "HITS@10m_new": 0.18195990945193916}