{"MRRm_new": 0.8822847627804417, "MRm_new": 39.10133820418275, "HITS@1m_new": 0.8485815103206009, "HITS@3m_new": 0.906485563691408, "HITS@10m_new": 0.9382666036760341}