{"MRRm_new": 0.1642105815115842, "MRm_new": 5932.923505687743, "HITS@1m_new": 0.09528746240516194, "HITS@3m_new": 0.17806123126694, "HITS@10m_new": 0.3081686806003563}