{"MRRm_new": 0.11583112508738413, "MRm_new": 422.8154657324791, "HITS@1m_new": 0.06598681336365407, "HITS@3m_new": 0.11867925596904243, "HITS@10m_new": 0.21052034503800096}