{"MRRm_new": 0.11554798555480665, "MRm_new": 431.5618459959984, "HITS@1m_new": 0.06571291191271739, "HITS@3m_new": 0.11836406108430819, "HITS@10m_new": 0.20961838475720143}