{"MRRm_new": 0.08175643509129804, "MRm_new": 1160.00372784701, "HITS@1m_new": 0.047606789714420304, "HITS@3m_new": 0.0817237911906268, "HITS@10m_new": 0.14689611684140255}