{"MRRm_new": 0.19307771339944446, "MRm_new": 506.4656987742424, "HITS@1m_new": 0.1170862487299135, "HITS@3m_new": 0.2045196698517306, "HITS@10m_new": 0.34847173810550014}