{"MRRm_new": 0.7857536373156683, "MRm_new": 39.158800761030015, "HITS@1m_new": 0.6929005483664131, "HITS@3m_new": 0.8651468459562693, "HITS@10m_new": 0.9291608932608332}