{"MRRm_new": 0.4071922350952746, "MRm_new": 1100.6149724410773, "HITS@1m_new": 0.29196685139345935, "HITS@3m_new": 0.46512574491743, "HITS@10m_new": 0.6382351190051995}