{"MRRm_new": 0.18973208722753043, "MRm_new": 503.54665445632935, "HITS@1m_new": 0.11267748595084995, "HITS@3m_new": 0.2013415632232558, "HITS@10m_new": 0.34567938504354095}