{"MRRm_new": 0.013200471253540855, "MRm_new": 4880.220279162973, "HITS@1m_new": 0.0073646315816477, "HITS@3m_new": 0.012684266431424476, "HITS@10m_new": 0.021158095637583755}