{"MRRm_new": 0.2213829458980358, "MRm_new": 5999.43927517727, "HITS@1m_new": 0.15544099847250617, "HITS@3m_new": 0.24159386072028427, "HITS@10m_new": 0.35327926944731736}