{"MRRm_new": 0.2903989671991567, "MRm_new": 801.2748243028745, "HITS@1m_new": 0.20828664830315394, "HITS@3m_new": 0.3193754408999812, "HITS@10m_new": 0.45128225788037524}