{"MRRm_new": 0.16379233848488048, "MRm_new": 1928.8140420869588, "HITS@1m_new": 0.10104067222839512, "HITS@3m_new": 0.1742722646454931, "HITS@10m_new": 0.2799820458608447}