{"MRRm_new": 0.10533296250004605, "MRm_new": 2086.0128260613083, "HITS@1m_new": 0.06838025962303436, "HITS@3m_new": 0.11046612258161986, "HITS@10m_new": 0.17775868561556127}