{"MRRm_new": 0.2586328592979562, "MRm_new": 603.7009284500182, "HITS@1m_new": 0.1801779853380285, "HITS@3m_new": 0.2761726815765724, "HITS@10m_new": 0.4168535810657777}