{"MRRm_new": 0.10586036668434681, "MRm_new": 372.52873714506626, "HITS@1m_new": 0.05606146077180747, "HITS@3m_new": 0.1074012923961971, "HITS@10m_new": 0.20350944751929492}