{"MRRm_new": 0.07983578245089393, "MRm_new": 2648.4859343599082, "HITS@1m_new": 0.05096965711098528, "HITS@3m_new": 0.0837710132762586, "HITS@10m_new": 0.13429619498125975}