{"MRRm_new": 0.17197321471441182, "MRm_new": 6560.285788807839, "HITS@1m_new": 0.10004391647962621, "HITS@3m_new": 0.19430338975979247, "HITS@10m_new": 0.31686525608343075}