{"MRRm_new": 0.2024338388109354, "MRm_new": 197.81735030828418, "HITS@1m_new": 0.1221017138235693, "HITS@3m_new": 0.22097806766186842, "HITS@10m_new": 0.3588394548858196}