{"MRRm_new": 0.2556067331808622, "MRm_new": 635.65183316347, "HITS@1m_new": 0.1782086407170864, "HITS@3m_new": 0.2734577853202354, "HITS@10m_new": 0.4093609554609284}