{"MRRm_new": 0.1337530265418791, "MRm_new": 7818.423666708916, "HITS@1m_new": 0.0800901779892156, "HITS@3m_new": 0.1434388333291281, "HITS@10m_new": 0.24190622667875142}