{"MRRm_new": 0.034937462587432494, "MRm_new": 3677.9239104053377, "HITS@1m_new": 0.022615257104109332, "HITS@3m_new": 0.034328606094448336, "HITS@10m_new": 0.05488105612278014}