{"MRRm_new": 0.3055829396711051, "MRm_new": 612.3190073647946, "HITS@1m_new": 0.22470059480832788, "HITS@3m_new": 0.3367262976062011, "HITS@10m_new": 0.4607702705455995}