{"MRRm_new": 0.06390251386067249, "MRm_new": 2043.9484163582088, "HITS@1m_new": 0.030334665457112716, "HITS@3m_new": 0.06543813765621743, "HITS@10m_new": 0.1276132761823479}