{"MRRm_new": 0.35523800795991156, "MRm_new": 159.54844128088652, "HITS@1m_new": 0.2653748887768161, "HITS@3m_new": 0.3915756162344769, "HITS@10m_new": 0.5333228460581159}