{"MRRm_new": 0.13718325522859096, "MRm_new": 8773.85627421695, "HITS@1m_new": 0.09927226731940755, "HITS@3m_new": 0.1465535422869725, "HITS@10m_new": 0.21004926137515575}