{"MRRm_new": 0.10920701278602646, "MRm_new": 1483.5283396280527, "HITS@1m_new": 0.05472537095649168, "HITS@3m_new": 0.11308911928981542, "HITS@10m_new": 0.21941212855847553}