{"MRRm_new": 0.09837907575712161, "MRm_new": 463.9134776652813, "HITS@1m_new": 0.05283224537868519, "HITS@3m_new": 0.09843194209611975, "HITS@10m_new": 0.1863037328216247}