{"MRRm_new": 0.10344146750938671, "MRm_new": 385.8044510818243, "HITS@1m_new": 0.05436046927307034, "HITS@3m_new": 0.10440232215146535, "HITS@10m_new": 0.19710254709795116}