{"MRRm_new": 0.03613926831309709, "MRm_new": 3626.354894781336, "HITS@1m_new": 0.02360991682777967, "HITS@3m_new": 0.035273444254959034, "HITS@10m_new": 0.057617672896194565}