{"MRRm_new": 0.14338220031157545, "MRm_new": 284.27740274665354, "HITS@1m_new": 0.07834357193987235, "HITS@3m_new": 0.15421061417105375, "HITS@10m_new": 0.27229575301520526}