{"MRRm_new": 0.3276369044727135, "MRm_new": 376.4567556167543, "HITS@1m_new": 0.22378454860772035, "HITS@3m_new": 0.3678966594695448, "HITS@10m_new": 0.5350058772544507}