{"MRRm_new": 0.2181693282616752, "MRm_new": 885.4360004001558, "HITS@1m_new": 0.13205330602910545, "HITS@3m_new": 0.24025960681324068, "HITS@10m_new": 0.4005589418199379}