{"MRRm_new": 0.22230227742811984, "MRm_new": 907.1086452006027, "HITS@1m_new": 0.1595964461923104, "HITS@3m_new": 0.24248827309895932, "HITS@10m_new": 0.3403092506963585}