{"MRRm_new": 0.3109319129447176, "MRm_new": 191.2486279457435, "HITS@1m_new": 0.22781772529104274, "HITS@3m_new": 0.3363952218795603, "HITS@10m_new": 0.47509559962153436}