{"MRRm_new": 0.1410431629222644, "MRm_new": 2865.806574587047, "HITS@1m_new": 0.0862311553495092, "HITS@3m_new": 0.14329259382217424, "HITS@10m_new": 0.2522121977530769}