{"MRRm_new": 0.1189964563641901, "MRm_new": 922.6601338269711, "HITS@1m_new": 0.06283598550722236, "HITS@3m_new": 0.12430903080911375, "HITS@10m_new": 0.22741774191358127}