{"MRRm_new": 0.3408276097261469, "MRm_new": 1516.5446826597451, "HITS@1m_new": 0.22016216693259777, "HITS@3m_new": 0.3885331411777297, "HITS@10m_new": 0.5895007934526074}