{"MRRm_new": 0.20940221685056076, "MRm_new": 805.0060045633018, "HITS@1m_new": 0.13633392588997958, "HITS@3m_new": 0.2246942375850631, "HITS@10m_new": 0.35264746685701537}