{"MRRm_new": 0.17025580521096273, "MRm_new": 553.4769316470146, "HITS@1m_new": 0.10029951524286299, "HITS@3m_new": 0.17970160522332881, "HITS@10m_new": 0.31385672454349695}