{"MRRm_new": 0.11613014156397986, "MRm_new": 1659.624210589552, "HITS@1m_new": 0.06518623638614081, "HITS@3m_new": 0.12111326095517724, "HITS@10m_new": 0.2150266535154078}