{"MRRm_new": 0.18976798645385135, "MRm_new": 549.4038219650537, "HITS@1m_new": 0.1293679679649067, "HITS@3m_new": 0.20308534473653708, "HITS@10m_new": 0.307944863480101}