{"MRRm_new": 0.16650449588179345, "MRm_new": 7668.298666070551, "HITS@1m_new": 0.12563761543462168, "HITS@3m_new": 0.17799164497616585, "HITS@10m_new": 0.2440949989699584}