{"MRRm_new": 0.1715827938773059, "MRm_new": 6639.051096027404, "HITS@1m_new": 0.10028002453147201, "HITS@3m_new": 0.19294985451648244, "HITS@10m_new": 0.3173324296864448}