{"MRRm_new": 0.16996629225783835, "MRm_new": 280.13433298740387, "HITS@1m_new": 0.1012598736529355, "HITS@3m_new": 0.18349054089339917, "HITS@10m_new": 0.30652212586579847}