{"MRRm_new": 0.16071583971019135, "MRm_new": 397.31256944122316, "HITS@1m_new": 0.10091884436818073, "HITS@3m_new": 0.17371954684893134, "HITS@10m_new": 0.2768116942817811}