{"MRRm_new": 0.11691893367307012, "MRm_new": 8847.171780979603, "HITS@1m_new": 0.06936109413334635, "HITS@3m_new": 0.12558939179388107, "HITS@10m_new": 0.2120113797597005}