{"MRRm_new": 0.1661109856504222, "MRm_new": 1840.0001667093634, "HITS@1m_new": 0.10168870488535321, "HITS@3m_new": 0.1779596816394187, "HITS@10m_new": 0.2894337908050511}