{"MRRm_new": 0.2124548205917049, "MRm_new": 5931.4460346739, "HITS@1m_new": 0.1483661144527141, "HITS@3m_new": 0.23059261513338425, "HITS@10m_new": 0.34406489366834286}