{"MRRm_new": 0.1356634840839135, "MRm_new": 324.30256837477685, "HITS@1m_new": 0.0789559882540605, "HITS@3m_new": 0.14179901075364323, "HITS@10m_new": 0.24531096182810141}