{"MRRm_new": 0.06981120905451244, "MRm_new": 1800.6051739003897, "HITS@1m_new": 0.037462305703153835, "HITS@3m_new": 0.07059400367357302, "HITS@10m_new": 0.1295030412357766}