{"MRRm_new": 0.05567008972448457, "MRm_new": 3245.539101729423, "HITS@1m_new": 0.038447628069385245, "HITS@3m_new": 0.05634025597850268, "HITS@10m_new": 0.08555753054635716}