{"MRRm_new": 0.23881557089738317, "MRm_new": 4730.471591759533, "HITS@1m_new": 0.167962747051497, "HITS@3m_new": 0.25737881479493807, "HITS@10m_new": 0.3838179656779976}