{"MRRm_new": 0.11778008740267024, "MRm_new": 8992.164387183935, "HITS@1m_new": 0.07081906963640358, "HITS@3m_new": 0.12537777720345183, "HITS@10m_new": 0.21215085502865258}