{"MRRm_new": 0.1764711528062312, "MRm_new": 1941.8823318813443, "HITS@1m_new": 0.11265478497269214, "HITS@3m_new": 0.1874966166424274, "HITS@10m_new": 0.30127392075245735}