{"MRRm_new": 0.21568869670529922, "MRm_new": 811.1640880270004, "HITS@1m_new": 0.14124466020487308, "HITS@3m_new": 0.22789208539421088, "HITS@10m_new": 0.36707902003632625}