{"MRRm_new": 0.3143529885960097, "MRm_new": 577.3554405730814, "HITS@1m_new": 0.23322038315778626, "HITS@3m_new": 0.34454683131107233, "HITS@10m_new": 0.4720709224829625}