{"MRRm_new": 0.15918303863935035, "MRm_new": 1249.7660667594225, "HITS@1m_new": 0.10136174757786284, "HITS@3m_new": 0.17223146257771077, "HITS@10m_new": 0.2730978769873909}