{"MRRm_new": 0.2143284859352234, "MRm_new": 4951.536274385571, "HITS@1m_new": 0.1564226344555791, "HITS@3m_new": 0.23371167354640784, "HITS@10m_new": 0.32248606137456953}