{"MRRm_new": 0.21373244187966747, "MRm_new": 4981.384762141734, "HITS@1m_new": 0.15550936829761486, "HITS@3m_new": 0.23390108751953811, "HITS@10m_new": 0.3219912014020083}