{"MRRm_new": 0.16853956716342947, "MRm_new": 656.4555266412735, "HITS@1m_new": 0.09593384183224989, "HITS@3m_new": 0.17901032474138773, "HITS@10m_new": 0.3159232378405519}