{"MRRm_new": 0.11224135685287474, "MRm_new": 1362.893198315978, "HITS@1m_new": 0.05714178753900342, "HITS@3m_new": 0.11595556394173764, "HITS@10m_new": 0.22362558395816012}