{"MRRm_new": 0.22065214288526658, "MRm_new": 854.2627158747017, "HITS@1m_new": 0.13237041334634705, "HITS@3m_new": 0.24556983486631362, "HITS@10m_new": 0.40504349886311686}