{"MRRm_new": 0.15854477008722734, "MRm_new": 2867.9026516255735, "HITS@1m_new": 0.10083806786757486, "HITS@3m_new": 0.16927010046245414, "HITS@10m_new": 0.2696295889699395}