{"MRRm_new": 0.13779898172838, "MRm_new": 302.44117813708783, "HITS@1m_new": 0.08066124347388977, "HITS@3m_new": 0.14303142673764377, "HITS@10m_new": 0.2454276067557279}