{"MRRm_new": 0.1326098296354603, "MRm_new": 7859.277201023788, "HITS@1m_new": 0.07656230905151461, "HITS@3m_new": 0.14247795296809637, "HITS@10m_new": 0.24333724200259893}