{"MRRm_new": 0.30118560254147175, "MRm_new": 197.30812509153785, "HITS@1m_new": 0.2064342795915145, "HITS@3m_new": 0.3373945391043817, "HITS@10m_new": 0.49195010956145413}