{"MRRm_new": 0.08151764187414393, "MRm_new": 2617.9763712659033, "HITS@1m_new": 0.05532168712699058, "HITS@3m_new": 0.08453058428779332, "HITS@10m_new": 0.13060282594447925}