{"MRRm_new": 0.2714985645761015, "MRm_new": 153.03460315659046, "HITS@1m_new": 0.16395101963169872, "HITS@3m_new": 0.3066852326140739, "HITS@10m_new": 0.4952965597135946}