{"MRRm_new": 0.16322022226845911, "MRm_new": 6396.102796341538, "HITS@1m_new": 0.09560757366463077, "HITS@3m_new": 0.176255236175959, "HITS@10m_new": 0.3017779112118296}