{"MRRm_new": 0.6040929098654196, "MRm_new": 52.06299854052067, "HITS@1m_new": 0.4531769079908554, "HITS@3m_new": 0.7193919334640959, "HITS@10m_new": 0.8675057713589631}