{"MRRm_new": 0.23005530547591208, "MRm_new": 4495.331400422781, "HITS@1m_new": 0.16632289216961363, "HITS@3m_new": 0.2507806894427631, "HITS@10m_new": 0.3546162177293154}