{"MRRm_new": 0.1498285857104338, "MRm_new": 1342.3805302854926, "HITS@1m_new": 0.08934519568504766, "HITS@3m_new": 0.1612657185086282, "HITS@10m_new": 0.2729949648504844}