{"MRRm_new": 0.09387165748314964, "MRm_new": 1230.0143917077035, "HITS@1m_new": 0.058013104708476024, "HITS@3m_new": 0.09735301384620107, "HITS@10m_new": 0.16068904631443}