{"MRRm_new": 0.08962151001146412, "MRm_new": 1594.0916601742983, "HITS@1m_new": 0.04822668717894703, "HITS@3m_new": 0.09214466643721098, "HITS@10m_new": 0.1689765943345614}