{"MRRm_new": 0.20100464405025995, "MRm_new": 196.9871888828993, "HITS@1m_new": 0.09839502635695972, "HITS@3m_new": 0.2227174488414079, "HITS@10m_new": 0.42889038846539335}