{"MRRm_new": 0.2750411985511914, "MRm_new": 575.8091519824267, "HITS@1m_new": 0.1931997334517655, "HITS@3m_new": 0.2948121817946085, "HITS@10m_new": 0.4416650923526613}