{"MRRm_new": 0.2150189979394945, "MRm_new": 641.7789409513175, "HITS@1m_new": 0.13685067643638468, "HITS@3m_new": 0.23128226392914075, "HITS@10m_new": 0.3709507854077965}