{"MRRm_new": 0.13532552696430503, "MRm_new": 322.03203172614576, "HITS@1m_new": 0.07914858373970492, "HITS@3m_new": 0.14170168437656247, "HITS@10m_new": 0.24330463276641676}