{"MRRm_new": 0.12984886870804765, "MRm_new": 283.5309829565525, "HITS@1m_new": 0.06694432940788102, "HITS@3m_new": 0.1381724108928698, "HITS@10m_new": 0.25306195728043096}