{"MRRm_new": 0.11258532755258639, "MRm_new": 1682.3404170530796, "HITS@1m_new": 0.06336114779296331, "HITS@3m_new": 0.11493130930573679, "HITS@10m_new": 0.20995581046491862}