{"MRRm_new": 0.16041023656434664, "MRm_new": 6568.4559211677015, "HITS@1m_new": 0.09368907214945647, "HITS@3m_new": 0.18008944290876389, "HITS@10m_new": 0.2936727654347196}