{"MRRm_new": 0.17233098163988178, "MRm_new": 279.93202347455025, "HITS@1m_new": 0.1036819051667233, "HITS@3m_new": 0.1842295674584806, "HITS@10m_new": 0.3079145339128561}