{"MRRm_new": 0.18589593389341916, "MRm_new": 846.5986008970589, "HITS@1m_new": 0.12213039146867959, "HITS@3m_new": 0.20071690178204155, "HITS@10m_new": 0.3136327674905842}