{"MRRm_new": 0.12544229501063237, "MRm_new": 1053.919731556177, "HITS@1m_new": 0.07430231715495465, "HITS@3m_new": 0.13141880337265321, "HITS@10m_new": 0.22636140320702688}