{"MRRm_new": 0.409125575999411, "MRm_new": 134.96584159298988, "HITS@1m_new": 0.31872736510267713, "HITS@3m_new": 0.44913453440819284, "HITS@10m_new": 0.5806647408453719}