{"MRRm_new": 0.12283822469441884, "MRm_new": 8234.630635937125, "HITS@1m_new": 0.07118769601383247, "HITS@3m_new": 0.13161479675234294, "HITS@10m_new": 0.22526239494726177}