{"MRRm_new": 0.28976135338598397, "MRm_new": 212.95929171341658, "HITS@1m_new": 0.195047697680282, "HITS@3m_new": 0.326878207273694, "HITS@10m_new": 0.4761776164790499}