{"MRRm_new": 0.237597545034027, "MRm_new": 5490.013097198695, "HITS@1m_new": 0.16175834506750106, "HITS@3m_new": 0.2644599695989164, "HITS@10m_new": 0.3917348760591121}