{"MRRm_new": 0.2043134029364417, "MRm_new": 227.88355001995563, "HITS@1m_new": 0.12862078986088746, "HITS@3m_new": 0.22199599424595945, "HITS@10m_new": 0.3548425407405477}