{"MRRm_new": 0.1997279809855604, "MRm_new": 6921.167220716208, "HITS@1m_new": 0.1387993591388804, "HITS@3m_new": 0.21706217131839367, "HITS@10m_new": 0.31929864439851374}