{"MRRm_new": 0.06453304992248013, "MRm_new": 2150.26850405767, "HITS@1m_new": 0.03280247478778474, "HITS@3m_new": 0.06346357591780834, "HITS@10m_new": 0.1269168073271867}