{"MRRm_new": 0.1815148546086798, "MRm_new": 1927.505886411369, "HITS@1m_new": 0.11587106757778383, "HITS@3m_new": 0.192836356356318, "HITS@10m_new": 0.31111174217340887}