{"MRRm_new": 0.09316267714203277, "MRm_new": 1514.150118599367, "HITS@1m_new": 0.04693414439377375, "HITS@3m_new": 0.09672811102839186, "HITS@10m_new": 0.18595707081425936}