{"MRRm_new": 0.09368184490513959, "MRm_new": 1585.4848183094264, "HITS@1m_new": 0.050964109405805355, "HITS@3m_new": 0.09728756524357013, "HITS@10m_new": 0.17575928080887535}