{"MRRm_new": 0.14994869294127466, "MRm_new": 7987.681681065143, "HITS@1m_new": 0.11184081851792871, "HITS@3m_new": 0.16130577206797897, "HITS@10m_new": 0.218733532887185}