{"MRRm_new": 0.13711398877220055, "MRm_new": 303.0161093041182, "HITS@1m_new": 0.08002473086698446, "HITS@3m_new": 0.14199634011094459, "HITS@10m_new": 0.24577254693692666}