{"MRRm_new": 0.09520721574614982, "MRm_new": 1709.0988204252124, "HITS@1m_new": 0.06401171360363878, "HITS@3m_new": 0.09780884662645985, "HITS@10m_new": 0.15188616219526738}