{"MRRm_new": 0.07367566372619512, "MRm_new": 2681.8918043274134, "HITS@1m_new": 0.04976349195101284, "HITS@3m_new": 0.0762361318432595, "HITS@10m_new": 0.11787385853468367}