{"MRRm_new": 0.24281913764118143, "MRm_new": 847.870342551291, "HITS@1m_new": 0.16807611108670245, "HITS@3m_new": 0.2572023666820023, "HITS@10m_new": 0.39248302616272124}