{"MRRm_new": 0.45171692439869093, "MRm_new": 102.99038620634377, "HITS@1m_new": 0.3592172829709307, "HITS@3m_new": 0.4956771037320723, "HITS@10m_new": 0.6275540807417274}