{"MRRm_new": 0.23787738942287387, "MRm_new": 5487.719682350815, "HITS@1m_new": 0.1617826675302349, "HITS@3m_new": 0.26619260318938176, "HITS@10m_new": 0.3912584229056956}