{"MRRm_new": 0.10137567328476871, "MRm_new": 1700.932300154686, "HITS@1m_new": 0.0553568668784108, "HITS@3m_new": 0.10523869866183959, "HITS@10m_new": 0.18959757214086131}