{"MRRm_new": 0.11481377276212734, "MRm_new": 453.5850811505318, "HITS@1m_new": 0.06552146242604358, "HITS@3m_new": 0.11743976718093035, "HITS@10m_new": 0.20815033621762996}