{"MRRm_new": 0.2298193771903734, "MRm_new": 4468.378631408394, "HITS@1m_new": 0.16535475468463848, "HITS@3m_new": 0.25135338787152434, "HITS@10m_new": 0.3567898111298273}