{"MRRm_new": 0.24203626816605356, "MRm_new": 838.2421166508198, "HITS@1m_new": 0.16639538779633586, "HITS@3m_new": 0.2579578953711316, "HITS@10m_new": 0.3932239876824897}