{"MRRm_new": 0.0332492097891627, "MRm_new": 3719.075499127954, "HITS@1m_new": 0.021618540868894344, "HITS@3m_new": 0.03324397157177009, "HITS@10m_new": 0.05242936730295696}