{"MRRm_new": 0.13790221822027024, "MRm_new": 8734.426347625435, "HITS@1m_new": 0.09966834633485996, "HITS@3m_new": 0.14807015042932473, "HITS@10m_new": 0.21034692485586856}