{"MRRm_new": 0.12280940392275952, "MRm_new": 376.4499005348444, "HITS@1m_new": 0.06894909825416398, "HITS@3m_new": 0.12718331314318929, "HITS@10m_new": 0.22424009409894935}