{"MRRm_new": 0.12805210808665332, "MRm_new": 8966.299713639735, "HITS@1m_new": 0.07575515345984604, "HITS@3m_new": 0.1372168418520014, "HITS@10m_new": 0.2336304746195092}