{"MRRm_new": 0.26391163310207866, "MRm_new": 800.1963734017313, "HITS@1m_new": 0.18552225463991637, "HITS@3m_new": 0.27960772236902265, "HITS@10m_new": 0.42597894958709365}