{"MRRm_new": 0.23315302485755865, "MRm_new": 847.9612692549526, "HITS@1m_new": 0.16396443554284634, "HITS@3m_new": 0.24632790838892105, "HITS@10m_new": 0.36729826649744063}