{"MRRm_new": 0.17727898510178602, "MRm_new": 1207.1637413287758, "HITS@1m_new": 0.12202118940813307, "HITS@3m_new": 0.18980459009348125, "HITS@10m_new": 0.28300170941240504}