{"MRRm_new": 0.09338281013587311, "MRm_new": 1234.5901117792278, "HITS@1m_new": 0.05685798077983418, "HITS@3m_new": 0.09723158466813765, "HITS@10m_new": 0.16096232891757972}