{"MRRm_new": 0.09590533269249045, "MRm_new": 9412.762582059086, "HITS@1m_new": 0.05497998241055757, "HITS@3m_new": 0.10073355989111588, "HITS@10m_new": 0.1790174858828541}