{"MRRm_new": 0.3240011298237805, "MRm_new": 1204.6725919058024, "HITS@1m_new": 0.20354855457530358, "HITS@3m_new": 0.3691924291672185, "HITS@10m_new": 0.5756380096250213}