{"MRRm_new": 0.3195028640929013, "MRm_new": 103.12699507284164, "HITS@1m_new": 0.20986549211939565, "HITS@3m_new": 0.36672647353219506, "HITS@10m_new": 0.5328548824487952}