{"MRRm_new": 0.087135708853295, "MRm_new": 1637.0525484367013, "HITS@1m_new": 0.05379012306925506, "HITS@3m_new": 0.08959379946592162, "HITS@10m_new": 0.1506438024289382}