{"MRRm_new": 0.17418377286376782, "MRm_new": 776.421513345766, "HITS@1m_new": 0.10684857798106968, "HITS@3m_new": 0.18615664415978828, "HITS@10m_new": 0.3142504674898926}