{"MRRm_new": 0.4692253031164746, "MRm_new": 96.76749565858394, "HITS@1m_new": 0.3783559734102746, "HITS@3m_new": 0.5134345086503308, "HITS@10m_new": 0.6379563974904886}