{"MRRm_new": 0.1464644715879811, "MRm_new": 286.2566443739176, "HITS@1m_new": 0.08092851002803654, "HITS@3m_new": 0.1560124906172161, "HITS@10m_new": 0.2758351208942011}