{"MRRm_new": 0.19154476213424368, "MRm_new": 540.9089588044286, "HITS@1m_new": 0.13132941990393374, "HITS@3m_new": 0.20469779719784856, "HITS@10m_new": 0.30834981848778986}