{"MRRm_new": 0.23872869568985788, "MRm_new": 286.98260350482167, "HITS@1m_new": 0.16458774713121965, "HITS@3m_new": 0.2567329323540907, "HITS@10m_new": 0.3840941831884556}