{"MRRm_new": 0.22093633536943888, "MRm_new": 911.8494258930608, "HITS@1m_new": 0.15913523595196238, "HITS@3m_new": 0.2392013701738142, "HITS@10m_new": 0.3411155891153903}