{"MRRm_new": 0.14619530891386676, "MRm_new": 755.484005373311, "HITS@1m_new": 0.08119844526408705, "HITS@3m_new": 0.15554784739706665, "HITS@10m_new": 0.27819410082413815}