{"MRRm_new": 0.10903380983814569, "MRm_new": 1478.2240242025614, "HITS@1m_new": 0.05567653747997247, "HITS@3m_new": 0.11322888312395663, "HITS@10m_new": 0.21629657214903272}