{"MRRm_new": 0.12140665833104286, "MRm_new": 373.6527483127832, "HITS@1m_new": 0.0689080741028476, "HITS@3m_new": 0.12353528350426932, "HITS@10m_new": 0.22171208346708446}