{"MRRm_new": 0.2834506050722375, "MRm_new": 155.72157749991118, "HITS@1m_new": 0.1913680687322194, "HITS@3m_new": 0.31355580771194946, "HITS@10m_new": 0.468162780423736}