{"MRRm_new": 0.25874886885916476, "MRm_new": 796.5365720513761, "HITS@1m_new": 0.18047825537022436, "HITS@3m_new": 0.2785557830244652, "HITS@10m_new": 0.4172592037280556}