{"MRRm_new": 0.1392737637026962, "MRm_new": 2927.711574540943, "HITS@1m_new": 0.08431591343838954, "HITS@3m_new": 0.14480962032053504, "HITS@10m_new": 0.24853906421887223}