{"MRRm_new": 0.16732773868933737, "MRm_new": 5853.586646703303, "HITS@1m_new": 0.09934894587402232, "HITS@3m_new": 0.17896785614802502, "HITS@10m_new": 0.3102260232567787}