{"MRRm_new": 0.637294387590614, "MRm_new": 48.802245528325436, "HITS@1m_new": 0.5357010234656918, "HITS@3m_new": 0.7029380785616232, "HITS@10m_new": 0.8223507228072267}