{"MRRm_new": 0.502788472287145, "MRm_new": 885.7813061515689, "HITS@1m_new": 0.3870767751095118, "HITS@3m_new": 0.5574704114084598, "HITS@10m_new": 0.7302193208253012}