{"MRRm_new": 0.04866998209295707, "MRm_new": 3475.3412293418346, "HITS@1m_new": 0.030346884272072203, "HITS@3m_new": 0.050852580088299876, "HITS@10m_new": 0.08213589913414399}