{"MRRm_new": 0.2688519260361063, "MRm_new": 160.19666512510182, "HITS@1m_new": 0.17389916788630944, "HITS@3m_new": 0.301535457446138, "HITS@10m_new": 0.4561298852278269}