{"MRRm_new": 0.0995609860015129, "MRm_new": 1645.8657077064663, "HITS@1m_new": 0.06634093534427302, "HITS@3m_new": 0.10425498834394967, "HITS@10m_new": 0.15914174949511653}