{"MRRm_new": 0.11268053193047381, "MRm_new": 327.6831528224468, "HITS@1m_new": 0.059309878623427355, "HITS@3m_new": 0.11629802564245183, "HITS@10m_new": 0.21284061435079202}