{"MRRm_new": 0.1561024614171465, "MRm_new": 2721.3475756981375, "HITS@1m_new": 0.09870112417351629, "HITS@3m_new": 0.1629788675520249, "HITS@10m_new": 0.2743378528960602}