{"MRRm_new": 0.1073004003242284, "MRm_new": 1485.9349645388604, "HITS@1m_new": 0.05586069225561805, "HITS@3m_new": 0.10931941777365282, "HITS@10m_new": 0.21207653953670524}