{"MRRm_new": 0.15733929714516126, "MRm_new": 6740.17769240725, "HITS@1m_new": 0.09108598259062274, "HITS@3m_new": 0.17167638472415275, "HITS@10m_new": 0.2959191729760496}