{"MRRm_new": 0.3137412879446501, "MRm_new": 196.71622002286463, "HITS@1m_new": 0.23004932552401441, "HITS@3m_new": 0.34066955279768446, "HITS@10m_new": 0.47997141832194756}