{"MRRm_new": 0.08753373927284847, "MRm_new": 1708.8057352436304, "HITS@1m_new": 0.041197332728700714, "HITS@3m_new": 0.09445462846434675, "HITS@10m_new": 0.17483033142252824}