{"MRRm_new": 0.1920543726903983, "MRm_new": 507.2798618073463, "HITS@1m_new": 0.11494791059345007, "HITS@3m_new": 0.2050344082020456, "HITS@10m_new": 0.34879871867210605}