{"MRRm_new": 0.09836782510669036, "MRm_new": 9303.80919995755, "HITS@1m_new": 0.05713496694283094, "HITS@3m_new": 0.10252152872132138, "HITS@10m_new": 0.1780986129718367}