{"MRRm_new": 0.12253754051680299, "MRm_new": 379.08128681054114, "HITS@1m_new": 0.0698101134336961, "HITS@3m_new": 0.12482393947810051, "HITS@10m_new": 0.2235811303382623}