{"MRRm_new": 0.07832484180857728, "MRm_new": 11200.284733182787, "HITS@1m_new": 0.0435454862624174, "HITS@3m_new": 0.08301456347177737, "HITS@10m_new": 0.14479996083443986}