{"MRRm_new": 0.22547486619423443, "MRm_new": 6063.510445554584, "HITS@1m_new": 0.1581050874229404, "HITS@3m_new": 0.24117253752914258, "HITS@10m_new": 0.36691598139610143}