{"MRRm_new": 0.17304053585853107, "MRm_new": 232.6611464883566, "HITS@1m_new": 0.10005926425668295, "HITS@3m_new": 0.1874376081793336, "HITS@10m_new": 0.31916195593066515}