{"MRRm_new": 0.1920133063538189, "MRm_new": 363.955332549715, "HITS@1m_new": 0.12782178151902043, "HITS@3m_new": 0.20757458067345433, "HITS@10m_new": 0.3180895286452025}