{"MRRm_new": 0.21503909304648186, "MRm_new": 4952.147620476871, "HITS@1m_new": 0.15774210555662285, "HITS@3m_new": 0.23507405913044932, "HITS@10m_new": 0.32124265724947326}