{"MRRm_new": 0.28615070847086915, "MRm_new": 879.4499815495237, "HITS@1m_new": 0.20535194575967033, "HITS@3m_new": 0.31488688793071196, "HITS@10m_new": 0.4446936487611674}