{"MRRm_new": 0.03084467949843747, "MRm_new": 3835.837700944871, "HITS@1m_new": 0.018983435918740726, "HITS@3m_new": 0.031136216565482756, "HITS@10m_new": 0.048990349957395665}