{"MRRm_new": 0.23801882505812, "MRm_new": 4683.922625756234, "HITS@1m_new": 0.167059360926738, "HITS@3m_new": 0.2570530357582029, "HITS@10m_new": 0.3816775980282691}