{"MRRm_new": 0.10272288797172369, "MRm_new": 434.07743818986415, "HITS@1m_new": 0.05615377345439629, "HITS@3m_new": 0.10219371805719565, "HITS@10m_new": 0.19448911437983624}