{"MRRm_new": 0.23465413985984923, "MRm_new": 5368.513815977514, "HITS@1m_new": 0.1615552628786536, "HITS@3m_new": 0.2549690308130812, "HITS@10m_new": 0.3799513009802904}