{"MRRm_new": 0.3102691918643641, "MRm_new": 594.6972482037395, "HITS@1m_new": 0.23007450207907096, "HITS@3m_new": 0.34021551136343986, "HITS@10m_new": 0.4654320047030924}