{"MRRm_new": 0.280944344545906, "MRm_new": 583.2939228878618, "HITS@1m_new": 0.19863765941909514, "HITS@3m_new": 0.3022031860476127, "HITS@10m_new": 0.445154052804457}