{"MRRm_new": 0.11536963069639314, "MRm_new": 1216.1194849496126, "HITS@1m_new": 0.0667213864963618, "HITS@3m_new": 0.12205223234947771, "HITS@10m_new": 0.21065460961116478}