{"MRRm_new": 0.16758133784467463, "MRm_new": 1187.3161478636264, "HITS@1m_new": 0.10901707726853783, "HITS@3m_new": 0.17741002384141757, "HITS@10m_new": 0.28393777755786503}