{"MRRm_new": 0.15904277842905867, "MRm_new": 7207.815630228817, "HITS@1m_new": 0.11491597160731908, "HITS@3m_new": 0.16972359582828359, "HITS@10m_new": 0.24357202215283177}