{"MRRm_new": 0.1528558778580573, "MRm_new": 1302.1307754486352, "HITS@1m_new": 0.09825411879989769, "HITS@3m_new": 0.16174329710671737, "HITS@10m_new": 0.261704513863373}