{"MRRm_new": 0.15783435932905704, "MRm_new": 863.5921786423684, "HITS@1m_new": 0.09730979943660786, "HITS@3m_new": 0.1651283347431221, "HITS@10m_new": 0.28273549579349344}