{"MRRm_new": 0.23524556532896213, "MRm_new": 5291.738619328528, "HITS@1m_new": 0.16039766630332453, "HITS@3m_new": 0.2569217787468806, "HITS@10m_new": 0.3835234783779597}