{"MRRm_new": 0.08554223012895454, "MRm_new": 1708.0710046444685, "HITS@1m_new": 0.05313069173285476, "HITS@3m_new": 0.08798178403282145, "HITS@10m_new": 0.14583436486055143}