{"MRRm_new": 0.13978741605733466, "MRm_new": 2914.4354738591314, "HITS@1m_new": 0.08495181538126781, "HITS@3m_new": 0.14291077930288157, "HITS@10m_new": 0.2510447253534221}