{"MRRm_new": 0.06991160053336935, "MRm_new": 1930.6920893027068, "HITS@1m_new": 0.033230790936201814, "HITS@3m_new": 0.072926672829967, "HITS@10m_new": 0.13964253391996026}