{"MRRm_new": 0.20064152414064393, "MRm_new": 818.716355585277, "HITS@1m_new": 0.1270563350132725, "HITS@3m_new": 0.21312804513261654, "HITS@10m_new": 0.3437643122791778}