{"MRRm_new": 0.26093657629729067, "MRm_new": 637.6692873022556, "HITS@1m_new": 0.18537907391908812, "HITS@3m_new": 0.2765695461744908, "HITS@10m_new": 0.41413654156634583}