{"MRRm_new": 0.23545858532580952, "MRm_new": 5495.747469824165, "HITS@1m_new": 0.15818197082635016, "HITS@3m_new": 0.26408227601624096, "HITS@10m_new": 0.387803884792258}