{"MRRm_new": 0.3386418297320215, "MRm_new": 106.88859010773898, "HITS@1m_new": 0.2332145564643288, "HITS@3m_new": 0.381179321799209, "HITS@10m_new": 0.5461786230877042}