{"MRRm_new": 0.12262565076409665, "MRm_new": 378.5083195106745, "HITS@1m_new": 0.06917509062664468, "HITS@3m_new": 0.12550817296933964, "HITS@10m_new": 0.22433292042164832}