{"MRRm_new": 0.24296210008993194, "MRm_new": 4869.713432907223, "HITS@1m_new": 0.1720438348472235, "HITS@3m_new": 0.26480843199481024, "HITS@10m_new": 0.3816342667815625}