{"MRRm_new": 0.18345424575307515, "MRm_new": 6913.390217187226, "HITS@1m_new": 0.12844357542594662, "HITS@3m_new": 0.19490566771582235, "HITS@10m_new": 0.2953044492337503}