{"MRRm_new": 0.19130885921837762, "MRm_new": 509.6993267883301, "HITS@1m_new": 0.11507086700751679, "HITS@3m_new": 0.20307188604681287, "HITS@10m_new": 0.3484540167753585}