{"MRRm_new": 0.23650500460559623, "MRm_new": 5276.416806894451, "HITS@1m_new": 0.161850385547732, "HITS@3m_new": 0.2606868827689905, "HITS@10m_new": 0.38557858708826825}