{"MRRm_new": 0.09234688321264548, "MRm_new": 1507.9207550777912, "HITS@1m_new": 0.05146324777579284, "HITS@3m_new": 0.09700463148740819, "HITS@10m_new": 0.1701487431603251}