{"MRRm_new": 0.07132193798850349, "MRm_new": 2047.8564921337365, "HITS@1m_new": 0.03671269935406744, "HITS@3m_new": 0.07199210636457429, "HITS@10m_new": 0.1371219194750767}