{"MRRm_new": 0.1247330761289486, "MRm_new": 1533.8503952693225, "HITS@1m_new": 0.07141662723920308, "HITS@3m_new": 0.12907690528267995, "HITS@10m_new": 0.232877020630287}