{"MRRm_new": 0.2711276223110108, "MRm_new": 915.3631434393376, "HITS@1m_new": 0.1920722835531342, "HITS@3m_new": 0.2990638573424949, "HITS@10m_new": 0.423857176696969}