{"MRRm_new": 0.25669304924619657, "MRm_new": 606.4973288991451, "HITS@1m_new": 0.17840591849182966, "HITS@3m_new": 0.27304680284799543, "HITS@10m_new": 0.4152247661096044}