{"MRRm_new": 0.2068794513027592, "MRm_new": 5759.966279892027, "HITS@1m_new": 0.14441214161773677, "HITS@3m_new": 0.22134968329541152, "HITS@10m_new": 0.3368536036759033}