{"MRRm_new": 0.17249640648683998, "MRm_new": 1406.0523947686852, "HITS@1m_new": 0.11776016426332717, "HITS@3m_new": 0.1855472679289087, "HITS@10m_new": 0.2794957172794384}