{"MRRm_new": 0.10800409690344823, "MRm_new": 1404.9886161206484, "HITS@1m_new": 0.053739609316410496, "HITS@3m_new": 0.1120555471112486, "HITS@10m_new": 0.21924875572631136}