{"MRRm_new": 0.0913765522265021, "MRm_new": 1775.4671288532168, "HITS@1m_new": 0.061508485386199026, "HITS@3m_new": 0.09373028120274103, "HITS@10m_new": 0.14585175556785543}