{"MRRm_new": 0.031017113356058872, "MRm_new": 3769.9423404643385, "HITS@1m_new": 0.01903319603417185, "HITS@3m_new": 0.030419758293541235, "HITS@10m_new": 0.04932929056573994}