{"MRRm_new": 0.06887481162167823, "MRm_new": 1979.3967619755267, "HITS@1m_new": 0.03236191958372947, "HITS@3m_new": 0.07041492032245733, "HITS@10m_new": 0.13923161973599343}