{"MRRm_new": 0.11636167296221683, "MRm_new": 1201.3888204010248, "HITS@1m_new": 0.06846096537266858, "HITS@3m_new": 0.12177439963030628, "HITS@10m_new": 0.21139623739593663}