{"MRRm_new": 0.06856209155191463, "MRm_new": 1856.7721729629516, "HITS@1m_new": 0.03579778509636526, "HITS@3m_new": 0.06928587732056621, "HITS@10m_new": 0.1306737775599817}