{"MRRm_new": 0.1640338303882836, "MRm_new": 2038.145306553334, "HITS@1m_new": 0.10153193529890268, "HITS@3m_new": 0.17072333408688428, "HITS@10m_new": 0.28454183667420874}