{"MRRm_new": 0.0986597871605336, "MRm_new": 463.3949514741898, "HITS@1m_new": 0.05338325059468043, "HITS@3m_new": 0.09708254963525105, "HITS@10m_new": 0.1871922530178912}