{"MRRm_new": 0.19744572685654566, "MRm_new": 231.1348199197054, "HITS@1m_new": 0.12379872320015566, "HITS@3m_new": 0.21162176870708355, "HITS@10m_new": 0.34644910143804736}