{"MRRm_new": 0.8913280519432323, "MRm_new": 19.641254943810065, "HITS@1m_new": 0.8558931522269061, "HITS@3m_new": 0.9177888632618646, "HITS@10m_new": 0.9481840668827268}