{"MRRm_new": 0.17722247528929483, "MRm_new": 1938.1341642888785, "HITS@1m_new": 0.11362702081142925, "HITS@3m_new": 0.18848022864217637, "HITS@10m_new": 0.30297982519096694}