{"MRRm_new": 0.14175426249942247, "MRm_new": 283.5240289588928, "HITS@1m_new": 0.07669534842213616, "HITS@3m_new": 0.1509393603022676, "HITS@10m_new": 0.27234811461847275}