{"MRRm_new": 0.08514686683199943, "MRm_new": 1901.2907495077848, "HITS@1m_new": 0.049004822163034985, "HITS@3m_new": 0.0905656236907671, "HITS@10m_new": 0.15376036938055768}