{"MRRm_new": 0.23743342608229479, "MRm_new": 823.6930466374457, "HITS@1m_new": 0.16274887440918245, "HITS@3m_new": 0.2512039383313386, "HITS@10m_new": 0.3856897256448865}