{"MRRm_new": 0.07225770019760966, "MRm_new": 2690.4674991036804, "HITS@1m_new": 0.04663144960682985, "HITS@3m_new": 0.0748694933859224, "HITS@10m_new": 0.11933835476143577}