{"MRRm_new": 0.23488784310638403, "MRm_new": 319.9251855946034, "HITS@1m_new": 0.16185469410053338, "HITS@3m_new": 0.25272629126884566, "HITS@10m_new": 0.37544342291899374}