{"MRRm_new": 0.18407818152245017, "MRm_new": 257.07018350424767, "HITS@1m_new": 0.11101475193443475, "HITS@3m_new": 0.19909115105273667, "HITS@10m_new": 0.32734091628673484}