{"MRRm_new": 0.03004108580477714, "MRm_new": 3060.276729811013, "HITS@1m_new": 0.016553904162788968, "HITS@3m_new": 0.029148078034137142, "HITS@10m_new": 0.05197786749969237}