{"MRRm_new": 0.3842841492001935, "MRm_new": 128.48415930513292, "HITS@1m_new": 0.28882253425745874, "HITS@3m_new": 0.4252321328223625, "HITS@10m_new": 0.5697547278271667}