{"MRRm_new": 0.28005876290437665, "MRm_new": 581.1546024686396, "HITS@1m_new": 0.19741562449105549, "HITS@3m_new": 0.30217060623923314, "HITS@10m_new": 0.4459774698985275}