{"MRRm_new": 0.16836276662753807, "MRm_new": 280.82670963552, "HITS@1m_new": 0.10003478450608673, "HITS@3m_new": 0.18127682582298293, "HITS@10m_new": 0.3031317392949946}