{"MRRm_new": 0.20271314519106362, "MRm_new": 197.22432879833877, "HITS@1m_new": 0.1221584025718912, "HITS@3m_new": 0.2213496915505966, "HITS@10m_new": 0.35943690716532}