{"MRRm_new": 0.2315501383373703, "MRm_new": 286.1594147681743, "HITS@1m_new": 0.15449285904719728, "HITS@3m_new": 0.2557386885261076, "HITS@10m_new": 0.38067262621942793}