{"MRRm_new": 0.0908176118838128, "MRm_new": 1962.8238269699366, "HITS@1m_new": 0.05760755861386497, "HITS@3m_new": 0.0938946576567323, "HITS@10m_new": 0.1538636072181107}