{"MRRm_new": 0.08333825528792385, "MRm_new": 1161.3084168078453, "HITS@1m_new": 0.048994288841658996, "HITS@3m_new": 0.08462641313677523, "HITS@10m_new": 0.14514913346539107}