{"MRRm_new": 0.16110607521099882, "MRm_new": 266.4815169559002, "HITS@1m_new": 0.09183469871035776, "HITS@3m_new": 0.17704213736380917, "HITS@10m_new": 0.29743412360255606}