{"MRRm_new": 0.22139545457692839, "MRm_new": 283.412234997347, "HITS@1m_new": 0.14558149737276835, "HITS@3m_new": 0.24247090302612923, "HITS@10m_new": 0.37129500501599977}