{"MRRm_new": 0.17063551497253274, "MRm_new": 6837.506028891415, "HITS@1m_new": 0.12432372003191267, "HITS@3m_new": 0.1835832854057662, "HITS@10m_new": 0.2604802804519131}