{"MRRm_new": 0.11204848560937826, "MRm_new": 454.8790556428671, "HITS@1m_new": 0.06383943909235532, "HITS@3m_new": 0.11387517708915984, "HITS@10m_new": 0.2053405795171915}