{"MRRm_new": 0.14124329512659023, "MRm_new": 782.6915781636953, "HITS@1m_new": 0.07885083526935195, "HITS@3m_new": 0.14903307628005277, "HITS@10m_new": 0.2685771819506772}