{"MRRm_new": 0.1651934982597504, "MRm_new": 2405.0187621668874, "HITS@1m_new": 0.10401699200671283, "HITS@3m_new": 0.1734476554718567, "HITS@10m_new": 0.29328680725883166}