{"MRRm_new": 0.16706290956031536, "MRm_new": 1845.613996431619, "HITS@1m_new": 0.1021067059852794, "HITS@3m_new": 0.1772083141140174, "HITS@10m_new": 0.29521898500737737}