{"MRRm_new": 0.17228543615767122, "MRm_new": 232.94892409894467, "HITS@1m_new": 0.09974120027510217, "HITS@3m_new": 0.18755684756161645, "HITS@10m_new": 0.316729418561887}