{"MRRm_new": 0.23758945897738476, "MRm_new": 5485.320922570348, "HITS@1m_new": 0.16155054882541298, "HITS@3m_new": 0.2648767923255218, "HITS@10m_new": 0.3912345301361056}