{"MRRm_new": 0.06927637830096355, "MRm_new": 1834.9676549052238, "HITS@1m_new": 0.036609302458696764, "HITS@3m_new": 0.06919346833549207, "HITS@10m_new": 0.13067951287799515}