{"MRRm_new": 0.19998470106905297, "MRm_new": 233.07754979407787, "HITS@1m_new": 0.12595506092219147, "HITS@3m_new": 0.21747214134521783, "HITS@10m_new": 0.3460257978292182}