{"MRRm_new": 0.09329413490783481, "MRm_new": 1479.094158368969, "HITS@1m_new": 0.051855157002032505, "HITS@3m_new": 0.09596336152716539, "HITS@10m_new": 0.17199756508781575}