{"MRRm_new": 0.633396121216405, "MRm_new": 55.772938086867335, "HITS@1m_new": 0.531376343438169, "HITS@3m_new": 0.6995933186067559, "HITS@10m_new": 0.8155914809691022}