{"MRRm_new": 0.1637349195857323, "MRm_new": 2022.6661407974361, "HITS@1m_new": 0.1016731555359438, "HITS@3m_new": 0.1713628167535062, "HITS@10m_new": 0.2833515463834628}