{"MRRm_new": 0.30985945783090757, "MRm_new": 186.15918622673303, "HITS@1m_new": 0.22614599293223728, "HITS@3m_new": 0.33568372325694507, "HITS@10m_new": 0.4766246425373829}