{"MRRm_new": 0.14762889760386724, "MRm_new": 2237.072899710685, "HITS@1m_new": 0.08903728132088144, "HITS@3m_new": 0.15275092821469297, "HITS@10m_new": 0.26048734651185806}