{"MRRm_new": 0.1829040245177962, "MRm_new": 1922.6879691157342, "HITS@1m_new": 0.1170136716634588, "HITS@3m_new": 0.19567450457687666, "HITS@10m_new": 0.310809607126881}