{"MRRm_new": 0.1683004749640808, "MRm_new": 260.51374793620107, "HITS@1m_new": 0.09699581343068275, "HITS@3m_new": 0.18205327332443558, "HITS@10m_new": 0.30838752580466683}