{"MRRm_new": 0.09649589549353113, "MRm_new": 1372.0477879381417, "HITS@1m_new": 0.0558487107149791, "HITS@3m_new": 0.0977409008450224, "HITS@10m_new": 0.17779541776378174}