{"MRRm_new": 0.10359949447678664, "MRm_new": 389.9535471159935, "HITS@1m_new": 0.054786725416779515, "HITS@3m_new": 0.10445080719990656, "HITS@10m_new": 0.1973765666661784}