{"MRRm_new": 0.094725712048662, "MRm_new": 1230.6501944258214, "HITS@1m_new": 0.05855256047264993, "HITS@3m_new": 0.09802479951462009, "HITS@10m_new": 0.1620436703705709}