{"MRRm_new": 0.030239884383783645, "MRm_new": 3981.909023867488, "HITS@1m_new": 0.018538533018720046, "HITS@3m_new": 0.030221477531504205, "HITS@10m_new": 0.04927652167354973}