{"MRRm_new": 0.1656917987093766, "MRm_new": 1202.2387594917566, "HITS@1m_new": 0.10814471977943321, "HITS@3m_new": 0.1763517359188736, "HITS@10m_new": 0.28070633945032025}