{"MRRm_new": 0.15629162279325193, "MRm_new": 2934.82595331949, "HITS@1m_new": 0.09948157184178126, "HITS@3m_new": 0.16503834498727518, "HITS@10m_new": 0.2678870441667823}