{"MRRm_new": 0.20783430419134857, "MRm_new": 5774.06379825306, "HITS@1m_new": 0.14639843606890646, "HITS@3m_new": 0.22225444885535398, "HITS@10m_new": 0.3366221247026115}