{"MRRm_new": 0.23702089218479613, "MRm_new": 834.9783741854503, "HITS@1m_new": 0.17289168135188449, "HITS@3m_new": 0.25652627172089704, "HITS@10m_new": 0.3587153438098612}