{"MRRm_new": 0.16680475094941538, "MRm_new": 6172.449804899812, "HITS@1m_new": 0.09833495740988292, "HITS@3m_new": 0.18126153363613412, "HITS@10m_new": 0.3090497691498604}