{"MRRm_new": 0.05447705525711626, "MRm_new": 2264.127043195516, "HITS@1m_new": 0.029879944369444276, "HITS@3m_new": 0.054774356026056924, "HITS@10m_new": 0.09841198066645301}