{"MRRm_new": 0.1597811459396653, "MRm_new": 1271.607062252909, "HITS@1m_new": 0.09360122461283754, "HITS@3m_new": 0.1759511562843545, "HITS@10m_new": 0.2936370539062191}