{"MRRm_new": 0.028297460722826146, "MRm_new": 3175.4854544699638, "HITS@1m_new": 0.015364114912823424, "HITS@3m_new": 0.027380635216944938, "HITS@10m_new": 0.04869300630189173}