{"MRRm_new": 0.1516923889866099, "MRm_new": 914.9326441295385, "HITS@1m_new": 0.09051762105646194, "HITS@3m_new": 0.16094841374278768, "HITS@10m_new": 0.27630832824204116}