{"MRRm_new": 0.2369175095733135, "MRm_new": 280.85013939964773, "HITS@1m_new": 0.15934564773447346, "HITS@3m_new": 0.2609971629647043, "HITS@10m_new": 0.3857819115243474}