{"MRRm_new": 0.49071609255704607, "MRm_new": 836.1406375586688, "HITS@1m_new": 0.3741590165757807, "HITS@3m_new": 0.5488640604976099, "HITS@10m_new": 0.7226743003763259}