{"MRRm_new": 0.0692580668686176, "MRm_new": 1833.2870892022372, "HITS@1m_new": 0.03642307324832655, "HITS@3m_new": 0.07107415351194796, "HITS@10m_new": 0.12810425950507634}