{"MRRm_new": 0.35399837752575786, "MRm_new": 1631.1667443362473, "HITS@1m_new": 0.24355989890440832, "HITS@3m_new": 0.4012280564720277, "HITS@10m_new": 0.5703626632853411}