{"MRRm_new": 0.07268962768947095, "MRm_new": 1852.115623745632, "HITS@1m_new": 0.03970905696914997, "HITS@3m_new": 0.07572494348855689, "HITS@10m_new": 0.133949731995631}