{"MRRm_new": 0.13521224511583568, "MRm_new": 323.36533996589185, "HITS@1m_new": 0.07876859156696592, "HITS@3m_new": 0.141325262031483, "HITS@10m_new": 0.2447743781910569}