{"MRRm_new": 0.13665545879784258, "MRm_new": 1195.3522725464702, "HITS@1m_new": 0.08838663989760971, "HITS@3m_new": 0.14444259841062376, "HITS@10m_new": 0.2312995597886038}