{"MRRm_new": 0.1467589373680501, "MRm_new": 746.1032360676527, "HITS@1m_new": 0.08170382479627152, "HITS@3m_new": 0.15583376931240783, "HITS@10m_new": 0.2762947564956732}