{"MRRm_new": 0.09509675542707692, "MRm_new": 9519.798305559249, "HITS@1m_new": 0.053659737920505, "HITS@3m_new": 0.09985012562305201, "HITS@10m_new": 0.17756564623408486}