{"MRRm_new": 0.08181272533086667, "MRm_new": 1161.4265174136012, "HITS@1m_new": 0.04756100835386314, "HITS@3m_new": 0.08266186968326655, "HITS@10m_new": 0.14496040336845908}