{"MRRm_new": 0.09888672782966314, "MRm_new": 459.70811865756514, "HITS@1m_new": 0.05255034538208274, "HITS@3m_new": 0.09957128606219776, "HITS@10m_new": 0.18600706619424745}