{"MRRm_new": 0.27424542913823097, "MRm_new": 161.58145501728356, "HITS@1m_new": 0.18075174152635737, "HITS@3m_new": 0.3053667559099995, "HITS@10m_new": 0.4589024798807804}