{"MRRm_new": 0.11736484641976422, "MRm_new": 309.8587673043251, "HITS@1m_new": 0.062589321144711, "HITS@3m_new": 0.12175199721045792, "HITS@10m_new": 0.2238221534386277}